# WaveFront *.obj file (generated by Autodesk ATF)

mtllib Resorte_Mateo.mtl

g Sólido1

v -29.000001 0.000000 -133.000002
v -29.000001 0.000000 -120.000000
v -29.000001 10.000000 -133.000002
v -29.000001 10.000000 -120.000000
v -28.732052 0.000000 -133.999996
v -28.732052 10.000000 -133.999996
v -28.000000 0.000000 -134.732046
v -28.000000 10.000000 -134.732046
v -27.000000 0.000000 -135.000000
v -27.000000 10.000000 -135.000000
v -25.999999 0.000000 -130.000000
v -25.999999 0.000000 -120.000000
v -25.999999 10.000000 -130.000000
v -25.999999 10.000000 -120.000000
v -25.732050 0.000000 -131.000004
v -25.732050 10.000000 -131.000004
v -25.000000 0.000000 -131.732054
v -25.000000 10.000000 -131.732054
v -24.000001 0.000000 -131.999998
v -24.000001 10.000000 -131.999998
v -16.000000 0.000000 -131.999998
v -16.000000 10.000000 -135.000000
v -16.000000 10.000000 -131.999998
v -15.234634 10.152241 -131.847763
v -15.000000 0.000000 -131.732054
v -15.000000 10.267949 -135.000000
v -15.000000 13.625000 -140.000000
v -15.000000 13.625000 -138.999996
v -15.000000 16.375000 -140.000000
v -15.000000 16.375000 -138.999996
v -14.707106 12.917893 -140.707111
v -14.707106 12.917893 -138.292894
v -14.707106 17.082107 -140.707111
v -14.707106 17.082107 -138.292894
v -14.585786 10.585786 -131.414213
v -14.382683 12.701120 -140.923882
v -14.382683 12.701120 -138.076124
v -14.382683 17.298880 -140.923882
v -14.382683 17.298880 -138.076124
v -14.267949 0.000000 -131.000004
v -14.267949 11.000000 -135.000000
v -14.152241 11.234633 -130.765362
v -14.000000 0.000000 -130.000000
v -14.000000 0.000000 7.000000
v -14.000000 11.500000 -113.999996
v -14.000000 11.500000 -110.000000
v -14.000000 11.500000 -101.999998
v -14.000000 11.500000 -98.000002
v -14.000000 11.500000 -90.000000
v -14.000000 11.500000 -86.000004
v -14.000000 11.500000 -78.000002
v -14.000000 11.500000 -74.000001
v -14.000000 11.500000 -65.999999
v -14.000000 11.500000 -61.999998
v -14.000000 11.500000 -54.000001
v -14.000000 11.500000 -50.000000
v -14.000000 12.000000 -135.000000
v -14.000000 12.000000 -130.000000
v -14.000000 12.625000 -141.000004
v -14.000000 12.625000 -138.000002
v -14.000000 17.375000 -141.000004
v -14.000000 17.375000 -138.000002
v -14.000000 18.500000 -113.999996
v -14.000000 18.500000 -110.000000
v -14.000000 18.500000 -101.999998
v -14.000000 18.500000 -98.000002
v -14.000000 18.500000 -90.000000
v -14.000000 18.500000 -86.000004
v -14.000000 18.500000 -78.000002
v -14.000000 18.500000 -74.000001
v -14.000000 18.500000 -65.999999
v -14.000000 18.500000 -61.999998
v -14.000000 18.500000 -54.000001
v -14.000000 18.500000 -50.000000
v -14.000000 30.000000 -135.000000
v -14.000000 30.000000 7.000000
v -13.771639 11.500000 -108.851948
v -13.771639 11.500000 -96.851950
v -13.771639 11.500000 -84.851952
v -13.771639 11.500000 -72.851949
v -13.771639 11.500000 -60.851951
v -13.771639 11.500000 -48.851948
v -13.771639 18.500000 -108.851948
v -13.771639 18.500000 -96.851950
v -13.771639 18.500000 -84.851952
v -13.771639 18.500000 -72.851949
v -13.771639 18.500000 -60.851951
v -13.771639 18.500000 -48.851948
v -13.732051 0.000000 8.000000
v -13.732051 30.000000 8.000000
v -13.121320 11.500000 -107.878675
v -13.121320 11.500000 -95.878677
v -13.121320 11.500000 -83.878679
v -13.121320 11.500000 -71.878681
v -13.121320 11.500000 -59.878678
v -13.121320 11.500000 -47.878680
v -13.121320 18.500000 -107.878675
v -13.121320 18.500000 -95.878677
v -13.121320 18.500000 -83.878679
v -13.121320 18.500000 -71.878681
v -13.121320 18.500000 -59.878678
v -13.121320 18.500000 -47.878680
v -13.000000 0.000000 8.732051
v -13.000000 30.000000 8.732051
v -12.148050 11.500000 -107.228365
v -12.148050 11.500000 -95.228357
v -12.148050 11.500000 -83.228359
v -12.148050 11.500000 -71.228361
v -12.148050 11.500000 -59.228363
v -12.148050 11.500000 -47.228360
v -12.148050 18.500000 -107.228365
v -12.148050 18.500000 -95.228357
v -12.148050 18.500000 -83.228359
v -12.148050 18.500000 -71.228361
v -12.148050 18.500000 -59.228363
v -12.148050 18.500000 -47.228360
v -12.000000 0.000000 9.000000
v -12.000000 30.000000 9.000000
v -11.000000 0.000000 -135.000000
v -11.000000 0.000000 3.000000
v -11.000000 11.500000 -113.999996
v -11.000000 11.500000 -106.999998
v -11.000000 11.500000 -101.999998
v -11.000000 11.500000 -95.000000
v -11.000000 11.500000 -90.000000
v -11.000000 11.500000 -83.000002
v -11.000000 11.500000 -78.000002
v -11.000000 11.500000 -70.999999
v -11.000000 11.500000 -65.999999
v -11.000000 11.500000 -59.000001
v -11.000000 11.500000 -54.000001
v -11.000000 11.500000 -46.999998
v -11.000000 18.500000 -113.999996
v -11.000000 18.500000 -106.999998
v -11.000000 18.500000 -101.999998
v -11.000000 18.500000 -95.000000
v -11.000000 18.500000 -90.000000
v -11.000000 18.500000 -83.000002
v -11.000000 18.500000 -78.000002
v -11.000000 18.500000 -70.999999
v -11.000000 18.500000 -65.999999
v -11.000000 18.500000 -59.000001
v -11.000000 18.500000 -54.000001
v -11.000000 18.500000 -46.999998
v -11.000000 30.000000 -135.000000
v -11.000000 30.000000 3.000000
v -10.732051 0.000000 4.000000
v -10.732051 30.000000 4.000000
v -10.000000 0.000000 4.732051
v -10.000000 30.000000 4.732051
v -9.000000 0.000000 -141.000004
v -9.000000 0.000000 -138.000002
v -9.000000 0.000000 -111.999998
v -9.000000 0.000000 -83.999996
v -9.000000 0.000000 -55.999999
v -9.000000 0.000000 -28.000000
v -9.000000 0.000000 5.000000
v -9.000000 12.625000 -141.000004
v -9.000000 12.625000 -138.000002
v -9.000000 17.375000 -141.000004
v -9.000000 17.375000 -138.000002
v -9.000000 30.000000 -141.000004
v -9.000000 30.000000 -138.000002
v -9.000000 30.000000 -111.999998
v -9.000000 30.000000 -83.999996
v -9.000000 30.000000 -55.999999
v -9.000000 30.000000 -28.000000
v -9.000000 30.000000 5.000000
v -8.989165 0.000000 0.441490
v -8.989165 30.000000 0.441490
v -8.781297 0.000000 -1.972008
v -8.781297 30.000000 -1.972008
v -8.693333 0.000000 -114.329367
v -8.693333 0.000000 -109.670630
v -8.693333 0.000000 -86.329374
v -8.693333 0.000000 -81.670628
v -8.693333 0.000000 -58.329372
v -8.693333 0.000000 -53.670630
v -8.693333 0.000000 -30.329370
v -8.693333 0.000000 -25.670629
v -8.693333 30.000000 -114.329367
v -8.693333 30.000000 -109.670630
v -8.693333 30.000000 -86.329374
v -8.693333 30.000000 -81.670628
v -8.693333 30.000000 -58.329372
v -8.693333 30.000000 -53.670630
v -8.693333 30.000000 -30.329370
v -8.693333 30.000000 -25.670629
v -8.545797 0.000000 2.823004
v -8.545797 30.000000 2.823004
v -7.937254 0.000000 -4.242641
v -7.937254 30.000000 -4.242641
v -7.794229 0.000000 -116.499996
v -7.794229 0.000000 -107.500000
v -7.794229 0.000000 -88.500004
v -7.794229 0.000000 -79.499998
v -7.794229 0.000000 -60.500002
v -7.794229 0.000000 -51.500001
v -7.794229 0.000000 -32.500000
v -7.794229 0.000000 -23.499999
v -7.794229 30.000000 -116.499996
v -7.794229 30.000000 -107.500000
v -7.794229 30.000000 -88.500004
v -7.794229 30.000000 -79.499998
v -7.794229 30.000000 -60.500002
v -7.794229 30.000000 -51.500001
v -7.794229 30.000000 -32.500000
v -7.794229 30.000000 -23.499999
v -7.483315 0.000000 5.000000
v -7.483315 30.000000 5.000000
v -6.518183 0.000000 -6.205908
v -6.518183 30.000000 -6.205908
v -6.363961 0.000000 -118.363962
v -6.363961 0.000000 -105.636044
v -6.363961 0.000000 -90.363960
v -6.363961 0.000000 -77.636037
v -6.363961 0.000000 -62.363963
v -6.363961 0.000000 -49.636040
v -6.363961 0.000000 -34.363961
v -6.363961 0.000000 -21.636038
v -6.363961 30.000000 -118.363962
v -6.363961 30.000000 -105.636044
v -6.363961 30.000000 -90.363960
v -6.363961 30.000000 -77.636037
v -6.363961 30.000000 -62.363963
v -6.363961 30.000000 -49.636040
v -6.363961 30.000000 -34.363961
v -6.363961 30.000000 -21.636038
v -4.924039 0.000000 -112.868242
v -4.924039 0.000000 -111.131763
v -4.924039 0.000000 -84.868240
v -4.924039 0.000000 -83.131762
v -4.924039 0.000000 -56.868243
v -4.924039 0.000000 -55.131760
v -4.924039 0.000000 -28.868241
v -4.924039 0.000000 -27.131760
v -4.924039 0.000000 -0.868241
v -4.924039 0.000000 0.868241
v -4.924039 30.000000 -112.868242
v -4.924039 30.000000 -111.131763
v -4.924039 30.000000 -84.868240
v -4.924039 30.000000 -83.131762
v -4.924039 30.000000 -56.868243
v -4.924039 30.000000 -55.131760
v -4.924039 30.000000 -28.868241
v -4.924039 30.000000 -27.131760
v -4.924039 30.000000 -0.868241
v -4.924039 30.000000 0.868241
v -4.626891 0.000000 -7.719578
v -4.626891 30.000000 -7.719578
v -4.500000 0.000000 -119.794226
v -4.500000 0.000000 -104.205770
v -4.500000 0.000000 -91.794233
v -4.500000 0.000000 -76.205773
v -4.500000 0.000000 -63.794227
v -4.500000 0.000000 -48.205771
v -4.500000 0.000000 -35.794230
v -4.500000 0.000000 -20.205772
v -4.500000 30.000000 -119.794226
v -4.500000 30.000000 -104.205770
v -4.500000 30.000000 -91.794233
v -4.500000 30.000000 -76.205773
v -4.500000 30.000000 -63.794227
v -4.500000 30.000000 -48.205771
v -4.500000 30.000000 -35.794230
v -4.500000 30.000000 -20.205772
v -4.330127 0.000000 -114.499998
v -4.330127 0.000000 -109.499998
v -4.330127 0.000000 -86.499996
v -4.330127 0.000000 -81.499996
v -4.330127 0.000000 -58.499999
v -4.330127 0.000000 -53.499999
v -4.330127 0.000000 -30.500000
v -4.330127 0.000000 -25.500000
v -4.330127 0.000000 -2.500000
v -4.330127 0.000000 2.500000
v -4.330127 30.000000 -114.499998
v -4.330127 30.000000 -109.499998
v -4.330127 30.000000 -86.499996
v -4.330127 30.000000 -81.499996
v -4.330127 30.000000 -58.499999
v -4.330127 30.000000 -53.499999
v -4.330127 30.000000 -30.500000
v -4.330127 30.000000 -25.500000
v -4.330127 30.000000 -2.500000
v -4.330127 30.000000 2.500000
v -3.539392 0.000000 -138.000002
v -3.539392 30.000000 -138.000002
v -3.213938 0.000000 -115.830221
v -3.213938 0.000000 -108.169775
v -3.213938 0.000000 -87.830219
v -3.213938 0.000000 -80.169773
v -3.213938 0.000000 -59.830222
v -3.213938 0.000000 -52.169776
v -3.213938 0.000000 -31.830223
v -3.213938 0.000000 -24.169779
v -3.213938 0.000000 -3.830222
v -3.213938 0.000000 3.830222
v -3.213938 30.000000 -115.830221
v -3.213938 30.000000 -108.169775
v -3.213938 30.000000 -87.830219
v -3.213938 30.000000 -80.169773
v -3.213938 30.000000 -59.830222
v -3.213938 30.000000 -52.169776
v -3.213938 30.000000 -31.830223
v -3.213938 30.000000 -24.169779
v -3.213938 30.000000 -3.830222
v -3.213938 30.000000 3.830222
v -2.483616 0.000000 -135.705824
v -2.483616 30.000000 -135.705824
v -2.400396 0.000000 -8.673990
v -2.400396 30.000000 -8.673990
v -2.329371 0.000000 -120.693331
v -2.329371 0.000000 -103.306665
v -2.329371 0.000000 -92.693329
v -2.329371 0.000000 -75.306668
v -2.329371 0.000000 -64.693332
v -2.329371 0.000000 -47.306666
v -2.329371 0.000000 -36.693332
v -2.329371 0.000000 -19.306668
v -2.329371 30.000000 -120.693331
v -2.329371 30.000000 -103.306665
v -2.329371 30.000000 -92.693329
v -2.329371 30.000000 -75.306668
v -2.329371 30.000000 -64.693332
v -2.329371 30.000000 -47.306666
v -2.329371 30.000000 -36.693332
v -2.329371 30.000000 -19.306668
v -1.710101 0.000000 -116.698465
v -1.710101 0.000000 -107.301540
v -1.710101 0.000000 -88.698463
v -1.710101 0.000000 -79.301538
v -1.710101 0.000000 -60.698462
v -1.710101 0.000000 -51.301537
v -1.710101 0.000000 -32.698462
v -1.710101 0.000000 -23.301537
v -1.710101 0.000000 -4.698463
v -1.710101 0.000000 4.698463
v -1.710101 30.000000 -116.698465
v -1.710101 30.000000 -107.301540
v -1.710101 30.000000 -88.698463
v -1.710101 30.000000 -79.301538
v -1.710101 30.000000 -60.698462
v -1.710101 30.000000 -51.301537
v -1.710101 30.000000 -32.698462
v -1.710101 30.000000 -23.301537
v -1.710101 30.000000 -4.698463
v -1.710101 30.000000 4.698463
v -0.886765 0.000000 -133.749313
v -0.886765 30.000000 -133.749313
v 0.000000 0.000000 -121.000004
v 0.000000 0.000000 -116.999998
v 0.000000 0.000000 -106.999998
v 0.000000 0.000000 -103.000002
v 0.000000 0.000000 -93.000002
v 0.000000 0.000000 -88.999996
v 0.000000 0.000000 -79.000001
v 0.000000 0.000000 -75.000000
v 0.000000 0.000000 -65.000000
v 0.000000 0.000000 -60.999999
v 0.000000 0.000000 -50.999999
v 0.000000 0.000000 -46.999998
v 0.000000 0.000000 -37.000000
v 0.000000 0.000000 -33.000000
v 0.000000 0.000000 -23.000000
v 0.000000 0.000000 -19.000000
v 0.000000 0.000000 -9.000000
v 0.000000 0.000000 -5.000000
v 0.000000 0.000000 5.000000
v 0.000000 30.000000 -121.000004
v 0.000000 30.000000 -116.999998
v 0.000000 30.000000 -106.999998
v 0.000000 30.000000 -103.000002
v 0.000000 30.000000 -93.000002
v 0.000000 30.000000 -88.999996
v 0.000000 30.000000 -79.000001
v 0.000000 30.000000 -75.000000
v 0.000000 30.000000 -65.000000
v 0.000000 30.000000 -60.999999
v 0.000000 30.000000 -50.999999
v 0.000000 30.000000 -46.999998
v 0.000000 30.000000 -37.000000
v 0.000000 30.000000 -33.000000
v 0.000000 30.000000 -23.000000
v 0.000000 30.000000 -19.000000
v 0.000000 30.000000 -9.000000
v 0.000000 30.000000 -5.000000
v 0.000000 30.000000 5.000000
v 1.149316 0.000000 -132.255239
v 1.149316 30.000000 -132.255239
v 3.494768 0.000000 -131.318893
v 3.494768 30.000000 -131.318893
v 6.000000 0.000000 -131.000004
v 6.000000 30.000000 -131.000004
v 14.000001 0.000000 -135.000000
v 14.000001 0.000000 -131.000004
v 14.000000 0.000000 -121.000004
v 14.000000 0.000000 -116.999998
v 14.000000 0.000000 -106.999998
v 14.000000 0.000000 -103.000002
v 14.000000 0.000000 -93.000002
v 14.000000 0.000000 -88.999996
v 14.000001 0.000000 -79.000001
v 14.000001 0.000000 -75.000000
v 14.000000 0.000000 -65.000000
v 14.000000 0.000000 -60.999999
v 14.000001 0.000000 -50.999999
v 14.000001 0.000000 -46.999998
v 14.000000 0.000000 -37.000000
v 14.000000 0.000000 -33.000000
v 14.000001 0.000000 -23.000000
v 14.000001 0.000000 -19.000000
v 14.000000 0.000000 -9.000000
v 14.000000 0.000000 -5.000000
v 14.000001 30.000000 -135.000000
v 14.000001 30.000000 -131.000004
v 14.000000 30.000000 -121.000004
v 14.000000 30.000000 -116.999998
v 14.000000 30.000000 -106.999998
v 14.000000 30.000000 -103.000002
v 14.000000 30.000000 -93.000002
v 14.000000 30.000000 -88.999996
v 14.000001 30.000000 -79.000001
v 14.000001 30.000000 -75.000000
v 14.000000 30.000000 -65.000000
v 14.000000 30.000000 -60.999999
v 14.000001 30.000000 -50.999999
v 14.000001 30.000000 -46.999998
v 14.000000 30.000000 -37.000000
v 14.000000 30.000000 -33.000000
v 14.000001 30.000000 -23.000000
v 14.000001 30.000000 -19.000000
v 14.000000 30.000000 -9.000000
v 14.000000 30.000000 -5.000000
v 14.555622 0.000000 -134.982834
v 14.555622 30.000000 -134.982834
v 14.556683 0.000000 -138.000002
v 14.556683 0.000000 -135.000000
v 14.556683 30.000000 -138.000002
v 14.556683 30.000000 -135.000000
v 15.710101 0.000000 -130.698462
v 15.710101 0.000000 -121.301537
v 15.710101 0.000000 -102.698460
v 15.710101 0.000000 -93.301535
v 15.710101 0.000000 -74.698462
v 15.710101 0.000000 -65.301538
v 15.710101 0.000000 -46.698465
v 15.710101 0.000000 -37.301536
v 15.710101 0.000000 -18.698463
v 15.710101 0.000000 -9.301537
v 15.710101 30.000000 -130.698462
v 15.710101 30.000000 -121.301537
v 15.710101 30.000000 -102.698460
v 15.710101 30.000000 -93.301535
v 15.710101 30.000000 -74.698462
v 15.710101 30.000000 -65.301538
v 15.710101 30.000000 -46.698465
v 15.710101 30.000000 -37.301536
v 15.710101 30.000000 -18.698463
v 15.710101 30.000000 -9.301537
v 15.721719 0.000000 -117.166224
v 15.721719 30.000000 -117.166224
v 16.263795 0.000000 -134.710636
v 16.263795 30.000000 -134.710636
v 16.329372 0.000000 -106.693335
v 16.329372 0.000000 -89.306669
v 16.329372 0.000000 -78.693333
v 16.329372 0.000000 -61.306667
v 16.329372 0.000000 -50.693331
v 16.329372 0.000000 -33.306668
v 16.329372 0.000000 -22.693331
v 16.329372 0.000000 -5.306668
v 16.329372 30.000000 -106.693335
v 16.329372 30.000000 -89.306669
v 16.329372 30.000000 -78.693333
v 16.329372 30.000000 -61.306667
v 16.329372 30.000000 -50.693331
v 16.329372 30.000000 -33.306668
v 16.329372 30.000000 -22.693331
v 16.329372 30.000000 -5.306668
v 17.213938 0.000000 -129.830217
v 17.213938 0.000000 -122.169781
v 17.213938 0.000000 -101.830225
v 17.213938 0.000000 -94.169779
v 17.213938 0.000000 -73.830223
v 17.213938 0.000000 -66.169777
v 17.213938 0.000000 -45.830221
v 17.213938 0.000000 -38.169777
v 17.213938 0.000000 -17.830222
v 17.213938 0.000000 -10.169778
v 17.213938 30.000000 -129.830217
v 17.213938 30.000000 -122.169781
v 17.213938 30.000000 -101.830225
v 17.213938 30.000000 -94.169779
v 17.213938 30.000000 -73.830223
v 17.213938 30.000000 -66.169777
v 17.213938 30.000000 -45.830221
v 17.213938 30.000000 -38.169777
v 17.213938 30.000000 -17.830222
v 17.213938 30.000000 -10.169778
v 17.379842 0.000000 -117.658739
v 17.379842 30.000000 -117.658739
v 17.888349 0.000000 -134.116697
v 17.888349 30.000000 -134.116697
v 18.330127 0.000000 -128.500004
v 18.330127 0.000000 -123.500004
v 18.330127 0.000000 -100.500002
v 18.330127 0.000000 -95.500002
v 18.330127 0.000000 -72.500000
v 18.330127 0.000000 -67.500000
v 18.330127 0.000000 -44.499998
v 18.330127 0.000000 -39.500000
v 18.330127 0.000000 -16.500000
v 18.330127 0.000000 -11.500000
v 18.330127 30.000000 -128.500004
v 18.330127 30.000000 -123.500004
v 18.330127 30.000000 -100.500002
v 18.330127 30.000000 -95.500002
v 18.330127 30.000000 -72.500000
v 18.330127 30.000000 -67.500000
v 18.330127 30.000000 -44.499998
v 18.330127 30.000000 -39.500000
v 18.330127 30.000000 -16.500000
v 18.330127 30.000000 -11.500000
v 18.500000 0.000000 -105.794230
v 18.500000 0.000000 -90.205774
v 18.500000 0.000000 -77.794228
v 18.500000 0.000000 -62.205772
v 18.500000 0.000000 -49.794230
v 18.500000 0.000000 -34.205770
v 18.500000 0.000000 -21.794229
v 18.500000 0.000000 -6.205771
v 18.500000 30.000000 -105.794230
v 18.500000 30.000000 -90.205774
v 18.500000 30.000000 -77.794228
v 18.500000 30.000000 -62.205772
v 18.500000 30.000000 -49.794230
v 18.500000 30.000000 -34.205770
v 18.500000 30.000000 -21.794229
v 18.500000 30.000000 -6.205771
v 18.913122 0.000000 -118.459358
v 18.913122 30.000000 -118.459358
v 18.924040 0.000000 -126.868238
v 18.924040 0.000000 -125.131760
v 18.924040 0.000000 -98.868237
v 18.924040 0.000000 -97.131758
v 18.924040 0.000000 -70.868239
v 18.924040 0.000000 -69.131761
v 18.924040 0.000000 -42.868242
v 18.924040 0.000000 -41.131759
v 18.924040 0.000000 -14.868240
v 18.924040 0.000000 -13.131759
v 18.924040 30.000000 -126.868238
v 18.924040 30.000000 -125.131760
v 18.924040 30.000000 -98.868237
v 18.924040 30.000000 -97.131758
v 18.924040 30.000000 -70.868239
v 18.924040 30.000000 -69.131761
v 18.924040 30.000000 -42.868242
v 18.924040 30.000000 -41.131759
v 18.924040 30.000000 -14.868240
v 18.924040 30.000000 -13.131759
v 19.369278 0.000000 -133.222942
v 19.369278 30.000000 -133.222942
v 20.264924 0.000000 -119.538517
v 20.264924 30.000000 -119.538517
v 20.363960 0.000000 -104.363956
v 20.363960 0.000000 -91.636038
v 20.363963 0.000000 -76.363959
v 20.363960 0.000000 -63.636041
v 20.363963 0.000000 -48.363962
v 20.363960 0.000000 -35.636039
v 20.363963 0.000000 -20.363960
v 20.363960 0.000000 -7.636039
v 20.363960 30.000000 -104.363956
v 20.363960 30.000000 -91.636038
v 20.363963 30.000000 -76.363959
v 20.363960 30.000000 -63.636041
v 20.363963 30.000000 -48.363962
v 20.363960 30.000000 -35.636039
v 20.363963 30.000000 -20.363960
v 20.363960 30.000000 -7.636039
v 20.651877 0.000000 -132.062387
v 20.651877 30.000000 -132.062387
v 21.385312 0.000000 -120.856342
v 21.385312 30.000000 -120.856342
v 21.688774 0.000000 -130.677900
v 21.688774 30.000000 -130.677900
v 21.794229 0.000000 -102.500000
v 21.794229 0.000000 -93.500004
v 21.794229 0.000000 -74.499998
v 21.794229 0.000000 -65.500002
v 21.794229 0.000000 -46.500001
v 21.794229 0.000000 -37.500000
v 21.794229 0.000000 -18.500000
v 21.794229 0.000000 -9.500000
v 21.794229 30.000000 -102.500000
v 21.794229 30.000000 -93.500004
v 21.794229 30.000000 -74.499998
v 21.794229 30.000000 -65.500002
v 21.794229 30.000000 -46.500001
v 21.794229 30.000000 -37.500000
v 21.794229 30.000000 -18.500000
v 21.794229 30.000000 -9.500000
v 22.232907 0.000000 -122.364168
v 22.232907 30.000000 -122.364168
v 22.441664 0.000000 -129.120626
v 22.441664 30.000000 -129.120626
v 22.693334 0.000000 -100.329370
v 22.693334 0.000000 -95.670624
v 22.693334 0.000000 -72.329373
v 22.693334 0.000000 -67.670627
v 22.693334 0.000000 -44.329371
v 22.693334 0.000000 -39.670627
v 22.693334 0.000000 -16.329371
v 22.693334 0.000000 -11.670629
v 22.693334 30.000000 -100.329370
v 22.693334 30.000000 -95.670624
v 22.693334 30.000000 -72.329373
v 22.693334 30.000000 -67.670627
v 22.693334 30.000000 -44.329371
v 22.693334 30.000000 -39.670627
v 22.693334 30.000000 -16.329371
v 22.693334 30.000000 -11.670629
v 22.776396 0.000000 -124.006290
v 22.776396 30.000000 -124.006290
v 22.882738 0.000000 -127.448092
v 22.882738 30.000000 -127.448092
v 22.995708 0.000000 -125.722055
v 22.995708 30.000000 -125.722055
v 23.000000 0.000000 -141.000004
v 23.000000 0.000000 -138.000002
v 23.000000 0.000000 -98.000002
v 23.000000 0.000000 -70.000000
v 23.000000 0.000000 -41.999998
v 23.000000 0.000000 -14.000000
v 23.000000 0.000000 5.000000
v 23.000000 12.625000 -141.000004
v 23.000000 12.625000 -138.000002
v 23.000000 17.375000 -141.000004
v 23.000000 17.375000 -138.000002
v 23.000000 30.000000 -141.000004
v 23.000000 30.000000 -138.000002
v 23.000000 30.000000 -98.000002
v 23.000000 30.000000 -70.000000
v 23.000000 30.000000 -41.999998
v 23.000000 30.000000 -14.000000
v 23.000000 30.000000 5.000000
v 24.000001 0.000000 4.732051
v 24.000001 30.000000 4.732051
v 24.732051 0.000000 4.000000
v 24.732051 30.000000 4.000000
v 25.000000 0.000000 -135.000000
v 25.000000 0.000000 3.000000
v 25.000000 11.500000 -113.999996
v 25.000000 11.500000 -106.999998
v 25.000000 11.500000 -101.999998
v 25.000000 11.500000 -95.000000
v 25.000000 11.500000 -90.000000
v 25.000000 11.500000 -83.000002
v 25.000000 11.500000 -78.000002
v 25.000000 11.500000 -70.999999
v 25.000000 11.500000 -65.999999
v 25.000000 11.500000 -59.000001
v 25.000000 11.500000 -54.000001
v 25.000000 11.500000 -46.999998
v 25.000000 18.500000 -113.999996
v 25.000000 18.500000 -106.999998
v 25.000000 18.500000 -101.999998
v 25.000000 18.500000 -95.000000
v 25.000000 18.500000 -90.000000
v 25.000000 18.500000 -83.000002
v 25.000000 18.500000 -78.000002
v 25.000000 18.500000 -70.999999
v 25.000000 18.500000 -65.999999
v 25.000000 18.500000 -59.000001
v 25.000000 18.500000 -54.000001
v 25.000000 18.500000 -46.999998
v 25.000000 30.000000 -135.000000
v 25.000000 30.000000 3.000000
v 26.000001 0.000000 9.000000
v 26.000001 30.000000 9.000000
v 26.148050 11.500000 -107.228365
v 26.148050 11.500000 -95.228357
v 26.148050 11.500000 -83.228359
v 26.148050 11.500000 -71.228361
v 26.148050 11.500000 -59.228363
v 26.148050 11.500000 -47.228360
v 26.148050 18.500000 -107.228365
v 26.148050 18.500000 -95.228357
v 26.148050 18.500000 -83.228359
v 26.148050 18.500000 -71.228361
v 26.148050 18.500000 -59.228363
v 26.148050 18.500000 -47.228360
v 27.000000 0.000000 8.732051
v 27.000000 30.000000 8.732051
v 27.121320 11.500000 -107.878675
v 27.121320 11.500000 -95.878677
v 27.121320 11.500000 -83.878679
v 27.121320 11.500000 -71.878681
v 27.121320 11.500000 -59.878678
v 27.121320 11.500000 -47.878680
v 27.121320 18.500000 -107.878675
v 27.121320 18.500000 -95.878677
v 27.121320 18.500000 -83.878679
v 27.121320 18.500000 -71.878681
v 27.121320 18.500000 -59.878678
v 27.121320 18.500000 -47.878680
v 27.732050 0.000000 8.000000
v 27.732050 30.000000 8.000000
v 27.771640 11.500000 -108.851948
v 27.771640 11.500000 -96.851950
v 27.771640 11.500000 -84.851952
v 27.771640 11.500000 -72.851949
v 27.771640 11.500000 -60.851951
v 27.771640 11.500000 -48.851948
v 27.771640 18.500000 -108.851948
v 27.771640 18.500000 -96.851950
v 27.771640 18.500000 -84.851952
v 27.771640 18.500000 -72.851949
v 27.771640 18.500000 -60.851951
v 27.771640 18.500000 -48.851948
v 28.000000 0.000000 -130.000000
v 28.000000 0.000000 7.000000
v 28.000000 11.500000 -113.999996
v 28.000000 11.500000 -110.000000
v 28.000000 11.500000 -101.999998
v 28.000000 11.500000 -98.000002
v 28.000000 11.500000 -90.000000
v 28.000000 11.500000 -86.000004
v 28.000000 11.500000 -78.000002
v 28.000000 11.500000 -74.000001
v 28.000000 11.500000 -65.999999
v 28.000000 11.500000 -61.999998
v 28.000000 11.500000 -54.000001
v 28.000000 11.500000 -50.000000
v 28.000000 12.000000 -135.000000
v 28.000000 12.000000 -130.000000
v 28.000000 12.625000 -141.000004
v 28.000000 12.625000 -138.000002
v 28.000000 17.375000 -141.000004
v 28.000000 17.375000 -138.000002
v 28.000000 18.500000 -113.999996
v 28.000000 18.500000 -110.000000
v 28.000000 18.500000 -101.999998
v 28.000000 18.500000 -98.000002
v 28.000000 18.500000 -90.000000
v 28.000000 18.500000 -86.000004
v 28.000000 18.500000 -78.000002
v 28.000000 18.500000 -74.000001
v 28.000000 18.500000 -65.999999
v 28.000000 18.500000 -61.999998
v 28.000000 18.500000 -54.000001
v 28.000000 18.500000 -50.000000
v 28.000000 30.000000 -135.000000
v 28.000000 30.000000 7.000000
v 28.152242 11.234633 -130.765362
v 28.267949 0.000000 -131.000004
v 28.267949 11.000000 -135.000000
v 28.382683 12.701120 -140.923882
v 28.382683 12.701120 -138.076124
v 28.382683 17.298880 -140.923882
v 28.382683 17.298880 -138.076124
v 28.585787 10.585786 -131.414213
v 28.707106 12.917893 -140.707111
v 28.707106 12.917893 -138.292894
v 28.707106 17.082107 -140.707111
v 28.707106 17.082107 -138.292894
v 29.000001 0.000000 -131.732054
v 29.000001 10.267949 -135.000000
v 29.000001 13.625000 -140.000000
v 29.000001 13.625000 -138.999996
v 29.000001 16.375000 -140.000000
v 29.000001 16.375000 -138.999996
v 29.234633 10.152241 -131.847763
v 30.000000 0.000000 -131.999998
v 30.000000 10.000000 -135.000000
v 30.000000 10.000000 -131.999998
v 38.000000 0.000000 -131.999998
v 38.000000 10.000000 -131.999998
v 39.000001 0.000000 -131.732054
v 39.000001 10.000000 -131.732054
v 39.732051 0.000000 -131.000004
v 39.732051 10.000000 -131.000004
v 40.000000 0.000000 -130.000000
v 40.000000 0.000000 -120.000000
v 40.000000 10.000000 -130.000000
v 40.000000 10.000000 -120.000000
v 40.999999 0.000000 -135.000000
v 40.999999 10.000000 -135.000000
v 41.999998 0.000000 -134.732046
v 41.999998 10.000000 -134.732046
v 42.732053 0.000000 -133.999996
v 42.732053 10.000000 -133.999996
v 43.000002 0.000000 -133.000002
v 43.000002 0.000000 -120.000000
v 43.000002 10.000000 -133.000002
v 43.000002 10.000000 -120.000000
vt -3.000000 0.157080 0.000000
vt -3.000000 0.052360 0.000000
vt -3.000000 -0.052360 0.000000
vt -3.000000 -0.157080 0.000000
vt -0.000000 -0.157080 0.000000
vt -0.000000 -0.052360 0.000000
vt -0.000000 0.052360 0.000000
vt -0.000000 0.157080 0.000000
vt 0.200000 3.000000 0.000000
vt 0.200000 0.000000 0.000000
vt 4.000000 0.000000 0.000000
vt 4.000000 3.000000 0.000000
vt -7.500000 -1.900000 0.000000
vt -7.473205 -2.000000 0.000000
vt -7.400000 -2.073205 0.000000
vt -7.300000 -2.100000 0.000000
vt 6.400000 -2.100000 0.000000
vt 6.500000 -2.126795 0.000000
vt 6.573205 -2.200000 0.000000
vt 6.600000 -2.300000 0.000000
vt 6.600000 -3.100000 0.000000
vt 6.573205 -3.200000 0.000000
vt 6.500000 -3.273205 0.000000
vt 6.400000 -3.300000 0.000000
vt 5.400000 -3.300000 0.000000
vt 5.400000 -3.600000 0.000000
vt 6.700000 -3.600000 0.000000
vt 6.800000 -3.573205 0.000000
vt 6.873205 -3.500000 0.000000
vt 6.900000 -3.400000 0.000000
vt 6.900000 -1.800000 0.000000
vt -6.900000 -1.800000 0.000000
vt -7.000000 -1.773205 0.000000
vt -7.073205 -1.700000 0.000000
vt -7.100000 -1.600000 0.000000
vt -7.100000 -1.448331 0.000000
vt -6.882300 -1.554580 0.000000
vt -6.644149 -1.598917 0.000000
vt -6.402799 -1.578130 0.000000
vt -6.175736 -1.493725 0.000000
vt -5.979409 -1.351818 0.000000
vt -5.828042 -1.162689 0.000000
vt -5.732601 -0.940040 0.000000
vt -5.700000 -0.700000 0.000000
vt -5.700000 0.700000 0.000000
vt -5.669847 0.871010 0.000000
vt -5.583022 1.021394 0.000000
vt -5.450000 1.133013 0.000000
vt -5.286824 1.192404 0.000000
vt -5.113176 1.192404 0.000000
vt -4.950000 1.133013 0.000000
vt -4.816978 1.021394 0.000000
vt -4.730154 0.871010 0.000000
vt -4.700000 0.700000 0.000000
vt -4.700000 -0.700000 0.000000
vt -4.669333 -0.932937 0.000000
vt -4.579423 -1.150000 0.000000
vt -4.436396 -1.336396 0.000000
vt -4.250000 -1.479423 0.000000
vt -4.032937 -1.569333 0.000000
vt -3.800000 -1.600000 0.000000
vt -3.567063 -1.569333 0.000000
vt -3.350000 -1.479423 0.000000
vt -3.163604 -1.336396 0.000000
vt -3.020577 -1.150000 0.000000
vt -2.930667 -0.932937 0.000000
vt -2.900000 -0.700000 0.000000
vt -2.900000 0.700000 0.000000
vt -2.869846 0.871010 0.000000
vt -2.783022 1.021394 0.000000
vt -2.650000 1.133013 0.000000
vt -2.486824 1.192404 0.000000
vt -2.313176 1.192404 0.000000
vt -2.150000 1.133013 0.000000
vt -2.016978 1.021394 0.000000
vt -1.930154 0.871010 0.000000
vt -1.900000 0.700000 0.000000
vt -1.900000 -0.700000 0.000000
vt -1.869333 -0.932937 0.000000
vt -1.779423 -1.150000 0.000000
vt -1.636396 -1.336396 0.000000
vt -1.450000 -1.479423 0.000000
vt -1.232937 -1.569333 0.000000
vt -1.000000 -1.600000 0.000000
vt -0.767063 -1.569333 0.000000
vt -0.550000 -1.479423 0.000000
vt -0.363604 -1.336396 0.000000
vt -0.220577 -1.150000 0.000000
vt -0.130667 -0.932937 0.000000
vt -0.100000 -0.700000 0.000000
vt -0.100000 0.700000 0.000000
vt -0.069846 0.871010 0.000000
vt 0.016978 1.021394 0.000000
vt 0.150000 1.133013 0.000000
vt 0.313176 1.192404 0.000000
vt 0.486824 1.192404 0.000000
vt 0.650000 1.133013 0.000000
vt 0.783022 1.021394 0.000000
vt 0.869846 0.871010 0.000000
vt 0.900000 0.700000 0.000000
vt 0.900000 -0.700000 0.000000
vt 0.930667 -0.932937 0.000000
vt 1.020577 -1.150000 0.000000
vt 1.163604 -1.336396 0.000000
vt 1.350000 -1.479423 0.000000
vt 1.567063 -1.569333 0.000000
vt 1.800000 -1.600000 0.000000
vt 2.032937 -1.569333 0.000000
vt 2.250000 -1.479423 0.000000
vt 2.436396 -1.336396 0.000000
vt 2.579423 -1.150000 0.000000
vt 2.669333 -0.932937 0.000000
vt 2.700000 -0.700000 0.000000
vt 2.700000 0.700000 0.000000
vt 2.730154 0.871010 0.000000
vt 2.816978 1.021394 0.000000
vt 2.950000 1.133013 0.000000
vt 3.113176 1.192404 0.000000
vt 3.286824 1.192404 0.000000
vt 3.450000 1.133013 0.000000
vt 3.583022 1.021394 0.000000
vt 3.669846 0.871010 0.000000
vt 3.700000 0.700000 0.000000
vt 3.700000 -0.700000 0.000000
vt 3.730667 -0.932937 0.000000
vt 3.820577 -1.150000 0.000000
vt 3.963604 -1.336396 0.000000
vt 4.150000 -1.479423 0.000000
vt 4.367063 -1.569333 0.000000
vt 4.600000 -1.600000 0.000000
vt 4.832937 -1.569333 0.000000
vt 5.050000 -1.479423 0.000000
vt 5.236396 -1.336396 0.000000
vt 5.379423 -1.150000 0.000000
vt 5.469333 -0.932937 0.000000
vt 5.500000 -0.700000 0.000000
vt 5.500000 0.700000 0.000000
vt 5.530154 0.871010 0.000000
vt 5.616978 1.021394 0.000000
vt 5.750000 1.133013 0.000000
vt 5.913176 1.192404 0.000000
vt 6.086824 1.192404 0.000000
vt 6.250000 1.133013 0.000000
vt 6.383022 1.021394 0.000000
vt 6.469846 0.871010 0.000000
vt 6.500000 0.700000 0.000000
vt 6.500000 -0.100000 0.000000
vt 6.531889 -0.350523 0.000000
vt 6.625524 -0.585068 0.000000
vt 6.774931 -0.788677 0.000000
vt 6.970583 -0.948362 0.000000
vt 7.200000 -1.053939 0.000000
vt 7.200000 -1.600000 0.000000
vt 7.500000 -1.600000 0.000000
vt 7.500000 1.600000 0.000000
vt 7.200000 1.600000 0.000000
vt 7.200000 0.755668 0.000000
vt 6.900000 0.755668 0.000000
vt 6.900000 0.700000 0.000000
vt 6.898283 0.755562 0.000000
vt 6.871064 0.926380 0.000000
vt 6.811669 1.088835 0.000000
vt 6.722294 1.236928 0.000000
vt 6.606239 1.365188 0.000000
vt 6.467791 1.468877 0.000000
vt 6.312063 1.544166 0.000000
vt 6.144809 1.588274 0.000000
vt 5.972206 1.599571 0.000000
vt 5.800629 1.577640 0.000000
vt 5.636417 1.523291 0.000000
vt 5.485635 1.438531 0.000000
vt 5.353852 1.326492 0.000000
vt 5.245936 1.191312 0.000000
vt 5.165874 1.037984 0.000000
vt 5.116622 0.872172 0.000000
vt 5.100000 0.700000 0.000000
vt 5.100000 -0.700000 0.000000
vt 5.069846 -0.871010 0.000000
vt 4.983022 -1.021394 0.000000
vt 4.850000 -1.133013 0.000000
vt 4.686824 -1.192404 0.000000
vt 4.513176 -1.192404 0.000000
vt 4.350000 -1.133013 0.000000
vt 4.216978 -1.021394 0.000000
vt 4.130154 -0.871010 0.000000
vt 4.100000 -0.700000 0.000000
vt 4.100000 0.700000 0.000000
vt 4.069333 0.932937 0.000000
vt 3.979423 1.150000 0.000000
vt 3.836396 1.336396 0.000000
vt 3.650000 1.479423 0.000000
vt 3.432937 1.569333 0.000000
vt 3.200000 1.600000 0.000000
vt 2.967063 1.569333 0.000000
vt 2.750000 1.479423 0.000000
vt 2.563604 1.336396 0.000000
vt 2.420577 1.150000 0.000000
vt 2.330667 0.932937 0.000000
vt 2.300000 0.700000 0.000000
vt 2.300000 -0.700000 0.000000
vt 2.269846 -0.871010 0.000000
vt 2.183022 -1.021394 0.000000
vt 2.050000 -1.133013 0.000000
vt 1.886824 -1.192404 0.000000
vt 1.713176 -1.192404 0.000000
vt 1.550000 -1.133013 0.000000
vt 1.416978 -1.021394 0.000000
vt 1.330154 -0.871010 0.000000
vt 1.300000 -0.700000 0.000000
vt 1.300000 0.700000 0.000000
vt 1.269333 0.932937 0.000000
vt 1.179423 1.150000 0.000000
vt 1.036396 1.336396 0.000000
vt 0.850000 1.479423 0.000000
vt 0.632937 1.569333 0.000000
vt 0.400000 1.600000 0.000000
vt 0.167063 1.569333 0.000000
vt -0.050000 1.479423 0.000000
vt -0.236396 1.336396 0.000000
vt -0.379423 1.150000 0.000000
vt -0.469333 0.932937 0.000000
vt -0.500000 0.700000 0.000000
vt -0.500000 -0.700000 0.000000
vt -0.530154 -0.871010 0.000000
vt -0.616978 -1.021394 0.000000
vt -0.750000 -1.133013 0.000000
vt -0.913176 -1.192404 0.000000
vt -1.086824 -1.192404 0.000000
vt -1.250000 -1.133013 0.000000
vt -1.383022 -1.021394 0.000000
vt -1.469846 -0.871010 0.000000
vt -1.500000 -0.700000 0.000000
vt -1.500000 0.700000 0.000000
vt -1.530667 0.932937 0.000000
vt -1.620577 1.150000 0.000000
vt -1.763604 1.336396 0.000000
vt -1.950000 1.479423 0.000000
vt -2.167063 1.569333 0.000000
vt -2.400000 1.600000 0.000000
vt -2.632937 1.569333 0.000000
vt -2.850000 1.479423 0.000000
vt -3.036396 1.336396 0.000000
vt -3.179423 1.150000 0.000000
vt -3.269333 0.932937 0.000000
vt -3.300000 0.700000 0.000000
vt -3.300000 -0.700000 0.000000
vt -3.330154 -0.871010 0.000000
vt -3.416978 -1.021394 0.000000
vt -3.550000 -1.133013 0.000000
vt -3.713176 -1.192404 0.000000
vt -3.886824 -1.192404 0.000000
vt -4.050000 -1.133013 0.000000
vt -4.183022 -1.021394 0.000000
vt -4.269846 -0.871010 0.000000
vt -4.300000 -0.700000 0.000000
vt -4.300000 0.700000 0.000000
vt -4.330667 0.932937 0.000000
vt -4.420577 1.150000 0.000000
vt -4.563604 1.336396 0.000000
vt -4.750000 1.479423 0.000000
vt -4.967063 1.569333 0.000000
vt -5.200000 1.600000 0.000000
vt -5.432937 1.569333 0.000000
vt -5.650000 1.479423 0.000000
vt -5.836396 1.336396 0.000000
vt -5.979423 1.150000 0.000000
vt -6.069333 0.932937 0.000000
vt -6.100000 0.700000 0.000000
vt -6.100000 -0.700000 0.000000
vt -6.130154 -0.871010 0.000000
vt -6.216978 -1.021394 0.000000
vt -6.350000 -1.133013 0.000000
vt -6.513176 -1.192404 0.000000
vt -6.686824 -1.192404 0.000000
vt -6.850000 -1.133013 0.000000
vt -6.983022 -1.021394 0.000000
vt -7.069846 -0.871010 0.000000
vt -7.100000 -0.700000 0.000000
vt -7.100000 1.600000 0.000000
vt -7.073205 1.700000 0.000000
vt -7.000000 1.773205 0.000000
vt -6.900000 1.800000 0.000000
vt 6.900000 1.800000 0.000000
vt 6.900000 3.400000 0.000000
vt 6.873205 3.500000 0.000000
vt 6.800000 3.573205 0.000000
vt 6.700000 3.600000 0.000000
vt 5.400000 3.600000 0.000000
vt 5.400000 3.300000 0.000000
vt 6.400000 3.300000 0.000000
vt 6.500000 3.273205 0.000000
vt 6.573205 3.200000 0.000000
vt 6.600000 3.100000 0.000000
vt 6.600000 2.300000 0.000000
vt 6.573205 2.200000 0.000000
vt 6.500000 2.126795 0.000000
vt 6.400000 2.100000 0.000000
vt -7.300000 2.100000 0.000000
vt -7.400000 2.073205 0.000000
vt -7.473205 2.000000 0.000000
vt -7.500000 1.900000 0.000000
vt -3.000000 0.157080 0.000000
vt -3.000000 0.052360 0.000000
vt -3.000000 -0.052360 0.000000
vt -3.000000 -0.157080 0.000000
vt -0.000000 -0.157080 0.000000
vt -0.000000 -0.052360 0.000000
vt -0.000000 0.052360 0.000000
vt -0.000000 0.157080 0.000000
vt -0.075000 -0.157080 0.000000
vt -0.059776 -0.078540 0.000000
vt -0.016421 0.000000 0.000000
vt 0.048463 0.078540 0.000000
vt 0.125000 0.157080 0.000000
vt -0.375000 0.157080 0.000000
vt -0.375000 0.052360 0.000000
vt -0.375000 -0.052360 0.000000
vt -0.375000 -0.157080 0.000000
vt 14.200000 0.000000 0.000000
vt 14.200000 3.000000 0.000000
vt 0.000000 3.000000 0.000000
vt 0.000000 1.200000 0.000000
vt 0.500000 1.200000 0.000000
vt 0.500000 0.000000 0.000000
vt 8.500000 1.150000 0.000000
vt 8.100000 1.150000 0.000000
vt 8.100000 1.850000 0.000000
vt 8.500000 1.850000 0.000000
vt 2.500000 1.150000 0.000000
vt 2.100000 1.150000 0.000000
vt 2.100000 1.850000 0.000000
vt 2.500000 1.850000 0.000000
vt 4.900000 1.150000 0.000000
vt 4.500000 1.150000 0.000000
vt 4.500000 1.850000 0.000000
vt 4.900000 1.850000 0.000000
vt 7.300000 1.150000 0.000000
vt 6.900000 1.150000 0.000000
vt 6.900000 1.850000 0.000000
vt 7.300000 1.850000 0.000000
vt 3.700000 1.150000 0.000000
vt 3.300000 1.150000 0.000000
vt 3.300000 1.850000 0.000000
vt 3.700000 1.850000 0.000000
vt 6.100000 1.150000 0.000000
vt 5.700000 1.150000 0.000000
vt 5.700000 1.850000 0.000000
vt 6.100000 1.850000 0.000000
vt 7.075000 0.157080 0.000000
vt 7.151536 0.078540 0.000000
vt 7.216422 0.000000 0.000000
vt 7.259776 -0.078540 0.000000
vt 7.275000 -0.157080 0.000000
vt 7.575000 -0.157080 0.000000
vt 7.575000 -0.052360 0.000000
vt 7.575000 0.052360 0.000000
vt 7.575000 0.157080 0.000000
vt -0.750000 -0.550000 0.000000
vt -0.450000 -0.550000 0.000000
vt -0.450000 0.250000 0.000000
vt -0.423205 0.350000 0.000000
vt -0.350000 0.423205 0.000000
vt -0.250000 0.450000 0.000000
vt 0.750000 0.450000 0.000000
vt 0.750000 0.750000 0.000000
vt -0.550000 0.750000 0.000000
vt -0.650000 0.723205 0.000000
vt -0.723205 0.650000 0.000000
vt -0.750000 0.550000 0.000000
vt -0.300000 0.000000 0.000000
vt -0.000000 0.000000 0.000000
vt -0.000000 1.000000 0.000000
vt -0.300000 1.000000 0.000000
vt -1.000000 0.000000 0.000000
vt -0.000000 0.000000 0.000000
vt -0.000000 1.000000 0.000000
vt -1.000000 1.000000 0.000000
vt -0.000000 -0.628319 0.000000
vt -0.000000 -0.523599 0.000000
vt -0.000000 -0.418879 0.000000
vt -0.000000 -0.314159 0.000000
vt -1.000000 -0.314159 0.000000
vt -1.000000 -0.418879 0.000000
vt -1.000000 -0.523599 0.000000
vt -1.000000 -0.628319 0.000000
vt -0.800000 0.000000 0.000000
vt -0.000000 0.000000 0.000000
vt -0.000000 1.000000 0.000000
vt -0.800000 1.000000 0.000000
vt -0.000000 -0.628319 0.000000
vt -0.000000 -0.523599 0.000000
vt -0.000000 -0.418879 0.000000
vt -0.000000 -0.314159 0.000000
vt -1.200000 -0.314159 0.000000
vt -1.123463 -0.392699 0.000000
vt -1.058579 -0.471239 0.000000
vt -1.015224 -0.549779 0.000000
vt -1.000000 -0.628319 0.000000
vt 0.000000 0.314159 0.000000
vt 0.000000 0.209440 0.000000
vt 0.000000 0.104720 0.000000
vt 0.000000 0.000000 0.000000
vt 1.000000 0.000000 0.000000
vt 1.000000 0.104720 0.000000
vt 1.000000 0.209440 0.000000
vt 1.000000 0.314159 0.000000
vt -1.300000 0.000000 0.000000
vt -0.000000 0.000000 0.000000
vt -0.000000 1.000000 0.000000
vt -1.300000 1.000000 0.000000
vt 0.450000 -0.550000 0.000000
vt 0.750000 -0.550000 0.000000
vt 0.750000 0.550000 0.000000
vt 0.723205 0.650000 0.000000
vt 0.650000 0.723205 0.000000
vt 0.550000 0.750000 0.000000
vt -0.750000 0.750000 0.000000
vt -0.750000 0.450000 0.000000
vt 0.250000 0.450000 0.000000
vt 0.350000 0.423205 0.000000
vt 0.423205 0.350000 0.000000
vt 0.450000 0.250000 0.000000
vt 0.025000 -0.078540 0.000000
vt 0.125000 -0.078540 0.000000
vt 0.195711 0.000000 0.000000
vt 0.217388 0.039270 0.000000
vt 0.225000 0.078540 0.000000
vt -0.075000 0.078540 0.000000
vt -0.067388 0.039270 0.000000
vt -0.045711 0.000000 0.000000
vt -0.018750 -0.078540 0.000000
vt 0.256250 -0.078540 0.000000
vt 0.326961 0.000000 0.000000
vt 0.348638 0.039270 0.000000
vt 0.356250 0.078540 0.000000
vt -0.118750 0.078540 0.000000
vt -0.111138 0.039270 0.000000
vt -0.089461 0.000000 0.000000
vt 0.025000 -0.078540 0.000000
vt 0.125000 -0.078540 0.000000
vt 0.195711 0.000000 0.000000
vt 0.217388 0.039270 0.000000
vt 0.225000 0.078540 0.000000
vt -0.075000 0.078540 0.000000
vt -0.067388 0.039270 0.000000
vt -0.045711 0.000000 0.000000
vt 0.356250 0.078540 0.000000
vt -0.118750 0.078540 0.000000
vt -0.111138 0.039270 0.000000
vt -0.089461 0.000000 0.000000
vt -0.018750 -0.078540 0.000000
vt 0.256250 -0.078540 0.000000
vt 0.326961 0.000000 0.000000
vt 0.348638 0.039270 0.000000
vt -0.000000 0.500000 0.000000
vt -0.300000 0.500000 0.000000
vt -0.300000 0.000000 0.000000
vt -0.000000 0.000000 0.000000
vt -0.050000 -0.137500 0.000000
vt 0.050000 -0.137500 0.000000
vt 0.050000 0.137500 0.000000
vt -0.050000 0.137500 0.000000
vt -0.000000 0.500000 0.000000
vt -0.300000 0.500000 0.000000
vt -0.300000 0.000000 0.000000
vt -0.000000 0.000000 0.000000
vt 0.300000 1.262500 0.000000
vt 0.000000 1.262500 0.000000
vt 0.000000 0.000000 0.000000
vt 0.300000 0.000000 0.000000
vt -0.050000 0.150000 0.000000
vt -0.164805 0.127164 0.000000
vt -0.262132 0.062132 0.000000
vt -0.327164 -0.035195 0.000000
vt -0.350000 -0.150000 0.000000
vt 0.350000 -0.150000 0.000000
vt 0.350000 0.150000 0.000000
vt 0.300000 -0.350000 0.000000
vt 0.300000 0.350000 0.000000
vt 0.000000 0.350000 0.000000
vt 0.000000 -0.350000 0.000000
vt 0.350000 0.471239 0.000000
vt -0.350000 0.471239 0.000000
vt -0.350000 0.353429 0.000000
vt -0.350000 0.235619 0.000000
vt -0.350000 0.117810 0.000000
vt -0.350000 0.000000 0.000000
vt 0.350000 0.000000 0.000000
vt 0.350000 0.117810 0.000000
vt 0.350000 0.235619 0.000000
vt 0.350000 0.353429 0.000000
vt 0.350000 -0.150000 0.000000
vt 0.327164 -0.035195 0.000000
vt 0.262132 0.062132 0.000000
vt 0.164805 0.127164 0.000000
vt 0.050000 0.150000 0.000000
vt -0.350000 0.150000 0.000000
vt -0.350000 -0.150000 0.000000
vt -0.050000 0.150000 0.000000
vt -0.164805 0.127164 0.000000
vt -0.262132 0.062132 0.000000
vt -0.327164 -0.035195 0.000000
vt -0.350000 -0.150000 0.000000
vt 0.350000 -0.150000 0.000000
vt 0.350000 0.150000 0.000000
vt 0.300000 -0.350000 0.000000
vt 0.300000 0.350000 0.000000
vt 0.000000 0.350000 0.000000
vt 0.000000 -0.350000 0.000000
vt 0.350000 0.471239 0.000000
vt -0.350000 0.471239 0.000000
vt -0.350000 0.353429 0.000000
vt -0.350000 0.235619 0.000000
vt -0.350000 0.117810 0.000000
vt -0.350000 0.000000 0.000000
vt 0.350000 0.000000 0.000000
vt 0.350000 0.117810 0.000000
vt 0.350000 0.235619 0.000000
vt 0.350000 0.353429 0.000000
vt 0.350000 -0.150000 0.000000
vt 0.327164 -0.035195 0.000000
vt 0.262132 0.062132 0.000000
vt 0.164805 0.127164 0.000000
vt 0.050000 0.150000 0.000000
vt -0.350000 0.150000 0.000000
vt -0.350000 -0.150000 0.000000
vt -0.050000 0.150000 0.000000
vt -0.164805 0.127164 0.000000
vt -0.262132 0.062132 0.000000
vt -0.327164 -0.035195 0.000000
vt -0.350000 -0.150000 0.000000
vt 0.350000 -0.150000 0.000000
vt 0.350000 0.150000 0.000000
vt 0.300000 -0.350000 0.000000
vt 0.300000 0.350000 0.000000
vt 0.000000 0.350000 0.000000
vt 0.000000 -0.350000 0.000000
vt 0.350000 0.471239 0.000000
vt -0.350000 0.471239 0.000000
vt -0.350000 0.353429 0.000000
vt -0.350000 0.235619 0.000000
vt -0.350000 0.117810 0.000000
vt -0.350000 0.000000 0.000000
vt 0.350000 0.000000 0.000000
vt 0.350000 0.117810 0.000000
vt 0.350000 0.235619 0.000000
vt 0.350000 0.353429 0.000000
vt 0.350000 -0.150000 0.000000
vt 0.327164 -0.035195 0.000000
vt 0.262132 0.062132 0.000000
vt 0.164805 0.127164 0.000000
vt 0.050000 0.150000 0.000000
vt -0.350000 0.150000 0.000000
vt -0.350000 -0.150000 0.000000
vt -0.050000 0.150000 0.000000
vt -0.164805 0.127164 0.000000
vt -0.262132 0.062132 0.000000
vt -0.327164 -0.035195 0.000000
vt -0.350000 -0.150000 0.000000
vt 0.350000 -0.150000 0.000000
vt 0.350000 0.150000 0.000000
vt 0.300000 -0.350000 0.000000
vt 0.300000 0.350000 0.000000
vt 0.000000 0.350000 0.000000
vt 0.000000 -0.350000 0.000000
vt 0.350000 0.471239 0.000000
vt -0.350000 0.471239 0.000000
vt -0.350000 0.353429 0.000000
vt -0.350000 0.235619 0.000000
vt -0.350000 0.117810 0.000000
vt -0.350000 0.000000 0.000000
vt 0.350000 0.000000 0.000000
vt 0.350000 0.117810 0.000000
vt 0.350000 0.235619 0.000000
vt 0.350000 0.353429 0.000000
vt 0.350000 -0.150000 0.000000
vt 0.327164 -0.035195 0.000000
vt 0.262132 0.062132 0.000000
vt 0.164805 0.127164 0.000000
vt 0.050000 0.150000 0.000000
vt -0.350000 0.150000 0.000000
vt -0.350000 -0.150000 0.000000
vt -0.050000 0.150000 0.000000
vt -0.164805 0.127164 0.000000
vt -0.262132 0.062132 0.000000
vt -0.327164 -0.035195 0.000000
vt -0.350000 -0.150000 0.000000
vt 0.350000 -0.150000 0.000000
vt 0.350000 0.150000 0.000000
vt 0.300000 -0.350000 0.000000
vt 0.300000 0.350000 0.000000
vt 0.000000 0.350000 0.000000
vt 0.000000 -0.350000 0.000000
vt 0.350000 0.471239 0.000000
vt -0.350000 0.471239 0.000000
vt -0.350000 0.353429 0.000000
vt -0.350000 0.235619 0.000000
vt -0.350000 0.117810 0.000000
vt -0.350000 0.000000 0.000000
vt 0.350000 0.000000 0.000000
vt 0.350000 0.117810 0.000000
vt 0.350000 0.235619 0.000000
vt 0.350000 0.353429 0.000000
vt 0.350000 -0.150000 0.000000
vt 0.327164 -0.035195 0.000000
vt 0.262132 0.062132 0.000000
vt 0.164805 0.127164 0.000000
vt 0.050000 0.150000 0.000000
vt -0.350000 0.150000 0.000000
vt -0.350000 -0.150000 0.000000
vt -0.050000 0.150000 0.000000
vt -0.164805 0.127164 0.000000
vt -0.262132 0.062132 0.000000
vt -0.327164 -0.035195 0.000000
vt -0.350000 -0.150000 0.000000
vt 0.350000 -0.150000 0.000000
vt 0.350000 0.150000 0.000000
vt 0.300000 -0.350000 0.000000
vt 0.300000 0.350000 0.000000
vt 0.000000 0.350000 0.000000
vt 0.000000 -0.350000 0.000000
vt 0.350000 0.471239 0.000000
vt -0.350000 0.471239 0.000000
vt -0.350000 0.353429 0.000000
vt -0.350000 0.235619 0.000000
vt -0.350000 0.117810 0.000000
vt -0.350000 0.000000 0.000000
vt 0.350000 0.000000 0.000000
vt 0.350000 0.117810 0.000000
vt 0.350000 0.235619 0.000000
vt 0.350000 0.353429 0.000000
vt 0.350000 -0.150000 0.000000
vt 0.327164 -0.035195 0.000000
vt 0.262132 0.062132 0.000000
vt 0.164805 0.127164 0.000000
vt 0.050000 0.150000 0.000000
vt -0.350000 0.150000 0.000000
vt -0.350000 -0.150000 0.000000
vt 0.000000 0.000000 0.000000
vt 0.300000 0.000000 0.000000
vt 0.300000 1.000000 0.000000
vt 0.000000 1.000000 0.000000
vt 0.000000 0.000000 0.000000
vt 1.000000 0.000000 0.000000
vt 1.000000 1.000000 0.000000
vt 0.000000 1.000000 0.000000
vt 0.000000 -0.314159 0.000000
vt 0.000000 -0.418879 0.000000
vt 0.000000 -0.523599 0.000000
vt 0.000000 -0.628319 0.000000
vt 1.000000 -0.628319 0.000000
vt 1.000000 -0.523599 0.000000
vt 1.000000 -0.418879 0.000000
vt 1.000000 -0.314159 0.000000
vt 0.000000 0.000000 0.000000
vt 0.800000 0.000000 0.000000
vt 0.800000 1.000000 0.000000
vt 0.000000 1.000000 0.000000
vt 0.000000 -0.314159 0.000000
vt 0.000000 -0.418879 0.000000
vt 0.000000 -0.523599 0.000000
vt 0.000000 -0.628319 0.000000
vt 1.000000 -0.628319 0.000000
vt 1.015224 -0.549779 0.000000
vt 1.058579 -0.471239 0.000000
vt 1.123463 -0.392699 0.000000
vt 1.200000 -0.314159 0.000000
vt -0.000000 0.000000 0.000000
vt -0.000000 0.104720 0.000000
vt -0.000000 0.209440 0.000000
vt -0.000000 0.314159 0.000000
vt -1.000000 0.314159 0.000000
vt -1.000000 0.209440 0.000000
vt -1.000000 0.104720 0.000000
vt -1.000000 0.000000 0.000000
vt 0.000000 0.000000 0.000000
vt 1.300000 0.000000 0.000000
vt 1.300000 1.000000 0.000000
vt 0.000000 1.000000 0.000000
vt 0.200000 3.000000 0.000000
vt 0.200000 0.000000 0.000000
vt 13.900000 0.000000 0.000000
vt 13.900000 1.200000 0.000000
vt 14.400000 1.200000 0.000000
vt 14.400000 3.000000 0.000000
vt 6.300000 1.150000 0.000000
vt 5.900000 1.150000 0.000000
vt 5.900000 1.850000 0.000000
vt 6.300000 1.850000 0.000000
vt 12.300000 1.150000 0.000000
vt 11.900000 1.150000 0.000000
vt 11.900000 1.850000 0.000000
vt 12.300000 1.850000 0.000000
vt 9.900000 1.150000 0.000000
vt 9.500000 1.150000 0.000000
vt 9.500000 1.850000 0.000000
vt 9.900000 1.850000 0.000000
vt 7.500000 1.150000 0.000000
vt 7.100000 1.150000 0.000000
vt 7.100000 1.850000 0.000000
vt 7.500000 1.850000 0.000000
vt 11.100000 1.150000 0.000000
vt 10.700000 1.150000 0.000000
vt 10.700000 1.850000 0.000000
vt 11.100000 1.850000 0.000000
vt 8.700000 1.150000 0.000000
vt 8.300000 1.150000 0.000000
vt 8.300000 1.850000 0.000000
vt 8.700000 1.850000 0.000000
vt -0.125000 -0.078540 0.000000
vt -0.025000 -0.078540 0.000000
vt 0.045711 0.000000 0.000000
vt 0.067388 0.039270 0.000000
vt 0.075000 0.078540 0.000000
vt -0.225000 0.078540 0.000000
vt -0.217388 0.039270 0.000000
vt -0.195711 0.000000 0.000000
vt 0.612500 -0.078540 0.000000
vt 0.887500 -0.078540 0.000000
vt 0.958211 0.000000 0.000000
vt 0.979888 0.039270 0.000000
vt 0.987500 0.078540 0.000000
vt 0.512500 0.078540 0.000000
vt 0.520112 0.039270 0.000000
vt 0.541789 0.000000 0.000000
vt -0.125000 -0.078540 0.000000
vt -0.025000 -0.078540 0.000000
vt 0.045711 0.000000 0.000000
vt 0.067388 0.039270 0.000000
vt 0.075000 0.078540 0.000000
vt -0.225000 0.078540 0.000000
vt -0.217388 0.039270 0.000000
vt -0.195711 0.000000 0.000000
vt -0.512500 0.078540 0.000000
vt -0.987500 0.078540 0.000000
vt -0.979888 0.039270 0.000000
vt -0.958211 0.000000 0.000000
vt -0.887500 -0.078540 0.000000
vt -0.612500 -0.078540 0.000000
vt -0.541789 0.000000 0.000000
vt -0.520112 0.039270 0.000000
vt -0.500000 1.737500 0.000000
vt -0.500000 1.262500 0.000000
vt 0.000000 1.262500 0.000000
vt 0.000000 0.000000 0.000000
vt 3.200000 0.000000 0.000000
vt 3.200000 1.262500 0.000000
vt 3.700000 1.262500 0.000000
vt 3.700000 1.737500 0.000000
vt 3.200000 1.737500 0.000000
vt 3.200000 3.000000 0.000000
vt 0.000000 3.000000 0.000000
vt 0.000000 1.737500 0.000000
vt 0.300000 0.500000 0.000000
vt 0.000000 0.500000 0.000000
vt 0.000000 0.000000 0.000000
vt 0.300000 0.000000 0.000000
vt -0.050000 -0.137500 0.000000
vt 0.050000 -0.137500 0.000000
vt 0.050000 0.137500 0.000000
vt -0.050000 0.137500 0.000000
vt 0.300000 0.500000 0.000000
vt 0.000000 0.500000 0.000000
vt 0.000000 0.000000 0.000000
vt 0.300000 0.000000 0.000000
vt 0.300000 1.262500 0.000000
vt 0.000000 1.262500 0.000000
vt 0.000000 0.000000 0.000000
vt 0.300000 0.000000 0.000000
vt 0.000000 1.737500 0.000000
vt 0.300000 1.737500 0.000000
vt 0.300000 3.000000 0.000000
vt 0.000000 3.000000 0.000000
vt 0.350000 -0.150000 0.000000
vt 0.327164 -0.035195 0.000000
vt 0.262132 0.062132 0.000000
vt 0.164805 0.127164 0.000000
vt 0.050000 0.150000 0.000000
vt -0.350000 0.150000 0.000000
vt -0.350000 -0.150000 0.000000
vt -0.300000 0.350000 0.000000
vt -0.300000 -0.350000 0.000000
vt -0.000000 -0.350000 0.000000
vt -0.000000 0.350000 0.000000
vt 0.350000 0.471239 0.000000
vt -0.350000 0.471239 0.000000
vt -0.350000 0.353429 0.000000
vt -0.350000 0.235619 0.000000
vt -0.350000 0.117810 0.000000
vt -0.350000 0.000000 0.000000
vt 0.350000 0.000000 0.000000
vt 0.350000 0.117810 0.000000
vt 0.350000 0.235619 0.000000
vt 0.350000 0.353429 0.000000
vt -0.050000 0.150000 0.000000
vt -0.164805 0.127164 0.000000
vt -0.262132 0.062132 0.000000
vt -0.327164 -0.035195 0.000000
vt -0.350000 -0.150000 0.000000
vt 0.350000 -0.150000 0.000000
vt 0.350000 0.150000 0.000000
vt 0.350000 -0.150000 0.000000
vt 0.327164 -0.035195 0.000000
vt 0.262132 0.062132 0.000000
vt 0.164805 0.127164 0.000000
vt 0.050000 0.150000 0.000000
vt -0.350000 0.150000 0.000000
vt -0.350000 -0.150000 0.000000
vt -0.300000 0.350000 0.000000
vt -0.300000 -0.350000 0.000000
vt -0.000000 -0.350000 0.000000
vt -0.000000 0.350000 0.000000
vt 0.350000 0.471239 0.000000
vt -0.350000 0.471239 0.000000
vt -0.350000 0.353429 0.000000
vt -0.350000 0.235619 0.000000
vt -0.350000 0.117810 0.000000
vt -0.350000 0.000000 0.000000
vt 0.350000 0.000000 0.000000
vt 0.350000 0.117810 0.000000
vt 0.350000 0.235619 0.000000
vt 0.350000 0.353429 0.000000
vt -0.050000 0.150000 0.000000
vt -0.164805 0.127164 0.000000
vt -0.262132 0.062132 0.000000
vt -0.327164 -0.035195 0.000000
vt -0.350000 -0.150000 0.000000
vt 0.350000 -0.150000 0.000000
vt 0.350000 0.150000 0.000000
vt 0.350000 -0.150000 0.000000
vt 0.327164 -0.035195 0.000000
vt 0.262132 0.062132 0.000000
vt 0.164805 0.127164 0.000000
vt 0.050000 0.150000 0.000000
vt -0.350000 0.150000 0.000000
vt -0.350000 -0.150000 0.000000
vt -0.300000 0.350000 0.000000
vt -0.300000 -0.350000 0.000000
vt -0.000000 -0.350000 0.000000
vt -0.000000 0.350000 0.000000
vt 0.350000 0.471239 0.000000
vt -0.350000 0.471239 0.000000
vt -0.350000 0.353429 0.000000
vt -0.350000 0.235619 0.000000
vt -0.350000 0.117810 0.000000
vt -0.350000 0.000000 0.000000
vt 0.350000 0.000000 0.000000
vt 0.350000 0.117810 0.000000
vt 0.350000 0.235619 0.000000
vt 0.350000 0.353429 0.000000
vt -0.050000 0.150000 0.000000
vt -0.164805 0.127164 0.000000
vt -0.262132 0.062132 0.000000
vt -0.327164 -0.035195 0.000000
vt -0.350000 -0.150000 0.000000
vt 0.350000 -0.150000 0.000000
vt 0.350000 0.150000 0.000000
vt 0.350000 -0.150000 0.000000
vt 0.327164 -0.035195 0.000000
vt 0.262132 0.062132 0.000000
vt 0.164805 0.127164 0.000000
vt 0.050000 0.150000 0.000000
vt -0.350000 0.150000 0.000000
vt -0.350000 -0.150000 0.000000
vt -0.300000 0.350000 0.000000
vt -0.300000 -0.350000 0.000000
vt -0.000000 -0.350000 0.000000
vt -0.000000 0.350000 0.000000
vt 0.350000 0.471239 0.000000
vt -0.350000 0.471239 0.000000
vt -0.350000 0.353429 0.000000
vt -0.350000 0.235619 0.000000
vt -0.350000 0.117810 0.000000
vt -0.350000 0.000000 0.000000
vt 0.350000 0.000000 0.000000
vt 0.350000 0.117810 0.000000
vt 0.350000 0.235619 0.000000
vt 0.350000 0.353429 0.000000
vt -0.050000 0.150000 0.000000
vt -0.164805 0.127164 0.000000
vt -0.262132 0.062132 0.000000
vt -0.327164 -0.035195 0.000000
vt -0.350000 -0.150000 0.000000
vt 0.350000 -0.150000 0.000000
vt 0.350000 0.150000 0.000000
vt 0.350000 -0.150000 0.000000
vt 0.327164 -0.035195 0.000000
vt 0.262132 0.062132 0.000000
vt 0.164805 0.127164 0.000000
vt 0.050000 0.150000 0.000000
vt -0.350000 0.150000 0.000000
vt -0.350000 -0.150000 0.000000
vt -0.300000 0.350000 0.000000
vt -0.300000 -0.350000 0.000000
vt -0.000000 -0.350000 0.000000
vt -0.000000 0.350000 0.000000
vt 0.350000 0.471239 0.000000
vt -0.350000 0.471239 0.000000
vt -0.350000 0.353429 0.000000
vt -0.350000 0.235619 0.000000
vt -0.350000 0.117810 0.000000
vt -0.350000 0.000000 0.000000
vt 0.350000 0.000000 0.000000
vt 0.350000 0.117810 0.000000
vt 0.350000 0.235619 0.000000
vt 0.350000 0.353429 0.000000
vt -0.050000 0.150000 0.000000
vt -0.164805 0.127164 0.000000
vt -0.262132 0.062132 0.000000
vt -0.327164 -0.035195 0.000000
vt -0.350000 -0.150000 0.000000
vt 0.350000 -0.150000 0.000000
vt 0.350000 0.150000 0.000000
vt 0.350000 -0.150000 0.000000
vt 0.327164 -0.035195 0.000000
vt 0.262132 0.062132 0.000000
vt 0.164805 0.127164 0.000000
vt 0.050000 0.150000 0.000000
vt -0.350000 0.150000 0.000000
vt -0.350000 -0.150000 0.000000
vt -0.300000 0.350000 0.000000
vt -0.300000 -0.350000 0.000000
vt -0.000000 -0.350000 0.000000
vt -0.000000 0.350000 0.000000
vt 0.350000 0.471239 0.000000
vt -0.350000 0.471239 0.000000
vt -0.350000 0.353429 0.000000
vt -0.350000 0.235619 0.000000
vt -0.350000 0.117810 0.000000
vt -0.350000 0.000000 0.000000
vt 0.350000 0.000000 0.000000
vt 0.350000 0.117810 0.000000
vt 0.350000 0.235619 0.000000
vt 0.350000 0.353429 0.000000
vt -0.050000 0.150000 0.000000
vt -0.164805 0.127164 0.000000
vt -0.262132 0.062132 0.000000
vt -0.327164 -0.035195 0.000000
vt -0.350000 -0.150000 0.000000
vt 0.350000 -0.150000 0.000000
vt 0.350000 0.150000 0.000000
vt 0.000000 0.157080 0.000000
vt 0.000000 0.052360 0.000000
vt 0.000000 -0.052360 0.000000
vt 0.000000 -0.157080 0.000000
vt 3.000000 -0.157080 0.000000
vt 3.000000 -0.052360 0.000000
vt 3.000000 0.052360 0.000000
vt 3.000000 0.157080 0.000000
vt 0.200000 3.000000 0.000000
vt 0.200000 0.000000 0.000000
vt 2.500000 0.000000 0.000000
vt 2.500000 3.000000 0.000000
vt 0.000000 0.157080 0.000000
vt 0.000000 0.052360 0.000000
vt 0.000000 -0.052360 0.000000
vt 0.000000 -0.157080 0.000000
vt 3.000000 -0.157080 0.000000
vt 3.000000 -0.052360 0.000000
vt 3.000000 0.052360 0.000000
vt 3.000000 0.157080 0.000000
vt 8.300000 1.150000 0.000000
vt 7.600000 1.150000 0.000000
vt 7.600000 1.850000 0.000000
vt 8.300000 1.850000 0.000000
vt 10.700000 1.150000 0.000000
vt 10.000000 1.150000 0.000000
vt 10.000000 1.850000 0.000000
vt 10.700000 1.850000 0.000000
vt 7.100000 1.150000 0.000000
vt 6.400000 1.150000 0.000000
vt 6.400000 1.850000 0.000000
vt 7.100000 1.850000 0.000000
vt 9.500000 1.150000 0.000000
vt 8.800000 1.150000 0.000000
vt 8.800000 1.850000 0.000000
vt 9.500000 1.850000 0.000000
vt 11.900000 1.150000 0.000000
vt 11.200000 1.150000 0.000000
vt 11.200000 1.850000 0.000000
vt 11.900000 1.850000 0.000000
vt 5.900000 1.150000 0.000000
vt 5.200000 1.150000 0.000000
vt 5.200000 1.850000 0.000000
vt 5.900000 1.850000 0.000000
vt 0.200000 3.000000 0.000000
vt 0.200000 0.000000 0.000000
vt 14.000000 0.000000 0.000000
vt 14.000000 3.000000 0.000000
vt 0.000000 0.000000 0.000000
vt 1.600000 0.000000 0.000000
vt 1.600000 1.000000 0.000000
vt 0.500000 1.000000 0.000000
vt 0.400000 1.026795 0.000000
vt 0.326795 1.100000 0.000000
vt 0.300000 1.200000 0.000000
vt 0.300000 3.000000 0.000000
vt 0.000000 3.000000 0.000000
vt 0.151669 0.000000 0.000000
vt 0.151669 3.000000 0.000000
vt 0.000000 3.000000 0.000000
vt 0.000000 0.000000 0.000000
vt -0.000000 0.000000 0.000000
vt -0.000000 0.242981 0.000000
vt -0.000000 0.485961 0.000000
vt -0.000000 0.728942 0.000000
vt -0.000000 0.971922 0.000000
vt -0.000000 1.214903 0.000000
vt -0.000000 1.457883 0.000000
vt -0.000000 1.700864 0.000000
vt -0.000000 1.943844 0.000000
vt -3.000000 1.943844 0.000000
vt -3.000000 1.700864 0.000000
vt -3.000000 1.457883 0.000000
vt -3.000000 1.214903 0.000000
vt -3.000000 0.971922 0.000000
vt -3.000000 0.728942 0.000000
vt -3.000000 0.485961 0.000000
vt -3.000000 0.242981 0.000000
vt -3.000000 0.000000 0.000000
vt 0.000000 0.000000 0.000000
vt 1.400000 0.000000 0.000000
vt 1.400000 3.000000 0.000000
vt 0.000000 3.000000 0.000000
vt 0.000000 0.000000 0.000000
vt 0.000000 -0.174533 0.000000
vt 0.000000 -0.349066 0.000000
vt 0.000000 -0.523599 0.000000
vt 0.000000 -0.698132 0.000000
vt 0.000000 -0.872665 0.000000
vt 0.000000 -1.047198 0.000000
vt 0.000000 -1.221730 0.000000
vt 0.000000 -1.396263 0.000000
vt 0.000000 -1.570796 0.000000
vt 3.000000 -1.570796 0.000000
vt 3.000000 -1.396263 0.000000
vt 3.000000 -1.221730 0.000000
vt 3.000000 -1.047198 0.000000
vt 3.000000 -0.872665 0.000000
vt 3.000000 -0.698132 0.000000
vt 3.000000 -0.523599 0.000000
vt 3.000000 -0.349066 0.000000
vt 3.000000 -0.174533 0.000000
vt 3.000000 0.000000 0.000000
vt 0.000000 0.000000 0.000000
vt 1.400000 0.000000 0.000000
vt 1.400000 3.000000 0.000000
vt 0.000000 3.000000 0.000000
vt -0.000000 0.000000 0.000000
vt -0.000000 0.235619 0.000000
vt -0.000000 0.471239 0.000000
vt -0.000000 0.706858 0.000000
vt -0.000000 0.942478 0.000000
vt -0.000000 1.178097 0.000000
vt -0.000000 1.413717 0.000000
vt -0.000000 1.649336 0.000000
vt -0.000000 1.884956 0.000000
vt -0.000000 2.120575 0.000000
vt -0.000000 2.356194 0.000000
vt -0.000000 2.591814 0.000000
vt -0.000000 2.827433 0.000000
vt -3.000000 2.827433 0.000000
vt -3.000000 2.591814 0.000000
vt -3.000000 2.356194 0.000000
vt -3.000000 2.120575 0.000000
vt -3.000000 1.884956 0.000000
vt -3.000000 1.649336 0.000000
vt -3.000000 1.413717 0.000000
vt -3.000000 1.178097 0.000000
vt -3.000000 0.942478 0.000000
vt -3.000000 0.706858 0.000000
vt -3.000000 0.471239 0.000000
vt -3.000000 0.235619 0.000000
vt -3.000000 0.000000 0.000000
vt 0.000000 0.000000 0.000000
vt 1.400000 0.000000 0.000000
vt 1.400000 3.000000 0.000000
vt 0.000000 3.000000 0.000000
vt 0.000000 0.000000 0.000000
vt 0.000000 -0.174533 0.000000
vt 0.000000 -0.349066 0.000000
vt 0.000000 -0.523599 0.000000
vt 0.000000 -0.698132 0.000000
vt 0.000000 -0.872665 0.000000
vt 0.000000 -1.047198 0.000000
vt 0.000000 -1.221730 0.000000
vt 0.000000 -1.396263 0.000000
vt 0.000000 -1.570796 0.000000
vt 3.000000 -1.570796 0.000000
vt 3.000000 -1.396263 0.000000
vt 3.000000 -1.221730 0.000000
vt 3.000000 -1.047198 0.000000
vt 3.000000 -0.872665 0.000000
vt 3.000000 -0.698132 0.000000
vt 3.000000 -0.523599 0.000000
vt 3.000000 -0.349066 0.000000
vt 3.000000 -0.174533 0.000000
vt 3.000000 0.000000 0.000000
vt 0.000000 0.000000 0.000000
vt 1.400000 0.000000 0.000000
vt 1.400000 3.000000 0.000000
vt 0.000000 3.000000 0.000000
vt -0.000000 0.000000 0.000000
vt -0.000000 0.235619 0.000000
vt -0.000000 0.471239 0.000000
vt -0.000000 0.706858 0.000000
vt -0.000000 0.942478 0.000000
vt -0.000000 1.178097 0.000000
vt -0.000000 1.413717 0.000000
vt -0.000000 1.649336 0.000000
vt -0.000000 1.884956 0.000000
vt -0.000000 2.120575 0.000000
vt -0.000000 2.356194 0.000000
vt -0.000000 2.591814 0.000000
vt -0.000000 2.827433 0.000000
vt -3.000000 2.827433 0.000000
vt -3.000000 2.591814 0.000000
vt -3.000000 2.356194 0.000000
vt -3.000000 2.120575 0.000000
vt -3.000000 1.884956 0.000000
vt -3.000000 1.649336 0.000000
vt -3.000000 1.413717 0.000000
vt -3.000000 1.178097 0.000000
vt -3.000000 0.942478 0.000000
vt -3.000000 0.706858 0.000000
vt -3.000000 0.471239 0.000000
vt -3.000000 0.235619 0.000000
vt -3.000000 0.000000 0.000000
vt 0.000000 0.000000 0.000000
vt 1.400000 0.000000 0.000000
vt 1.400000 3.000000 0.000000
vt 0.000000 3.000000 0.000000
vt 0.000000 0.000000 0.000000
vt 0.000000 -0.174533 0.000000
vt 0.000000 -0.349066 0.000000
vt 0.000000 -0.523599 0.000000
vt 0.000000 -0.698132 0.000000
vt 0.000000 -0.872665 0.000000
vt 0.000000 -1.047198 0.000000
vt 0.000000 -1.221730 0.000000
vt 0.000000 -1.396263 0.000000
vt 0.000000 -1.570796 0.000000
vt 3.000000 -1.570796 0.000000
vt 3.000000 -1.396263 0.000000
vt 3.000000 -1.221730 0.000000
vt 3.000000 -1.047198 0.000000
vt 3.000000 -0.872665 0.000000
vt 3.000000 -0.698132 0.000000
vt 3.000000 -0.523599 0.000000
vt 3.000000 -0.349066 0.000000
vt 3.000000 -0.174533 0.000000
vt 3.000000 0.000000 0.000000
vt 0.000000 0.000000 0.000000
vt 1.400000 0.000000 0.000000
vt 1.400000 3.000000 0.000000
vt 0.000000 3.000000 0.000000
vt -0.000000 0.000000 0.000000
vt -0.000000 0.235619 0.000000
vt -0.000000 0.471239 0.000000
vt -0.000000 0.706858 0.000000
vt -0.000000 0.942478 0.000000
vt -0.000000 1.178097 0.000000
vt -0.000000 1.413717 0.000000
vt -0.000000 1.649336 0.000000
vt -0.000000 1.884956 0.000000
vt -0.000000 2.120575 0.000000
vt -0.000000 2.356194 0.000000
vt -0.000000 2.591814 0.000000
vt -0.000000 2.827433 0.000000
vt -3.000000 2.827433 0.000000
vt -3.000000 2.591814 0.000000
vt -3.000000 2.356194 0.000000
vt -3.000000 2.120575 0.000000
vt -3.000000 1.884956 0.000000
vt -3.000000 1.649336 0.000000
vt -3.000000 1.413717 0.000000
vt -3.000000 1.178097 0.000000
vt -3.000000 0.942478 0.000000
vt -3.000000 0.706858 0.000000
vt -3.000000 0.471239 0.000000
vt -3.000000 0.235619 0.000000
vt -3.000000 0.000000 0.000000
vt 0.000000 0.000000 0.000000
vt 1.400000 0.000000 0.000000
vt 1.400000 3.000000 0.000000
vt 0.000000 3.000000 0.000000
vt 0.000000 0.000000 0.000000
vt 0.000000 -0.174533 0.000000
vt 0.000000 -0.349066 0.000000
vt 0.000000 -0.523599 0.000000
vt 0.000000 -0.698132 0.000000
vt 0.000000 -0.872665 0.000000
vt 0.000000 -1.047198 0.000000
vt 0.000000 -1.221730 0.000000
vt 0.000000 -1.396263 0.000000
vt 0.000000 -1.570796 0.000000
vt 3.000000 -1.570796 0.000000
vt 3.000000 -1.396263 0.000000
vt 3.000000 -1.221730 0.000000
vt 3.000000 -1.047198 0.000000
vt 3.000000 -0.872665 0.000000
vt 3.000000 -0.698132 0.000000
vt 3.000000 -0.523599 0.000000
vt 3.000000 -0.349066 0.000000
vt 3.000000 -0.174533 0.000000
vt 3.000000 0.000000 0.000000
vt 0.000000 0.000000 0.000000
vt 1.400000 0.000000 0.000000
vt 1.400000 3.000000 0.000000
vt 0.000000 3.000000 0.000000
vt -0.000000 0.000000 0.000000
vt -0.000000 0.235619 0.000000
vt -0.000000 0.471239 0.000000
vt -0.000000 0.706858 0.000000
vt -0.000000 0.942478 0.000000
vt -0.000000 1.178097 0.000000
vt -0.000000 1.413717 0.000000
vt -0.000000 1.649336 0.000000
vt -0.000000 1.884956 0.000000
vt -0.000000 2.120575 0.000000
vt -0.000000 2.356194 0.000000
vt -0.000000 2.591814 0.000000
vt -0.000000 2.827433 0.000000
vt -3.000000 2.827433 0.000000
vt -3.000000 2.591814 0.000000
vt -3.000000 2.356194 0.000000
vt -3.000000 2.120575 0.000000
vt -3.000000 1.884956 0.000000
vt -3.000000 1.649336 0.000000
vt -3.000000 1.413717 0.000000
vt -3.000000 1.178097 0.000000
vt -3.000000 0.942478 0.000000
vt -3.000000 0.706858 0.000000
vt -3.000000 0.471239 0.000000
vt -3.000000 0.235619 0.000000
vt -3.000000 0.000000 0.000000
vt 0.000000 0.000000 0.000000
vt 1.400000 0.000000 0.000000
vt 1.400000 3.000000 0.000000
vt 0.000000 3.000000 0.000000
vt 0.000000 0.000000 0.000000
vt 0.000000 -0.174533 0.000000
vt 0.000000 -0.349066 0.000000
vt 0.000000 -0.523599 0.000000
vt 0.000000 -0.698132 0.000000
vt 0.000000 -0.872665 0.000000
vt 0.000000 -1.047198 0.000000
vt 0.000000 -1.221730 0.000000
vt 0.000000 -1.396263 0.000000
vt 0.000000 -1.570796 0.000000
vt 3.000000 -1.570796 0.000000
vt 3.000000 -1.396263 0.000000
vt 3.000000 -1.221730 0.000000
vt 3.000000 -1.047198 0.000000
vt 3.000000 -0.872665 0.000000
vt 3.000000 -0.698132 0.000000
vt 3.000000 -0.523599 0.000000
vt 3.000000 -0.349066 0.000000
vt 3.000000 -0.174533 0.000000
vt 3.000000 0.000000 0.000000
vt 0.000000 0.000000 0.000000
vt 0.800000 0.000000 0.000000
vt 0.800000 3.000000 0.000000
vt 0.000000 3.000000 0.000000
vt -0.000000 0.000000 0.000000
vt -0.000000 0.253221 0.000000
vt -0.000000 0.506441 0.000000
vt -0.000000 0.759662 0.000000
vt -0.000000 1.012883 0.000000
vt -0.000000 1.266104 0.000000
vt -3.000000 1.266104 0.000000
vt -3.000000 1.012883 0.000000
vt -3.000000 0.759662 0.000000
vt -3.000000 0.506441 0.000000
vt -3.000000 0.253221 0.000000
vt -3.000000 0.000000 0.000000
vt 0.000000 0.000000 0.000000
vt 0.546061 0.000000 0.000000
vt 0.546061 3.000000 0.000000
vt 0.000000 3.000000 0.000000
vt 0.000000 1.737500 0.000000
vt -0.500000 1.737500 0.000000
vt -0.500000 1.262500 0.000000
vt 0.000000 1.262500 0.000000
vt 0.000000 1.737500 0.000000
vt 0.300000 1.737500 0.000000
vt 0.300000 3.000000 0.000000
vt 0.000000 3.000000 0.000000
vt 1.344332 1.262500 0.000000
vt 1.344332 1.737500 0.000000
vt 0.844332 1.737500 0.000000
vt 0.844332 3.000000 0.000000
vt 0.000000 3.000000 0.000000
vt 0.000000 0.000000 0.000000
vt 0.844332 0.000000 0.000000
vt 0.844332 1.262500 0.000000
vt 0.000000 0.000000 0.000000
vt 0.300000 0.000000 0.000000
vt 0.300000 3.000000 0.000000
vt 0.000000 3.000000 0.000000
vt 0.000000 0.000000 0.000000
vt 0.055668 0.000000 0.000000
vt 0.055668 3.000000 0.000000
vt 0.000000 3.000000 0.000000
vt -0.000000 0.000000 0.000000
vt -0.000000 0.173240 0.000000
vt -0.000000 0.346479 0.000000
vt -0.000000 0.519719 0.000000
vt -0.000000 0.692959 0.000000
vt -0.000000 0.866199 0.000000
vt -0.000000 1.039438 0.000000
vt -0.000000 1.212678 0.000000
vt -0.000000 1.385918 0.000000
vt -0.000000 1.559158 0.000000
vt -0.000000 1.732397 0.000000
vt -0.000000 1.905637 0.000000
vt -0.000000 2.078877 0.000000
vt -0.000000 2.252116 0.000000
vt -0.000000 2.425356 0.000000
vt -0.000000 2.598596 0.000000
vt -0.000000 2.771836 0.000000
vt -0.000000 2.827433 0.000000
vt -3.000000 2.827433 0.000000
vt -3.000000 2.771836 0.000000
vt -3.000000 2.598596 0.000000
vt -3.000000 2.425356 0.000000
vt -3.000000 2.252116 0.000000
vt -3.000000 2.078877 0.000000
vt -3.000000 1.905637 0.000000
vt -3.000000 1.732397 0.000000
vt -3.000000 1.559158 0.000000
vt -3.000000 1.385918 0.000000
vt -3.000000 1.212678 0.000000
vt -3.000000 1.039438 0.000000
vt -3.000000 0.866199 0.000000
vt -3.000000 0.692959 0.000000
vt -3.000000 0.519719 0.000000
vt -3.000000 0.346479 0.000000
vt -3.000000 0.173240 0.000000
vt -3.000000 0.000000 0.000000
vt 0.000000 0.000000 0.000000
vt 1.400000 0.000000 0.000000
vt 1.400000 3.000000 0.000000
vt 0.000000 3.000000 0.000000
vt 0.000000 0.000000 0.000000
vt 0.000000 -0.174533 0.000000
vt 0.000000 -0.349066 0.000000
vt 0.000000 -0.523599 0.000000
vt 0.000000 -0.698132 0.000000
vt 0.000000 -0.872665 0.000000
vt 0.000000 -1.047198 0.000000
vt 0.000000 -1.221730 0.000000
vt 0.000000 -1.396263 0.000000
vt 0.000000 -1.570796 0.000000
vt 3.000000 -1.570796 0.000000
vt 3.000000 -1.396263 0.000000
vt 3.000000 -1.221730 0.000000
vt 3.000000 -1.047198 0.000000
vt 3.000000 -0.872665 0.000000
vt 3.000000 -0.698132 0.000000
vt 3.000000 -0.523599 0.000000
vt 3.000000 -0.349066 0.000000
vt 3.000000 -0.174533 0.000000
vt 3.000000 0.000000 0.000000
vt 0.000000 0.000000 0.000000
vt 1.400000 0.000000 0.000000
vt 1.400000 3.000000 0.000000
vt 0.000000 3.000000 0.000000
vt -0.000000 0.000000 0.000000
vt -0.000000 0.235619 0.000000
vt -0.000000 0.471239 0.000000
vt -0.000000 0.706858 0.000000
vt -0.000000 0.942478 0.000000
vt -0.000000 1.178097 0.000000
vt -0.000000 1.413717 0.000000
vt -0.000000 1.649336 0.000000
vt -0.000000 1.884956 0.000000
vt -0.000000 2.120575 0.000000
vt -0.000000 2.356194 0.000000
vt -0.000000 2.591814 0.000000
vt -0.000000 2.827433 0.000000
vt -3.000000 2.827433 0.000000
vt -3.000000 2.591814 0.000000
vt -3.000000 2.356194 0.000000
vt -3.000000 2.120575 0.000000
vt -3.000000 1.884956 0.000000
vt -3.000000 1.649336 0.000000
vt -3.000000 1.413717 0.000000
vt -3.000000 1.178097 0.000000
vt -3.000000 0.942478 0.000000
vt -3.000000 0.706858 0.000000
vt -3.000000 0.471239 0.000000
vt -3.000000 0.235619 0.000000
vt -3.000000 0.000000 0.000000
vt 0.000000 0.000000 0.000000
vt 1.400000 0.000000 0.000000
vt 1.400000 3.000000 0.000000
vt 0.000000 3.000000 0.000000
vt 0.000000 0.000000 0.000000
vt 0.000000 -0.174533 0.000000
vt 0.000000 -0.349066 0.000000
vt 0.000000 -0.523599 0.000000
vt 0.000000 -0.698132 0.000000
vt 0.000000 -0.872665 0.000000
vt 0.000000 -1.047198 0.000000
vt 0.000000 -1.221730 0.000000
vt 0.000000 -1.396263 0.000000
vt 0.000000 -1.570796 0.000000
vt 3.000000 -1.570796 0.000000
vt 3.000000 -1.396263 0.000000
vt 3.000000 -1.221730 0.000000
vt 3.000000 -1.047198 0.000000
vt 3.000000 -0.872665 0.000000
vt 3.000000 -0.698132 0.000000
vt 3.000000 -0.523599 0.000000
vt 3.000000 -0.349066 0.000000
vt 3.000000 -0.174533 0.000000
vt 3.000000 0.000000 0.000000
vt 0.000000 0.000000 0.000000
vt 1.400000 0.000000 0.000000
vt 1.400000 3.000000 0.000000
vt 0.000000 3.000000 0.000000
vt -0.000000 0.000000 0.000000
vt -0.000000 0.235619 0.000000
vt -0.000000 0.471239 0.000000
vt -0.000000 0.706858 0.000000
vt -0.000000 0.942478 0.000000
vt -0.000000 1.178097 0.000000
vt -0.000000 1.413717 0.000000
vt -0.000000 1.649336 0.000000
vt -0.000000 1.884956 0.000000
vt -0.000000 2.120575 0.000000
vt -0.000000 2.356194 0.000000
vt -0.000000 2.591814 0.000000
vt -0.000000 2.827433 0.000000
vt -3.000000 2.827433 0.000000
vt -3.000000 2.591814 0.000000
vt -3.000000 2.356194 0.000000
vt -3.000000 2.120575 0.000000
vt -3.000000 1.884956 0.000000
vt -3.000000 1.649336 0.000000
vt -3.000000 1.413717 0.000000
vt -3.000000 1.178097 0.000000
vt -3.000000 0.942478 0.000000
vt -3.000000 0.706858 0.000000
vt -3.000000 0.471239 0.000000
vt -3.000000 0.235619 0.000000
vt -3.000000 0.000000 0.000000
vt 0.000000 0.000000 0.000000
vt 1.400000 0.000000 0.000000
vt 1.400000 3.000000 0.000000
vt 0.000000 3.000000 0.000000
vt 0.000000 0.000000 0.000000
vt 0.000000 -0.174533 0.000000
vt 0.000000 -0.349066 0.000000
vt 0.000000 -0.523599 0.000000
vt 0.000000 -0.698132 0.000000
vt 0.000000 -0.872665 0.000000
vt 0.000000 -1.047198 0.000000
vt 0.000000 -1.221730 0.000000
vt 0.000000 -1.396263 0.000000
vt 0.000000 -1.570796 0.000000
vt 3.000000 -1.570796 0.000000
vt 3.000000 -1.396263 0.000000
vt 3.000000 -1.221730 0.000000
vt 3.000000 -1.047198 0.000000
vt 3.000000 -0.872665 0.000000
vt 3.000000 -0.698132 0.000000
vt 3.000000 -0.523599 0.000000
vt 3.000000 -0.349066 0.000000
vt 3.000000 -0.174533 0.000000
vt 3.000000 0.000000 0.000000
vt 0.000000 0.000000 0.000000
vt 1.400000 0.000000 0.000000
vt 1.400000 3.000000 0.000000
vt 0.000000 3.000000 0.000000
vt -0.000000 0.000000 0.000000
vt -0.000000 0.235619 0.000000
vt -0.000000 0.471239 0.000000
vt -0.000000 0.706858 0.000000
vt -0.000000 0.942478 0.000000
vt -0.000000 1.178097 0.000000
vt -0.000000 1.413717 0.000000
vt -0.000000 1.649336 0.000000
vt -0.000000 1.884956 0.000000
vt -0.000000 2.120575 0.000000
vt -0.000000 2.356194 0.000000
vt -0.000000 2.591814 0.000000
vt -0.000000 2.827433 0.000000
vt -3.000000 2.827433 0.000000
vt -3.000000 2.591814 0.000000
vt -3.000000 2.356194 0.000000
vt -3.000000 2.120575 0.000000
vt -3.000000 1.884956 0.000000
vt -3.000000 1.649336 0.000000
vt -3.000000 1.413717 0.000000
vt -3.000000 1.178097 0.000000
vt -3.000000 0.942478 0.000000
vt -3.000000 0.706858 0.000000
vt -3.000000 0.471239 0.000000
vt -3.000000 0.235619 0.000000
vt -3.000000 0.000000 0.000000
vt 0.000000 0.000000 0.000000
vt 1.400000 0.000000 0.000000
vt 1.400000 3.000000 0.000000
vt 0.000000 3.000000 0.000000
vt 0.000000 0.000000 0.000000
vt 0.000000 -0.174533 0.000000
vt 0.000000 -0.349066 0.000000
vt 0.000000 -0.523599 0.000000
vt 0.000000 -0.698132 0.000000
vt 0.000000 -0.872665 0.000000
vt 0.000000 -1.047198 0.000000
vt 0.000000 -1.221730 0.000000
vt 0.000000 -1.396263 0.000000
vt 0.000000 -1.570796 0.000000
vt 3.000000 -1.570796 0.000000
vt 3.000000 -1.396263 0.000000
vt 3.000000 -1.221730 0.000000
vt 3.000000 -1.047198 0.000000
vt 3.000000 -0.872665 0.000000
vt 3.000000 -0.698132 0.000000
vt 3.000000 -0.523599 0.000000
vt 3.000000 -0.349066 0.000000
vt 3.000000 -0.174533 0.000000
vt 3.000000 0.000000 0.000000
vt 0.000000 0.000000 0.000000
vt 1.400000 0.000000 0.000000
vt 1.400000 3.000000 0.000000
vt 0.000000 3.000000 0.000000
vt -0.000000 0.000000 0.000000
vt -0.000000 0.235619 0.000000
vt -0.000000 0.471239 0.000000
vt -0.000000 0.706858 0.000000
vt -0.000000 0.942478 0.000000
vt -0.000000 1.178097 0.000000
vt -0.000000 1.413717 0.000000
vt -0.000000 1.649336 0.000000
vt -0.000000 1.884956 0.000000
vt -0.000000 2.120575 0.000000
vt -0.000000 2.356194 0.000000
vt -0.000000 2.591814 0.000000
vt -0.000000 2.827433 0.000000
vt -3.000000 2.827433 0.000000
vt -3.000000 2.591814 0.000000
vt -3.000000 2.356194 0.000000
vt -3.000000 2.120575 0.000000
vt -3.000000 1.884956 0.000000
vt -3.000000 1.649336 0.000000
vt -3.000000 1.413717 0.000000
vt -3.000000 1.178097 0.000000
vt -3.000000 0.942478 0.000000
vt -3.000000 0.706858 0.000000
vt -3.000000 0.471239 0.000000
vt -3.000000 0.235619 0.000000
vt -3.000000 0.000000 0.000000
vt 0.000000 0.000000 0.000000
vt 1.400000 0.000000 0.000000
vt 1.400000 3.000000 0.000000
vt 0.000000 3.000000 0.000000
vt 0.000000 0.000000 0.000000
vt 0.000000 -0.174533 0.000000
vt 0.000000 -0.349066 0.000000
vt 0.000000 -0.523599 0.000000
vt 0.000000 -0.698132 0.000000
vt 0.000000 -0.872665 0.000000
vt 0.000000 -1.047198 0.000000
vt 0.000000 -1.221730 0.000000
vt 0.000000 -1.396263 0.000000
vt 0.000000 -1.570796 0.000000
vt 3.000000 -1.570796 0.000000
vt 3.000000 -1.396263 0.000000
vt 3.000000 -1.221730 0.000000
vt 3.000000 -1.047198 0.000000
vt 3.000000 -0.872665 0.000000
vt 3.000000 -0.698132 0.000000
vt 3.000000 -0.523599 0.000000
vt 3.000000 -0.349066 0.000000
vt 3.000000 -0.174533 0.000000
vt 3.000000 0.000000 0.000000
vt 6.400000 1.150000 0.000000
vt 5.700000 1.150000 0.000000
vt 5.700000 1.850000 0.000000
vt 6.400000 1.850000 0.000000
vt 4.000000 1.150000 0.000000
vt 3.300000 1.150000 0.000000
vt 3.300000 1.850000 0.000000
vt 4.000000 1.850000 0.000000
vt 7.600000 1.150000 0.000000
vt 6.900000 1.150000 0.000000
vt 6.900000 1.850000 0.000000
vt 7.600000 1.850000 0.000000
vt 5.200000 1.150000 0.000000
vt 4.500000 1.150000 0.000000
vt 4.500000 1.850000 0.000000
vt 5.200000 1.850000 0.000000
vt 2.800000 1.150000 0.000000
vt 2.100000 1.150000 0.000000
vt 2.100000 1.850000 0.000000
vt 2.800000 1.850000 0.000000
vt 8.800000 1.150000 0.000000
vt 8.100000 1.150000 0.000000
vt 8.100000 1.850000 0.000000
vt 8.800000 1.850000 0.000000
vt 13.800000 0.000000 0.000000
vt 13.800000 3.000000 0.000000
vt 0.000000 3.000000 0.000000
vt 0.000000 0.000000 0.000000
vt -1.300000 0.000000 0.000000
vt 0.300000 0.000000 0.000000
vt 0.300000 3.000000 0.000000
vt 0.000000 3.000000 0.000000
vt 0.000000 1.200000 0.000000
vt -0.026795 1.100000 0.000000
vt -0.100000 1.026795 0.000000
vt -0.200000 1.000000 0.000000
vt -1.300000 1.000000 0.000000
vt 7.300000 -2.100000 0.000000
vt 7.400000 -2.073205 0.000000
vt 7.473205 -2.000000 0.000000
vt 7.500000 -1.900000 0.000000
vt 7.500000 1.900000 0.000000
vt 7.473205 2.000000 0.000000
vt 7.400000 2.073205 0.000000
vt 7.300000 2.100000 0.000000
vt -6.900000 2.100000 0.000000
vt -6.900000 1.800000 0.000000
vt 6.900000 1.800000 0.000000
vt 7.000000 1.773205 0.000000
vt 7.073205 1.700000 0.000000
vt 7.100000 1.600000 0.000000
vt 7.100000 -0.700000 0.000000
vt 7.069846 -0.871010 0.000000
vt 6.983022 -1.021394 0.000000
vt 6.850000 -1.133013 0.000000
vt 6.686824 -1.192404 0.000000
vt 6.513176 -1.192404 0.000000
vt 6.350000 -1.133013 0.000000
vt 6.216978 -1.021394 0.000000
vt 6.130154 -0.871010 0.000000
vt 6.100000 -0.700000 0.000000
vt 6.100000 0.700000 0.000000
vt 6.069333 0.932937 0.000000
vt 5.979423 1.150000 0.000000
vt 5.836396 1.336396 0.000000
vt 5.650000 1.479423 0.000000
vt 5.432937 1.569333 0.000000
vt 5.200000 1.600000 0.000000
vt 4.967063 1.569333 0.000000
vt 4.750000 1.479423 0.000000
vt 4.563604 1.336396 0.000000
vt 4.420577 1.150000 0.000000
vt 4.330667 0.932937 0.000000
vt 4.300000 0.700000 0.000000
vt 4.300000 -0.700000 0.000000
vt 4.269846 -0.871010 0.000000
vt 4.183022 -1.021394 0.000000
vt 4.050000 -1.133013 0.000000
vt 3.886824 -1.192404 0.000000
vt 3.713176 -1.192404 0.000000
vt 3.550000 -1.133013 0.000000
vt 3.416978 -1.021394 0.000000
vt 3.330154 -0.871010 0.000000
vt 3.300000 -0.700000 0.000000
vt 3.300000 0.700000 0.000000
vt 3.269333 0.932937 0.000000
vt 3.179423 1.150000 0.000000
vt 3.036396 1.336396 0.000000
vt 2.850000 1.479423 0.000000
vt 2.632937 1.569333 0.000000
vt 2.400000 1.600000 0.000000
vt 2.167063 1.569333 0.000000
vt 1.950000 1.479423 0.000000
vt 1.763604 1.336396 0.000000
vt 1.620577 1.150000 0.000000
vt 1.530667 0.932937 0.000000
vt 1.500000 0.700000 0.000000
vt 1.500000 -0.700000 0.000000
vt 1.469846 -0.871010 0.000000
vt 1.383022 -1.021394 0.000000
vt 1.250000 -1.133013 0.000000
vt 1.086824 -1.192404 0.000000
vt 0.913176 -1.192404 0.000000
vt 0.750000 -1.133013 0.000000
vt 0.616978 -1.021394 0.000000
vt 0.530154 -0.871010 0.000000
vt 0.500000 -0.700000 0.000000
vt 0.500000 0.700000 0.000000
vt 0.469333 0.932937 0.000000
vt 0.379423 1.150000 0.000000
vt 0.236396 1.336396 0.000000
vt 0.050000 1.479423 0.000000
vt -0.167063 1.569333 0.000000
vt -0.400000 1.600000 0.000000
vt -0.632937 1.569333 0.000000
vt -0.850000 1.479423 0.000000
vt -1.036396 1.336396 0.000000
vt -1.179423 1.150000 0.000000
vt -1.269333 0.932937 0.000000
vt -1.300000 0.700000 0.000000
vt -1.300000 -0.700000 0.000000
vt -1.330154 -0.871010 0.000000
vt -1.416978 -1.021394 0.000000
vt -1.550000 -1.133013 0.000000
vt -1.713176 -1.192404 0.000000
vt -1.886824 -1.192404 0.000000
vt -2.050000 -1.133013 0.000000
vt -2.183022 -1.021394 0.000000
vt -2.269846 -0.871010 0.000000
vt -2.300000 -0.700000 0.000000
vt -2.300000 0.700000 0.000000
vt -2.330667 0.932937 0.000000
vt -2.420577 1.150000 0.000000
vt -2.563604 1.336396 0.000000
vt -2.750000 1.479423 0.000000
vt -2.967063 1.569333 0.000000
vt -3.200000 1.600000 0.000000
vt -3.432937 1.569333 0.000000
vt -3.650000 1.479423 0.000000
vt -3.836396 1.336396 0.000000
vt -3.979423 1.150000 0.000000
vt -4.069333 0.932937 0.000000
vt -4.100000 0.700000 0.000000
vt -4.100000 -0.700000 0.000000
vt -4.130154 -0.871010 0.000000
vt -4.216978 -1.021394 0.000000
vt -4.350000 -1.133013 0.000000
vt -4.513176 -1.192404 0.000000
vt -4.686824 -1.192404 0.000000
vt -4.850000 -1.133013 0.000000
vt -4.983022 -1.021394 0.000000
vt -5.069846 -0.871010 0.000000
vt -5.100000 -0.700000 0.000000
vt -5.100000 0.700000 0.000000
vt -5.116622 0.872172 0.000000
vt -5.165874 1.037984 0.000000
vt -5.245936 1.191312 0.000000
vt -5.353852 1.326492 0.000000
vt -5.485635 1.438531 0.000000
vt -5.636417 1.523291 0.000000
vt -5.800629 1.577640 0.000000
vt -5.972206 1.599571 0.000000
vt -6.144809 1.588274 0.000000
vt -6.312063 1.544166 0.000000
vt -6.467791 1.468877 0.000000
vt -6.606239 1.365188 0.000000
vt -6.722294 1.236928 0.000000
vt -6.811669 1.088835 0.000000
vt -6.871064 0.926380 0.000000
vt -6.898283 0.755562 0.000000
vt -6.900000 0.700000 0.000000
vt -6.900000 0.755668 0.000000
vt -7.200000 0.755668 0.000000
vt -7.200000 1.600000 0.000000
vt -7.500000 1.600000 0.000000
vt -7.500000 -1.600000 0.000000
vt -7.200000 -1.600000 0.000000
vt -7.200000 -1.053939 0.000000
vt -6.970583 -0.948362 0.000000
vt -6.774931 -0.788677 0.000000
vt -6.625524 -0.585068 0.000000
vt -6.531889 -0.350523 0.000000
vt -6.500000 -0.100000 0.000000
vt -6.500000 0.700000 0.000000
vt -6.469846 0.871010 0.000000
vt -6.383022 1.021394 0.000000
vt -6.250000 1.133013 0.000000
vt -6.086824 1.192404 0.000000
vt -5.913176 1.192404 0.000000
vt -5.750000 1.133013 0.000000
vt -5.616978 1.021394 0.000000
vt -5.530154 0.871010 0.000000
vt -5.500000 0.700000 0.000000
vt -5.500000 -0.700000 0.000000
vt -5.469333 -0.932937 0.000000
vt -5.379423 -1.150000 0.000000
vt -5.236396 -1.336396 0.000000
vt -5.050000 -1.479423 0.000000
vt -4.832937 -1.569333 0.000000
vt -4.600000 -1.600000 0.000000
vt -4.367063 -1.569333 0.000000
vt -4.150000 -1.479423 0.000000
vt -3.963604 -1.336396 0.000000
vt -3.820577 -1.150000 0.000000
vt -3.730667 -0.932937 0.000000
vt -3.700000 -0.700000 0.000000
vt -3.700000 0.700000 0.000000
vt -3.669846 0.871010 0.000000
vt -3.583022 1.021394 0.000000
vt -3.450000 1.133013 0.000000
vt -3.286824 1.192404 0.000000
vt -3.113176 1.192404 0.000000
vt -2.950000 1.133013 0.000000
vt -2.816978 1.021394 0.000000
vt -2.730154 0.871010 0.000000
vt -2.700000 0.700000 0.000000
vt -2.700000 -0.700000 0.000000
vt -2.669333 -0.932937 0.000000
vt -2.579423 -1.150000 0.000000
vt -2.436396 -1.336396 0.000000
vt -2.250000 -1.479423 0.000000
vt -2.032937 -1.569333 0.000000
vt -1.800000 -1.600000 0.000000
vt -1.567063 -1.569333 0.000000
vt -1.350000 -1.479423 0.000000
vt -1.163604 -1.336396 0.000000
vt -1.020577 -1.150000 0.000000
vt -0.930667 -0.932937 0.000000
vt -0.900000 -0.700000 0.000000
vt -0.900000 0.700000 0.000000
vt -0.869846 0.871010 0.000000
vt -0.783022 1.021394 0.000000
vt -0.650000 1.133013 0.000000
vt -0.486824 1.192404 0.000000
vt -0.313176 1.192404 0.000000
vt -0.150000 1.133013 0.000000
vt -0.016978 1.021394 0.000000
vt 0.069846 0.871010 0.000000
vt 0.100000 0.700000 0.000000
vt 0.100000 -0.700000 0.000000
vt 0.130667 -0.932937 0.000000
vt 0.220577 -1.150000 0.000000
vt 0.363604 -1.336396 0.000000
vt 0.550000 -1.479423 0.000000
vt 0.767063 -1.569333 0.000000
vt 1.000000 -1.600000 0.000000
vt 1.232937 -1.569333 0.000000
vt 1.450000 -1.479423 0.000000
vt 1.636396 -1.336396 0.000000
vt 1.779423 -1.150000 0.000000
vt 1.869333 -0.932937 0.000000
vt 1.900000 -0.700000 0.000000
vt 1.900000 0.700000 0.000000
vt 1.930154 0.871010 0.000000
vt 2.016978 1.021394 0.000000
vt 2.150000 1.133013 0.000000
vt 2.313176 1.192404 0.000000
vt 2.486824 1.192404 0.000000
vt 2.650000 1.133013 0.000000
vt 2.783022 1.021394 0.000000
vt 2.869846 0.871010 0.000000
vt 2.900000 0.700000 0.000000
vt 2.900000 -0.700000 0.000000
vt 2.930667 -0.932937 0.000000
vt 3.020577 -1.150000 0.000000
vt 3.163604 -1.336396 0.000000
vt 3.350000 -1.479423 0.000000
vt 3.567063 -1.569333 0.000000
vt 3.800000 -1.600000 0.000000
vt 4.032937 -1.569333 0.000000
vt 4.250000 -1.479423 0.000000
vt 4.436396 -1.336396 0.000000
vt 4.579423 -1.150000 0.000000
vt 4.669333 -0.932937 0.000000
vt 4.700000 -0.700000 0.000000
vt 4.700000 0.700000 0.000000
vt 4.730154 0.871010 0.000000
vt 4.816978 1.021394 0.000000
vt 4.950000 1.133013 0.000000
vt 5.113176 1.192404 0.000000
vt 5.286824 1.192404 0.000000
vt 5.450000 1.133013 0.000000
vt 5.583022 1.021394 0.000000
vt 5.669847 0.871010 0.000000
vt 5.700000 0.700000 0.000000
vt 5.700000 -0.700000 0.000000
vt 5.732601 -0.940040 0.000000
vt 5.828042 -1.162689 0.000000
vt 5.979409 -1.351818 0.000000
vt 6.175736 -1.493725 0.000000
vt 6.402799 -1.578130 0.000000
vt 6.644149 -1.598917 0.000000
vt 6.882300 -1.554580 0.000000
vt 7.100000 -1.448331 0.000000
vt 7.100000 -1.600000 0.000000
vt 7.073205 -1.700000 0.000000
vt 7.000000 -1.773205 0.000000
vt 6.900000 -1.800000 0.000000
vt -6.900000 -1.800000 0.000000
vt -6.900000 -2.100000 0.000000
vn 0.000000 0.000000 0.100000
vn -0.050000 0.000000 0.086603
vn -0.086603 0.000000 0.050000
vn -0.100000 0.000000 0.000000
vn -0.100000 0.000000 0.000000
vn -0.086603 0.000000 0.050000
vn -0.050000 0.000000 0.086603
vn 0.000000 0.000000 0.100000
vn 0.000000 0.000000 0.100000
vn 0.000000 0.000000 0.100000
vn 0.000000 0.000000 0.100000
vn 0.000000 0.000000 0.100000
vn 0.000000 -0.100000 0.000000
vn 0.000000 -0.100000 0.000000
vn 0.000000 -0.100000 0.000000
vn 0.000000 -0.100000 0.000000
vn 0.000000 -0.100000 0.000000
vn 0.000000 -0.100000 0.000000
vn 0.000000 -0.100000 0.000000
vn 0.000000 -0.100000 0.000000
vn 0.000000 -0.100000 0.000000
vn 0.000000 -0.100000 0.000000
vn 0.000000 -0.100000 0.000000
vn 0.000000 -0.100000 0.000000
vn 0.000000 -0.100000 0.000000
vn 0.000000 -0.100000 0.000000
vn 0.000000 -0.100000 0.000000
vn 0.000000 -0.100000 0.000000
vn 0.000000 -0.100000 0.000000
vn 0.000000 -0.100000 0.000000
vn 0.000000 -0.100000 0.000000
vn 0.000000 -0.100000 0.000000
vn 0.000000 -0.100000 0.000000
vn 0.000000 -0.100000 0.000000
vn 0.000000 -0.100000 0.000000
vn 0.000000 -0.100000 0.000000
vn 0.000000 -0.100000 0.000000
vn 0.000000 -0.100000 0.000000
vn 0.000000 -0.100000 0.000000
vn 0.000000 -0.100000 0.000000
vn 0.000000 -0.100000 0.000000
vn 0.000000 -0.100000 0.000000
vn 0.000000 -0.100000 0.000000
vn 0.000000 -0.100000 0.000000
vn 0.000000 -0.100000 0.000000
vn 0.000000 -0.100000 0.000000
vn 0.000000 -0.100000 0.000000
vn 0.000000 -0.100000 0.000000
vn 0.000000 -0.100000 0.000000
vn 0.000000 -0.100000 0.000000
vn 0.000000 -0.100000 0.000000
vn 0.000000 -0.100000 0.000000
vn 0.000000 -0.100000 0.000000
vn 0.000000 -0.100000 0.000000
vn 0.000000 -0.100000 0.000000
vn 0.000000 -0.100000 0.000000
vn 0.000000 -0.100000 0.000000
vn 0.000000 -0.100000 0.000000
vn 0.000000 -0.100000 0.000000
vn 0.000000 -0.100000 0.000000
vn 0.000000 -0.100000 0.000000
vn 0.000000 -0.100000 0.000000
vn 0.000000 -0.100000 0.000000
vn 0.000000 -0.100000 0.000000
vn 0.000000 -0.100000 0.000000
vn 0.000000 -0.100000 0.000000
vn 0.000000 -0.100000 0.000000
vn 0.000000 -0.100000 0.000000
vn 0.000000 -0.100000 0.000000
vn 0.000000 -0.100000 0.000000
vn 0.000000 -0.100000 0.000000
vn 0.000000 -0.100000 0.000000
vn 0.000000 -0.100000 0.000000
vn 0.000000 -0.100000 0.000000
vn 0.000000 -0.100000 0.000000
vn 0.000000 -0.100000 0.000000
vn 0.000000 -0.100000 0.000000
vn 0.000000 -0.100000 0.000000
vn 0.000000 -0.100000 0.000000
vn 0.000000 -0.100000 0.000000
vn 0.000000 -0.100000 0.000000
vn 0.000000 -0.100000 0.000000
vn 0.000000 -0.100000 0.000000
vn 0.000000 -0.100000 0.000000
vn 0.000000 -0.100000 0.000000
vn 0.000000 -0.100000 0.000000
vn 0.000000 -0.100000 0.000000
vn 0.000000 -0.100000 0.000000
vn 0.000000 -0.100000 0.000000
vn 0.000000 -0.100000 0.000000
vn 0.000000 -0.100000 0.000000
vn 0.000000 -0.100000 0.000000
vn 0.000000 -0.100000 0.000000
vn 0.000000 -0.100000 0.000000
vn 0.000000 -0.100000 0.000000
vn 0.000000 -0.100000 0.000000
vn 0.000000 -0.100000 0.000000
vn 0.000000 -0.100000 0.000000
vn 0.000000 -0.100000 0.000000
vn 0.000000 -0.100000 0.000000
vn 0.000000 -0.100000 0.000000
vn 0.000000 -0.100000 0.000000
vn 0.000000 -0.100000 0.000000
vn 0.000000 -0.100000 0.000000
vn 0.000000 -0.100000 0.000000
vn 0.000000 -0.100000 0.000000
vn 0.000000 -0.100000 0.000000
vn 0.000000 -0.100000 0.000000
vn 0.000000 -0.100000 0.000000
vn 0.000000 -0.100000 0.000000
vn 0.000000 -0.100000 0.000000
vn 0.000000 -0.100000 0.000000
vn 0.000000 -0.100000 0.000000
vn 0.000000 -0.100000 0.000000
vn 0.000000 -0.100000 0.000000
vn 0.000000 -0.100000 0.000000
vn 0.000000 -0.100000 0.000000
vn 0.000000 -0.100000 0.000000
vn 0.000000 -0.100000 0.000000
vn 0.000000 -0.100000 0.000000
vn 0.000000 -0.100000 0.000000
vn 0.000000 -0.100000 0.000000
vn 0.000000 -0.100000 0.000000
vn 0.000000 -0.100000 0.000000
vn 0.000000 -0.100000 0.000000
vn 0.000000 -0.100000 0.000000
vn 0.000000 -0.100000 0.000000
vn 0.000000 -0.100000 0.000000
vn 0.000000 -0.100000 0.000000
vn 0.000000 -0.100000 0.000000
vn 0.000000 -0.100000 0.000000
vn 0.000000 -0.100000 0.000000
vn 0.000000 -0.100000 0.000000
vn 0.000000 -0.100000 0.000000
vn 0.000000 -0.100000 0.000000
vn 0.000000 -0.100000 0.000000
vn 0.000000 -0.100000 0.000000
vn 0.000000 -0.100000 0.000000
vn 0.000000 -0.100000 0.000000
vn 0.000000 -0.100000 0.000000
vn 0.000000 -0.100000 0.000000
vn 0.000000 -0.100000 0.000000
vn 0.000000 -0.100000 0.000000
vn 0.000000 -0.100000 0.000000
vn 0.000000 -0.100000 0.000000
vn 0.000000 -0.100000 0.000000
vn 0.000000 -0.100000 0.000000
vn 0.000000 -0.100000 0.000000
vn 0.000000 -0.100000 0.000000
vn 0.000000 -0.100000 0.000000
vn 0.000000 -0.100000 0.000000
vn 0.000000 -0.100000 0.000000
vn 0.000000 -0.100000 0.000000
vn 0.000000 -0.100000 0.000000
vn 0.000000 -0.100000 0.000000
vn 0.000000 -0.100000 0.000000
vn 0.000000 -0.100000 0.000000
vn 0.000000 -0.100000 0.000000
vn 0.000000 -0.100000 0.000000
vn 0.000000 -0.100000 0.000000
vn 0.000000 -0.100000 0.000000
vn 0.000000 -0.100000 0.000000
vn 0.000000 -0.100000 0.000000
vn 0.000000 -0.100000 0.000000
vn 0.000000 -0.100000 0.000000
vn 0.000000 -0.100000 0.000000
vn 0.000000 -0.100000 0.000000
vn 0.000000 -0.100000 0.000000
vn 0.000000 -0.100000 0.000000
vn 0.000000 -0.100000 0.000000
vn 0.000000 -0.100000 0.000000
vn 0.000000 -0.100000 0.000000
vn 0.000000 -0.100000 0.000000
vn 0.000000 -0.100000 0.000000
vn 0.000000 -0.100000 0.000000
vn 0.000000 -0.100000 0.000000
vn 0.000000 -0.100000 0.000000
vn 0.000000 -0.100000 0.000000
vn 0.000000 -0.100000 0.000000
vn 0.000000 -0.100000 0.000000
vn 0.000000 -0.100000 0.000000
vn 0.000000 -0.100000 0.000000
vn 0.000000 -0.100000 0.000000
vn 0.000000 -0.100000 0.000000
vn 0.000000 -0.100000 0.000000
vn 0.000000 -0.100000 0.000000
vn 0.000000 -0.100000 0.000000
vn 0.000000 -0.100000 0.000000
vn 0.000000 -0.100000 0.000000
vn 0.000000 -0.100000 0.000000
vn 0.000000 -0.100000 0.000000
vn 0.000000 -0.100000 0.000000
vn 0.000000 -0.100000 0.000000
vn 0.000000 -0.100000 0.000000
vn 0.000000 -0.100000 0.000000
vn 0.000000 -0.100000 0.000000
vn 0.000000 -0.100000 0.000000
vn 0.000000 -0.100000 0.000000
vn 0.000000 -0.100000 0.000000
vn 0.000000 -0.100000 0.000000
vn 0.000000 -0.100000 0.000000
vn 0.000000 -0.100000 0.000000
vn 0.000000 -0.100000 0.000000
vn 0.000000 -0.100000 0.000000
vn 0.000000 -0.100000 0.000000
vn 0.000000 -0.100000 0.000000
vn 0.000000 -0.100000 0.000000
vn 0.000000 -0.100000 0.000000
vn 0.000000 -0.100000 0.000000
vn 0.000000 -0.100000 0.000000
vn 0.000000 -0.100000 0.000000
vn 0.000000 -0.100000 0.000000
vn 0.000000 -0.100000 0.000000
vn 0.000000 -0.100000 0.000000
vn 0.000000 -0.100000 0.000000
vn 0.000000 -0.100000 0.000000
vn 0.000000 -0.100000 0.000000
vn 0.000000 -0.100000 0.000000
vn 0.000000 -0.100000 0.000000
vn 0.000000 -0.100000 0.000000
vn 0.000000 -0.100000 0.000000
vn 0.000000 -0.100000 0.000000
vn 0.000000 -0.100000 0.000000
vn 0.000000 -0.100000 0.000000
vn 0.000000 -0.100000 0.000000
vn 0.000000 -0.100000 0.000000
vn 0.000000 -0.100000 0.000000
vn 0.000000 -0.100000 0.000000
vn 0.000000 -0.100000 0.000000
vn 0.000000 -0.100000 0.000000
vn 0.000000 -0.100000 0.000000
vn 0.000000 -0.100000 0.000000
vn 0.000000 -0.100000 0.000000
vn 0.000000 -0.100000 0.000000
vn 0.000000 -0.100000 0.000000
vn 0.000000 -0.100000 0.000000
vn 0.000000 -0.100000 0.000000
vn 0.000000 -0.100000 0.000000
vn 0.000000 -0.100000 0.000000
vn 0.000000 -0.100000 0.000000
vn 0.000000 -0.100000 0.000000
vn 0.000000 -0.100000 0.000000
vn 0.000000 -0.100000 0.000000
vn 0.000000 -0.100000 0.000000
vn 0.000000 -0.100000 0.000000
vn 0.000000 -0.100000 0.000000
vn 0.000000 -0.100000 0.000000
vn 0.000000 -0.100000 0.000000
vn 0.000000 -0.100000 0.000000
vn 0.000000 -0.100000 0.000000
vn 0.000000 -0.100000 0.000000
vn 0.000000 -0.100000 0.000000
vn 0.000000 -0.100000 0.000000
vn 0.000000 -0.100000 0.000000
vn 0.000000 -0.100000 0.000000
vn 0.000000 -0.100000 0.000000
vn 0.000000 -0.100000 0.000000
vn 0.000000 -0.100000 0.000000
vn 0.000000 -0.100000 0.000000
vn 0.000000 -0.100000 0.000000
vn 0.000000 -0.100000 0.000000
vn 0.000000 -0.100000 0.000000
vn 0.000000 -0.100000 0.000000
vn 0.000000 -0.100000 0.000000
vn 0.000000 -0.100000 0.000000
vn 0.000000 -0.100000 0.000000
vn 0.000000 -0.100000 0.000000
vn 0.000000 -0.100000 0.000000
vn 0.000000 -0.100000 0.000000
vn 0.000000 -0.100000 0.000000
vn 0.000000 -0.100000 0.000000
vn 0.000000 -0.100000 0.000000
vn 0.000000 -0.100000 0.000000
vn 0.000000 -0.100000 0.000000
vn 0.000000 -0.100000 0.000000
vn 0.000000 -0.100000 0.000000
vn 0.000000 -0.100000 0.000000
vn 0.000000 -0.100000 0.000000
vn 0.000000 -0.100000 0.000000
vn 0.000000 -0.100000 0.000000
vn 0.000000 -0.100000 0.000000
vn 0.000000 -0.100000 0.000000
vn 0.000000 -0.100000 0.000000
vn 0.000000 -0.100000 0.000000
vn 0.000000 -0.100000 0.000000
vn 0.000000 -0.100000 0.000000
vn 0.000000 -0.100000 0.000000
vn 0.000000 -0.100000 0.000000
vn 0.000000 -0.100000 0.000000
vn 0.000000 -0.100000 0.000000
vn 0.000000 -0.100000 0.000000
vn 0.000000 -0.100000 0.000000
vn 0.000000 -0.100000 0.000000
vn 0.000000 -0.100000 0.000000
vn 0.000000 -0.100000 0.000000
vn 0.000000 -0.100000 0.000000
vn 0.000000 -0.100000 0.000000
vn 0.000000 -0.100000 0.000000
vn 0.000000 -0.100000 0.000000
vn 0.000000 -0.100000 0.000000
vn 0.000000 -0.100000 0.000000
vn 0.100000 0.000000 0.000000
vn 0.086603 0.000000 0.050000
vn 0.050000 0.000000 0.086603
vn 0.000000 0.000000 0.100000
vn 0.000000 0.000000 0.100000
vn 0.050000 0.000000 0.086603
vn 0.086603 0.000000 0.050000
vn 0.100000 0.000000 0.000000
vn 0.000000 0.100000 0.000000
vn -0.038268 0.092388 0.000000
vn -0.070711 0.070711 0.000000
vn -0.092388 0.038268 0.000000
vn -0.100000 0.000000 0.000000
vn -0.100000 0.000000 0.000000
vn -0.086603 0.050000 0.000000
vn -0.050000 0.086603 0.000000
vn 0.000000 0.100000 0.000000
vn -0.100000 0.000000 0.000000
vn -0.100000 0.000000 0.000000
vn -0.100000 0.000000 0.000000
vn -0.100000 0.000000 0.000000
vn -0.100000 0.000000 0.000000
vn -0.100000 0.000000 0.000000
vn -0.100000 0.000000 0.000000
vn -0.100000 0.000000 0.000000
vn -0.100000 0.000000 0.000000
vn -0.100000 0.000000 0.000000
vn -0.100000 0.000000 0.000000
vn -0.100000 0.000000 0.000000
vn -0.100000 0.000000 0.000000
vn -0.100000 0.000000 0.000000
vn -0.100000 0.000000 0.000000
vn -0.100000 0.000000 0.000000
vn -0.100000 0.000000 0.000000
vn -0.100000 0.000000 0.000000
vn -0.100000 0.000000 0.000000
vn -0.100000 0.000000 0.000000
vn -0.100000 0.000000 0.000000
vn -0.100000 0.000000 0.000000
vn -0.100000 0.000000 0.000000
vn -0.100000 0.000000 0.000000
vn -0.100000 0.000000 0.000000
vn -0.100000 0.000000 0.000000
vn -0.100000 0.000000 0.000000
vn -0.100000 0.000000 0.000000
vn -0.100000 0.000000 0.000000
vn -0.100000 0.000000 0.000000
vn 0.100000 0.000000 0.000000
vn 0.092388 0.038268 0.000000
vn 0.070711 0.070711 0.000000
vn 0.038268 0.092388 0.000000
vn 0.000000 0.100000 0.000000
vn 0.000000 0.100000 0.000000
vn 0.050000 0.086603 0.000000
vn 0.086603 0.050000 0.000000
vn 0.100000 0.000000 0.000000
vn 0.000000 0.100000 0.000000
vn 0.000000 0.100000 0.000000
vn 0.000000 0.100000 0.000000
vn 0.000000 0.100000 0.000000
vn 0.000000 0.100000 0.000000
vn 0.000000 0.100000 0.000000
vn 0.000000 0.100000 0.000000
vn 0.000000 0.100000 0.000000
vn 0.000000 0.100000 0.000000
vn 0.000000 0.100000 0.000000
vn 0.000000 0.100000 0.000000
vn 0.000000 0.100000 0.000000
vn 0.000000 0.000000 0.100000
vn 0.000000 0.000000 0.100000
vn 0.000000 0.000000 0.100000
vn 0.000000 0.000000 0.100000
vn 0.100000 0.000000 0.000000
vn 0.100000 0.000000 0.000000
vn 0.100000 0.000000 0.000000
vn 0.100000 0.000000 0.000000
vn 0.100000 0.000000 0.000000
vn 0.086603 0.000000 0.050000
vn 0.050000 0.000000 0.086603
vn 0.000000 0.000000 0.100000
vn 0.000000 0.000000 0.100000
vn 0.050000 0.000000 0.086603
vn 0.086603 0.000000 0.050000
vn 0.100000 0.000000 0.000000
vn 0.000000 0.000000 0.100000
vn 0.000000 0.000000 0.100000
vn 0.000000 0.000000 0.100000
vn 0.000000 0.000000 0.100000
vn 0.000000 0.000000 0.100000
vn -0.050000 0.000000 0.086603
vn -0.086603 0.000000 0.050000
vn -0.100000 0.000000 0.000000
vn -0.100000 0.000000 0.000000
vn -0.092388 0.000000 0.038268
vn -0.070711 0.000000 0.070711
vn -0.038268 0.000000 0.092388
vn 0.000000 0.000000 0.100000
vn 0.000000 0.000000 -0.100000
vn -0.050000 0.000000 -0.086603
vn -0.086603 0.000000 -0.050000
vn -0.100000 0.000000 0.000000
vn -0.100000 0.000000 0.000000
vn -0.086603 0.000000 -0.050000
vn -0.050000 0.000000 -0.086603
vn 0.000000 0.000000 -0.100000
vn -0.100000 0.000000 0.000000
vn -0.100000 0.000000 0.000000
vn -0.100000 0.000000 0.000000
vn -0.100000 0.000000 0.000000
vn 0.000000 0.100000 0.000000
vn 0.000000 0.100000 0.000000
vn 0.000000 0.100000 0.000000
vn 0.000000 0.100000 0.000000
vn 0.000000 0.100000 0.000000
vn 0.000000 0.100000 0.000000
vn 0.000000 0.100000 0.000000
vn 0.000000 0.100000 0.000000
vn 0.000000 0.100000 0.000000
vn 0.000000 0.100000 0.000000
vn 0.000000 0.100000 0.000000
vn 0.000000 0.100000 0.000000
vn -0.100000 0.000000 0.000000
vn -0.100000 0.000000 0.000000
vn -0.070711 -0.070711 0.000000
vn -0.038268 -0.092388 0.000000
vn 0.000000 -0.100000 0.000000
vn 0.000000 -0.100000 0.000000
vn -0.038268 -0.092388 0.000000
vn -0.070711 -0.070711 0.000000
vn -0.100000 0.000000 0.000000
vn -0.100000 0.000000 0.000000
vn -0.070711 0.000000 0.070711
vn -0.038268 0.000000 0.092388
vn 0.000000 0.000000 0.100000
vn 0.000000 0.000000 0.100000
vn -0.038268 0.000000 0.092388
vn -0.070711 0.000000 0.070711
vn -0.100000 0.000000 0.000000
vn -0.100000 0.000000 0.000000
vn -0.070711 0.070711 0.000000
vn -0.038268 0.092388 0.000000
vn 0.000000 0.100000 0.000000
vn 0.000000 0.100000 0.000000
vn -0.038268 0.092388 0.000000
vn -0.070711 0.070711 0.000000
vn 0.000000 0.000000 -0.100000
vn 0.000000 0.000000 -0.100000
vn -0.038268 0.000000 -0.092388
vn -0.070711 0.000000 -0.070711
vn -0.100000 0.000000 0.000000
vn -0.100000 0.000000 0.000000
vn -0.070711 0.000000 -0.070711
vn -0.038268 0.000000 -0.092388
vn 0.000000 -0.100000 0.000000
vn 0.000000 -0.100000 0.000000
vn 0.000000 -0.100000 0.000000
vn 0.000000 -0.100000 0.000000
vn -0.100000 0.000000 0.000000
vn -0.100000 0.000000 0.000000
vn -0.100000 0.000000 0.000000
vn -0.100000 0.000000 0.000000
vn 0.000000 0.100000 0.000000
vn 0.000000 0.100000 0.000000
vn 0.000000 0.100000 0.000000
vn 0.000000 0.100000 0.000000
vn -0.100000 0.000000 0.000000
vn -0.100000 0.000000 0.000000
vn -0.100000 0.000000 0.000000
vn -0.100000 0.000000 0.000000
vn 0.000000 0.100000 0.000000
vn 0.000000 0.100000 0.000000
vn 0.000000 0.100000 0.000000
vn 0.000000 0.100000 0.000000
vn 0.000000 0.100000 0.000000
vn 0.000000 0.100000 0.000000
vn 0.000000 0.100000 0.000000
vn 0.000000 0.000000 0.100000
vn 0.000000 0.000000 0.100000
vn 0.000000 0.000000 0.100000
vn 0.000000 0.000000 0.100000
vn 0.100000 0.000000 0.000000
vn 0.100000 0.000000 0.000000
vn 0.092388 0.000000 -0.038268
vn 0.070711 0.000000 -0.070711
vn 0.038268 0.000000 -0.092388
vn 0.000000 0.000000 -0.100000
vn 0.000000 0.000000 -0.100000
vn 0.038268 0.000000 -0.092388
vn 0.070711 0.000000 -0.070711
vn 0.092388 0.000000 -0.038268
vn 0.000000 -0.100000 0.000000
vn 0.000000 -0.100000 0.000000
vn 0.000000 -0.100000 0.000000
vn 0.000000 -0.100000 0.000000
vn 0.000000 -0.100000 0.000000
vn 0.000000 -0.100000 0.000000
vn 0.000000 -0.100000 0.000000
vn 0.000000 0.100000 0.000000
vn 0.000000 0.100000 0.000000
vn 0.000000 0.100000 0.000000
vn 0.000000 0.100000 0.000000
vn 0.000000 0.100000 0.000000
vn 0.000000 0.100000 0.000000
vn 0.000000 0.100000 0.000000
vn 0.000000 0.000000 0.100000
vn 0.000000 0.000000 0.100000
vn 0.000000 0.000000 0.100000
vn 0.000000 0.000000 0.100000
vn 0.100000 0.000000 0.000000
vn 0.100000 0.000000 0.000000
vn 0.092388 0.000000 -0.038268
vn 0.070711 0.000000 -0.070711
vn 0.038268 0.000000 -0.092388
vn 0.000000 0.000000 -0.100000
vn 0.000000 0.000000 -0.100000
vn 0.038268 0.000000 -0.092388
vn 0.070711 0.000000 -0.070711
vn 0.092388 0.000000 -0.038268
vn 0.000000 -0.100000 0.000000
vn 0.000000 -0.100000 0.000000
vn 0.000000 -0.100000 0.000000
vn 0.000000 -0.100000 0.000000
vn 0.000000 -0.100000 0.000000
vn 0.000000 -0.100000 0.000000
vn 0.000000 -0.100000 0.000000
vn 0.000000 0.100000 0.000000
vn 0.000000 0.100000 0.000000
vn 0.000000 0.100000 0.000000
vn 0.000000 0.100000 0.000000
vn 0.000000 0.100000 0.000000
vn 0.000000 0.100000 0.000000
vn 0.000000 0.100000 0.000000
vn 0.000000 0.000000 0.100000
vn 0.000000 0.000000 0.100000
vn 0.000000 0.000000 0.100000
vn 0.000000 0.000000 0.100000
vn 0.100000 0.000000 0.000000
vn 0.100000 0.000000 0.000000
vn 0.092388 0.000000 -0.038268
vn 0.070711 0.000000 -0.070711
vn 0.038268 0.000000 -0.092388
vn 0.000000 0.000000 -0.100000
vn 0.000000 0.000000 -0.100000
vn 0.038268 0.000000 -0.092388
vn 0.070711 0.000000 -0.070711
vn 0.092388 0.000000 -0.038268
vn 0.000000 -0.100000 0.000000
vn 0.000000 -0.100000 0.000000
vn 0.000000 -0.100000 0.000000
vn 0.000000 -0.100000 0.000000
vn 0.000000 -0.100000 0.000000
vn 0.000000 -0.100000 0.000000
vn 0.000000 -0.100000 0.000000
vn 0.000000 0.100000 0.000000
vn 0.000000 0.100000 0.000000
vn 0.000000 0.100000 0.000000
vn 0.000000 0.100000 0.000000
vn 0.000000 0.100000 0.000000
vn 0.000000 0.100000 0.000000
vn 0.000000 0.100000 0.000000
vn 0.000000 0.000000 0.100000
vn 0.000000 0.000000 0.100000
vn 0.000000 0.000000 0.100000
vn 0.000000 0.000000 0.100000
vn 0.100000 0.000000 0.000000
vn 0.100000 0.000000 0.000000
vn 0.092388 0.000000 -0.038268
vn 0.070711 0.000000 -0.070711
vn 0.038268 0.000000 -0.092388
vn 0.000000 0.000000 -0.100000
vn 0.000000 0.000000 -0.100000
vn 0.038268 0.000000 -0.092388
vn 0.070711 0.000000 -0.070711
vn 0.092388 0.000000 -0.038268
vn 0.000000 -0.100000 0.000000
vn 0.000000 -0.100000 0.000000
vn 0.000000 -0.100000 0.000000
vn 0.000000 -0.100000 0.000000
vn 0.000000 -0.100000 0.000000
vn 0.000000 -0.100000 0.000000
vn 0.000000 -0.100000 0.000000
vn 0.000000 0.100000 0.000000
vn 0.000000 0.100000 0.000000
vn 0.000000 0.100000 0.000000
vn 0.000000 0.100000 0.000000
vn 0.000000 0.100000 0.000000
vn 0.000000 0.100000 0.000000
vn 0.000000 0.100000 0.000000
vn 0.000000 0.000000 0.100000
vn 0.000000 0.000000 0.100000
vn 0.000000 0.000000 0.100000
vn 0.000000 0.000000 0.100000
vn 0.100000 0.000000 0.000000
vn 0.100000 0.000000 0.000000
vn 0.092388 0.000000 -0.038268
vn 0.070711 0.000000 -0.070711
vn 0.038268 0.000000 -0.092388
vn 0.000000 0.000000 -0.100000
vn 0.000000 0.000000 -0.100000
vn 0.038268 0.000000 -0.092388
vn 0.070711 0.000000 -0.070711
vn 0.092388 0.000000 -0.038268
vn 0.000000 -0.100000 0.000000
vn 0.000000 -0.100000 0.000000
vn 0.000000 -0.100000 0.000000
vn 0.000000 -0.100000 0.000000
vn 0.000000 -0.100000 0.000000
vn 0.000000 -0.100000 0.000000
vn 0.000000 -0.100000 0.000000
vn 0.000000 0.100000 0.000000
vn 0.000000 0.100000 0.000000
vn 0.000000 0.100000 0.000000
vn 0.000000 0.100000 0.000000
vn 0.000000 0.100000 0.000000
vn 0.000000 0.100000 0.000000
vn 0.000000 0.100000 0.000000
vn 0.000000 0.000000 0.100000
vn 0.000000 0.000000 0.100000
vn 0.000000 0.000000 0.100000
vn 0.000000 0.000000 0.100000
vn 0.100000 0.000000 0.000000
vn 0.100000 0.000000 0.000000
vn 0.092388 0.000000 -0.038268
vn 0.070711 0.000000 -0.070711
vn 0.038268 0.000000 -0.092388
vn 0.000000 0.000000 -0.100000
vn 0.000000 0.000000 -0.100000
vn 0.038268 0.000000 -0.092388
vn 0.070711 0.000000 -0.070711
vn 0.092388 0.000000 -0.038268
vn 0.000000 -0.100000 0.000000
vn 0.000000 -0.100000 0.000000
vn 0.000000 -0.100000 0.000000
vn 0.000000 -0.100000 0.000000
vn 0.000000 -0.100000 0.000000
vn 0.000000 -0.100000 0.000000
vn 0.000000 -0.100000 0.000000
vn 0.000000 0.000000 0.100000
vn 0.000000 0.000000 0.100000
vn 0.000000 0.000000 0.100000
vn 0.000000 0.000000 0.100000
vn -0.100000 0.000000 0.000000
vn -0.100000 0.000000 0.000000
vn -0.100000 0.000000 0.000000
vn -0.100000 0.000000 0.000000
vn 0.000000 0.000000 0.100000
vn -0.050000 0.000000 0.086603
vn -0.086603 0.000000 0.050000
vn -0.100000 0.000000 0.000000
vn -0.100000 0.000000 0.000000
vn -0.086603 0.000000 0.050000
vn -0.050000 0.000000 0.086603
vn 0.000000 0.000000 0.100000
vn 0.000000 0.000000 0.100000
vn 0.000000 0.000000 0.100000
vn 0.000000 0.000000 0.100000
vn 0.000000 0.000000 0.100000
vn 0.100000 0.000000 0.000000
vn 0.086603 0.000000 0.050000
vn 0.050000 0.000000 0.086603
vn 0.000000 0.000000 0.100000
vn 0.000000 0.000000 0.100000
vn 0.038268 0.000000 0.092388
vn 0.070711 0.000000 0.070711
vn 0.092388 0.000000 0.038268
vn 0.100000 0.000000 0.000000
vn 0.100000 0.000000 0.000000
vn 0.086603 0.000000 -0.050000
vn 0.050000 0.000000 -0.086603
vn 0.000000 0.000000 -0.100000
vn 0.000000 0.000000 -0.100000
vn 0.050000 0.000000 -0.086603
vn 0.086603 0.000000 -0.050000
vn 0.100000 0.000000 0.000000
vn 0.100000 0.000000 0.000000
vn 0.100000 0.000000 0.000000
vn 0.100000 0.000000 0.000000
vn 0.100000 0.000000 0.000000
vn 0.100000 0.000000 0.000000
vn 0.100000 0.000000 0.000000
vn 0.100000 0.000000 0.000000
vn 0.100000 0.000000 0.000000
vn 0.100000 0.000000 0.000000
vn 0.100000 0.000000 0.000000
vn 0.100000 0.000000 0.000000
vn 0.100000 0.000000 0.000000
vn 0.100000 0.000000 0.000000
vn 0.100000 0.000000 0.000000
vn 0.100000 0.000000 0.000000
vn 0.100000 0.000000 0.000000
vn 0.100000 0.000000 0.000000
vn 0.100000 0.000000 0.000000
vn 0.100000 0.000000 0.000000
vn 0.100000 0.000000 0.000000
vn 0.100000 0.000000 0.000000
vn 0.100000 0.000000 0.000000
vn 0.100000 0.000000 0.000000
vn 0.100000 0.000000 0.000000
vn 0.100000 0.000000 0.000000
vn 0.100000 0.000000 0.000000
vn 0.100000 0.000000 0.000000
vn 0.100000 0.000000 0.000000
vn 0.100000 0.000000 0.000000
vn 0.100000 0.000000 0.000000
vn 0.100000 0.000000 0.000000
vn 0.100000 0.000000 0.000000
vn 0.100000 0.000000 0.000000
vn 0.100000 0.000000 0.000000
vn 0.100000 0.000000 0.000000
vn 0.100000 0.000000 0.000000
vn 0.070711 -0.070711 0.000000
vn 0.038268 -0.092388 0.000000
vn 0.000000 -0.100000 0.000000
vn 0.000000 -0.100000 0.000000
vn 0.038268 -0.092388 0.000000
vn 0.070711 -0.070711 0.000000
vn 0.100000 0.000000 0.000000
vn 0.100000 0.000000 0.000000
vn 0.070711 0.000000 0.070711
vn 0.038268 0.000000 0.092388
vn 0.000000 0.000000 0.100000
vn 0.000000 0.000000 0.100000
vn 0.038268 0.000000 0.092388
vn 0.070711 0.000000 0.070711
vn 0.100000 0.000000 0.000000
vn 0.100000 0.000000 0.000000
vn 0.070711 0.070711 0.000000
vn 0.038268 0.092388 0.000000
vn 0.000000 0.100000 0.000000
vn 0.000000 0.100000 0.000000
vn 0.038268 0.092388 0.000000
vn 0.070711 0.070711 0.000000
vn 0.000000 0.000000 -0.100000
vn 0.000000 0.000000 -0.100000
vn 0.038268 0.000000 -0.092388
vn 0.070711 0.000000 -0.070711
vn 0.100000 0.000000 0.000000
vn 0.100000 0.000000 0.000000
vn 0.070711 0.000000 -0.070711
vn 0.038268 0.000000 -0.092388
vn 0.000000 0.000000 -0.100000
vn 0.000000 0.000000 -0.100000
vn 0.000000 0.000000 -0.100000
vn 0.000000 0.000000 -0.100000
vn 0.000000 0.000000 -0.100000
vn 0.000000 0.000000 -0.100000
vn 0.000000 0.000000 -0.100000
vn 0.000000 0.000000 -0.100000
vn 0.000000 0.000000 -0.100000
vn 0.000000 0.000000 -0.100000
vn 0.000000 0.000000 -0.100000
vn 0.000000 0.000000 -0.100000
vn 0.000000 -0.100000 0.000000
vn 0.000000 -0.100000 0.000000
vn 0.000000 -0.100000 0.000000
vn 0.000000 -0.100000 0.000000
vn 0.100000 0.000000 0.000000
vn 0.100000 0.000000 0.000000
vn 0.100000 0.000000 0.000000
vn 0.100000 0.000000 0.000000
vn 0.000000 0.100000 0.000000
vn 0.000000 0.100000 0.000000
vn 0.000000 0.100000 0.000000
vn 0.000000 0.100000 0.000000
vn 0.100000 0.000000 0.000000
vn 0.100000 0.000000 0.000000
vn 0.100000 0.000000 0.000000
vn 0.100000 0.000000 0.000000
vn 0.100000 0.000000 0.000000
vn 0.100000 0.000000 0.000000
vn 0.100000 0.000000 0.000000
vn 0.100000 0.000000 0.000000
vn 0.000000 0.100000 0.000000
vn 0.000000 0.100000 0.000000
vn 0.000000 0.100000 0.000000
vn 0.000000 0.100000 0.000000
vn 0.000000 0.100000 0.000000
vn 0.000000 0.100000 0.000000
vn 0.000000 0.100000 0.000000
vn 0.000000 0.000000 0.100000
vn 0.000000 0.000000 0.100000
vn 0.000000 0.000000 0.100000
vn 0.000000 0.000000 0.100000
vn -0.100000 0.000000 0.000000
vn -0.100000 0.000000 0.000000
vn -0.092388 0.000000 -0.038268
vn -0.070711 0.000000 -0.070711
vn -0.038268 0.000000 -0.092388
vn 0.000000 0.000000 -0.100000
vn 0.000000 0.000000 -0.100000
vn -0.038268 0.000000 -0.092388
vn -0.070711 0.000000 -0.070711
vn -0.092388 0.000000 -0.038268
vn 0.000000 -0.100000 0.000000
vn 0.000000 -0.100000 0.000000
vn 0.000000 -0.100000 0.000000
vn 0.000000 -0.100000 0.000000
vn 0.000000 -0.100000 0.000000
vn 0.000000 -0.100000 0.000000
vn 0.000000 -0.100000 0.000000
vn 0.000000 0.100000 0.000000
vn 0.000000 0.100000 0.000000
vn 0.000000 0.100000 0.000000
vn 0.000000 0.100000 0.000000
vn 0.000000 0.100000 0.000000
vn 0.000000 0.100000 0.000000
vn 0.000000 0.100000 0.000000
vn 0.000000 0.000000 0.100000
vn 0.000000 0.000000 0.100000
vn 0.000000 0.000000 0.100000
vn 0.000000 0.000000 0.100000
vn -0.100000 0.000000 0.000000
vn -0.100000 0.000000 0.000000
vn -0.092388 0.000000 -0.038268
vn -0.070711 0.000000 -0.070711
vn -0.038268 0.000000 -0.092388
vn 0.000000 0.000000 -0.100000
vn 0.000000 0.000000 -0.100000
vn -0.038268 0.000000 -0.092388
vn -0.070711 0.000000 -0.070711
vn -0.092388 0.000000 -0.038268
vn 0.000000 -0.100000 0.000000
vn 0.000000 -0.100000 0.000000
vn 0.000000 -0.100000 0.000000
vn 0.000000 -0.100000 0.000000
vn 0.000000 -0.100000 0.000000
vn 0.000000 -0.100000 0.000000
vn 0.000000 -0.100000 0.000000
vn 0.000000 0.100000 0.000000
vn 0.000000 0.100000 0.000000
vn 0.000000 0.100000 0.000000
vn 0.000000 0.100000 0.000000
vn 0.000000 0.100000 0.000000
vn 0.000000 0.100000 0.000000
vn 0.000000 0.100000 0.000000
vn 0.000000 0.000000 0.100000
vn 0.000000 0.000000 0.100000
vn 0.000000 0.000000 0.100000
vn 0.000000 0.000000 0.100000
vn -0.100000 0.000000 0.000000
vn -0.100000 0.000000 0.000000
vn -0.092388 0.000000 -0.038268
vn -0.070711 0.000000 -0.070711
vn -0.038268 0.000000 -0.092388
vn 0.000000 0.000000 -0.100000
vn 0.000000 0.000000 -0.100000
vn -0.038268 0.000000 -0.092388
vn -0.070711 0.000000 -0.070711
vn -0.092388 0.000000 -0.038268
vn 0.000000 -0.100000 0.000000
vn 0.000000 -0.100000 0.000000
vn 0.000000 -0.100000 0.000000
vn 0.000000 -0.100000 0.000000
vn 0.000000 -0.100000 0.000000
vn 0.000000 -0.100000 0.000000
vn 0.000000 -0.100000 0.000000
vn 0.000000 0.100000 0.000000
vn 0.000000 0.100000 0.000000
vn 0.000000 0.100000 0.000000
vn 0.000000 0.100000 0.000000
vn 0.000000 0.100000 0.000000
vn 0.000000 0.100000 0.000000
vn 0.000000 0.100000 0.000000
vn 0.000000 0.000000 0.100000
vn 0.000000 0.000000 0.100000
vn 0.000000 0.000000 0.100000
vn 0.000000 0.000000 0.100000
vn -0.100000 0.000000 0.000000
vn -0.100000 0.000000 0.000000
vn -0.092388 0.000000 -0.038268
vn -0.070711 0.000000 -0.070711
vn -0.038268 0.000000 -0.092388
vn 0.000000 0.000000 -0.100000
vn 0.000000 0.000000 -0.100000
vn -0.038268 0.000000 -0.092388
vn -0.070711 0.000000 -0.070711
vn -0.092388 0.000000 -0.038268
vn 0.000000 -0.100000 0.000000
vn 0.000000 -0.100000 0.000000
vn 0.000000 -0.100000 0.000000
vn 0.000000 -0.100000 0.000000
vn 0.000000 -0.100000 0.000000
vn 0.000000 -0.100000 0.000000
vn 0.000000 -0.100000 0.000000
vn 0.000000 0.100000 0.000000
vn 0.000000 0.100000 0.000000
vn 0.000000 0.100000 0.000000
vn 0.000000 0.100000 0.000000
vn 0.000000 0.100000 0.000000
vn 0.000000 0.100000 0.000000
vn 0.000000 0.100000 0.000000
vn 0.000000 0.000000 0.100000
vn 0.000000 0.000000 0.100000
vn 0.000000 0.000000 0.100000
vn 0.000000 0.000000 0.100000
vn -0.100000 0.000000 0.000000
vn -0.100000 0.000000 0.000000
vn -0.092388 0.000000 -0.038268
vn -0.070711 0.000000 -0.070711
vn -0.038268 0.000000 -0.092388
vn 0.000000 0.000000 -0.100000
vn 0.000000 0.000000 -0.100000
vn -0.038268 0.000000 -0.092388
vn -0.070711 0.000000 -0.070711
vn -0.092388 0.000000 -0.038268
vn 0.000000 -0.100000 0.000000
vn 0.000000 -0.100000 0.000000
vn 0.000000 -0.100000 0.000000
vn 0.000000 -0.100000 0.000000
vn 0.000000 -0.100000 0.000000
vn 0.000000 -0.100000 0.000000
vn 0.000000 -0.100000 0.000000
vn 0.000000 0.100000 0.000000
vn 0.000000 0.100000 0.000000
vn 0.000000 0.100000 0.000000
vn 0.000000 0.100000 0.000000
vn 0.000000 0.100000 0.000000
vn 0.000000 0.100000 0.000000
vn 0.000000 0.100000 0.000000
vn 0.000000 0.000000 0.100000
vn 0.000000 0.000000 0.100000
vn 0.000000 0.000000 0.100000
vn 0.000000 0.000000 0.100000
vn -0.100000 0.000000 0.000000
vn -0.100000 0.000000 0.000000
vn -0.092388 0.000000 -0.038268
vn -0.070711 0.000000 -0.070711
vn -0.038268 0.000000 -0.092388
vn 0.000000 0.000000 -0.100000
vn 0.000000 0.000000 -0.100000
vn -0.038268 0.000000 -0.092388
vn -0.070711 0.000000 -0.070711
vn -0.092388 0.000000 -0.038268
vn 0.000000 -0.100000 0.000000
vn 0.000000 -0.100000 0.000000
vn 0.000000 -0.100000 0.000000
vn 0.000000 -0.100000 0.000000
vn 0.000000 -0.100000 0.000000
vn 0.000000 -0.100000 0.000000
vn 0.000000 -0.100000 0.000000
vn -0.100000 0.000000 0.000000
vn -0.086603 0.000000 -0.050000
vn -0.050000 0.000000 -0.086603
vn 0.000000 0.000000 -0.100000
vn 0.000000 0.000000 -0.100000
vn -0.050000 0.000000 -0.086603
vn -0.086603 0.000000 -0.050000
vn -0.100000 0.000000 0.000000
vn 0.000000 0.000000 -0.100000
vn 0.000000 0.000000 -0.100000
vn 0.000000 0.000000 -0.100000
vn 0.000000 0.000000 -0.100000
vn 0.000000 0.000000 -0.100000
vn 0.050000 0.000000 -0.086603
vn 0.086603 0.000000 -0.050000
vn 0.100000 0.000000 0.000000
vn 0.100000 0.000000 0.000000
vn 0.086603 0.000000 -0.050000
vn 0.050000 0.000000 -0.086603
vn 0.000000 0.000000 -0.100000
vn 0.100000 0.000000 0.000000
vn 0.100000 0.000000 0.000000
vn 0.100000 0.000000 0.000000
vn 0.100000 0.000000 0.000000
vn 0.100000 0.000000 0.000000
vn 0.100000 0.000000 0.000000
vn 0.100000 0.000000 0.000000
vn 0.100000 0.000000 0.000000
vn 0.100000 0.000000 0.000000
vn 0.100000 0.000000 0.000000
vn 0.100000 0.000000 0.000000
vn 0.100000 0.000000 0.000000
vn 0.100000 0.000000 0.000000
vn 0.100000 0.000000 0.000000
vn 0.100000 0.000000 0.000000
vn 0.100000 0.000000 0.000000
vn 0.100000 0.000000 0.000000
vn 0.100000 0.000000 0.000000
vn 0.100000 0.000000 0.000000
vn 0.100000 0.000000 0.000000
vn 0.100000 0.000000 0.000000
vn 0.100000 0.000000 0.000000
vn 0.100000 0.000000 0.000000
vn 0.100000 0.000000 0.000000
vn 0.100000 0.000000 0.000000
vn 0.100000 0.000000 0.000000
vn 0.100000 0.000000 0.000000
vn 0.100000 0.000000 0.000000
vn 0.000000 0.000000 -0.100000
vn 0.000000 0.000000 -0.100000
vn 0.000000 0.000000 -0.100000
vn 0.000000 0.000000 -0.100000
vn 0.000000 0.000000 -0.100000
vn 0.000000 0.000000 -0.100000
vn 0.000000 0.000000 -0.100000
vn 0.000000 0.000000 -0.100000
vn 0.000000 0.000000 -0.100000
vn 0.000000 0.000000 -0.100000
vn 0.000000 0.000000 -0.100000
vn 0.000000 0.000000 -0.100000
vn 0.000000 0.000000 -0.100000
vn 0.000000 0.000000 -0.100000
vn -0.026671 0.000000 -0.096378
vn -0.051410 0.000000 -0.085773
vn -0.072424 0.000000 -0.068955
vn -0.088192 0.000000 -0.047140
vn -0.097570 0.000000 -0.021911
vn -0.099880 0.000000 0.004905
vn -0.094953 0.000000 0.031367
vn -0.083148 0.000000 0.055556
vn -0.083148 0.000000 0.055556
vn -0.094953 0.000000 0.031367
vn -0.099880 0.000000 0.004905
vn -0.097570 0.000000 -0.021911
vn -0.088192 0.000000 -0.047140
vn -0.072424 0.000000 -0.068955
vn -0.051410 0.000000 -0.085773
vn -0.026671 0.000000 -0.096378
vn 0.000000 0.000000 -0.100000
vn 0.000000 0.000000 -0.100000
vn 0.000000 0.000000 -0.100000
vn 0.000000 0.000000 -0.100000
vn 0.000000 0.000000 -0.100000
vn 0.000000 0.000000 0.100000
vn -0.034202 0.000000 0.093969
vn -0.064279 0.000000 0.076604
vn -0.086603 0.000000 0.050000
vn -0.098481 0.000000 0.017365
vn -0.098481 0.000000 -0.017365
vn -0.086603 0.000000 -0.050000
vn -0.064279 0.000000 -0.076604
vn -0.034202 0.000000 -0.093969
vn 0.000000 0.000000 -0.100000
vn 0.000000 0.000000 -0.100000
vn -0.034202 0.000000 -0.093969
vn -0.064279 0.000000 -0.076604
vn -0.086603 0.000000 -0.050000
vn -0.098481 0.000000 -0.017365
vn -0.098481 0.000000 0.017365
vn -0.086603 0.000000 0.050000
vn -0.064279 0.000000 0.076604
vn -0.034202 0.000000 0.093969
vn 0.000000 0.000000 0.100000
vn 0.000000 0.000000 0.100000
vn 0.000000 0.000000 0.100000
vn 0.000000 0.000000 0.100000
vn 0.000000 0.000000 0.100000
vn 0.000000 0.000000 -0.100000
vn -0.025882 0.000000 -0.096593
vn -0.050000 0.000000 -0.086603
vn -0.070711 0.000000 -0.070711
vn -0.086603 0.000000 -0.050000
vn -0.096593 0.000000 -0.025882
vn -0.100000 0.000000 0.000000
vn -0.096593 0.000000 0.025882
vn -0.086603 0.000000 0.050000
vn -0.070711 0.000000 0.070711
vn -0.050000 0.000000 0.086603
vn -0.025882 0.000000 0.096593
vn 0.000000 0.000000 0.100000
vn 0.000000 0.000000 0.100000
vn -0.025882 0.000000 0.096593
vn -0.050000 0.000000 0.086603
vn -0.070711 0.000000 0.070711
vn -0.086603 0.000000 0.050000
vn -0.096593 0.000000 0.025882
vn -0.100000 0.000000 0.000000
vn -0.096593 0.000000 -0.025882
vn -0.086603 0.000000 -0.050000
vn -0.070711 0.000000 -0.070711
vn -0.050000 0.000000 -0.086603
vn -0.025882 0.000000 -0.096593
vn 0.000000 0.000000 -0.100000
vn 0.000000 0.000000 -0.100000
vn 0.000000 0.000000 -0.100000
vn 0.000000 0.000000 -0.100000
vn 0.000000 0.000000 -0.100000
vn 0.000000 0.000000 0.100000
vn -0.034202 0.000000 0.093969
vn -0.064279 0.000000 0.076604
vn -0.086603 0.000000 0.050000
vn -0.098481 0.000000 0.017365
vn -0.098481 0.000000 -0.017365
vn -0.086603 0.000000 -0.050000
vn -0.064279 0.000000 -0.076604
vn -0.034202 0.000000 -0.093969
vn 0.000000 0.000000 -0.100000
vn 0.000000 0.000000 -0.100000
vn -0.034202 0.000000 -0.093969
vn -0.064279 0.000000 -0.076604
vn -0.086603 0.000000 -0.050000
vn -0.098481 0.000000 -0.017365
vn -0.098481 0.000000 0.017365
vn -0.086603 0.000000 0.050000
vn -0.064279 0.000000 0.076604
vn -0.034202 0.000000 0.093969
vn 0.000000 0.000000 0.100000
vn 0.000000 0.000000 0.100000
vn 0.000000 0.000000 0.100000
vn 0.000000 0.000000 0.100000
vn 0.000000 0.000000 0.100000
vn 0.000000 0.000000 -0.100000
vn -0.025882 0.000000 -0.096593
vn -0.050000 0.000000 -0.086603
vn -0.070711 0.000000 -0.070711
vn -0.086603 0.000000 -0.050000
vn -0.096593 0.000000 -0.025882
vn -0.100000 0.000000 0.000000
vn -0.096593 0.000000 0.025882
vn -0.086603 0.000000 0.050000
vn -0.070711 0.000000 0.070711
vn -0.050000 0.000000 0.086603
vn -0.025882 0.000000 0.096593
vn 0.000000 0.000000 0.100000
vn 0.000000 0.000000 0.100000
vn -0.025882 0.000000 0.096593
vn -0.050000 0.000000 0.086603
vn -0.070711 0.000000 0.070711
vn -0.086603 0.000000 0.050000
vn -0.096593 0.000000 0.025882
vn -0.100000 0.000000 0.000000
vn -0.096593 0.000000 -0.025882
vn -0.086603 0.000000 -0.050000
vn -0.070711 0.000000 -0.070711
vn -0.050000 0.000000 -0.086603
vn -0.025882 0.000000 -0.096593
vn 0.000000 0.000000 -0.100000
vn 0.000000 0.000000 -0.100000
vn 0.000000 0.000000 -0.100000
vn 0.000000 0.000000 -0.100000
vn 0.000000 0.000000 -0.100000
vn 0.000000 0.000000 0.100000
vn -0.034202 0.000000 0.093969
vn -0.064279 0.000000 0.076604
vn -0.086603 0.000000 0.050000
vn -0.098481 0.000000 0.017365
vn -0.098481 0.000000 -0.017365
vn -0.086603 0.000000 -0.050000
vn -0.064279 0.000000 -0.076604
vn -0.034202 0.000000 -0.093969
vn 0.000000 0.000000 -0.100000
vn 0.000000 0.000000 -0.100000
vn -0.034202 0.000000 -0.093969
vn -0.064279 0.000000 -0.076604
vn -0.086603 0.000000 -0.050000
vn -0.098481 0.000000 -0.017365
vn -0.098481 0.000000 0.017365
vn -0.086603 0.000000 0.050000
vn -0.064279 0.000000 0.076604
vn -0.034202 0.000000 0.093969
vn 0.000000 0.000000 0.100000
vn 0.000000 0.000000 0.100000
vn 0.000000 0.000000 0.100000
vn 0.000000 0.000000 0.100000
vn 0.000000 0.000000 0.100000
vn 0.000000 0.000000 -0.100000
vn -0.025882 0.000000 -0.096593
vn -0.050000 0.000000 -0.086603
vn -0.070711 0.000000 -0.070711
vn -0.086603 0.000000 -0.050000
vn -0.096593 0.000000 -0.025882
vn -0.100000 0.000000 0.000000
vn -0.096593 0.000000 0.025882
vn -0.086603 0.000000 0.050000
vn -0.070711 0.000000 0.070711
vn -0.050000 0.000000 0.086603
vn -0.025882 0.000000 0.096593
vn 0.000000 0.000000 0.100000
vn 0.000000 0.000000 0.100000
vn -0.025882 0.000000 0.096593
vn -0.050000 0.000000 0.086603
vn -0.070711 0.000000 0.070711
vn -0.086603 0.000000 0.050000
vn -0.096593 0.000000 0.025882
vn -0.100000 0.000000 0.000000
vn -0.096593 0.000000 -0.025882
vn -0.086603 0.000000 -0.050000
vn -0.070711 0.000000 -0.070711
vn -0.050000 0.000000 -0.086603
vn -0.025882 0.000000 -0.096593
vn 0.000000 0.000000 -0.100000
vn 0.000000 0.000000 -0.100000
vn 0.000000 0.000000 -0.100000
vn 0.000000 0.000000 -0.100000
vn 0.000000 0.000000 -0.100000
vn 0.000000 0.000000 0.100000
vn -0.034202 0.000000 0.093969
vn -0.064279 0.000000 0.076604
vn -0.086603 0.000000 0.050000
vn -0.098481 0.000000 0.017365
vn -0.098481 0.000000 -0.017365
vn -0.086603 0.000000 -0.050000
vn -0.064279 0.000000 -0.076604
vn -0.034202 0.000000 -0.093969
vn 0.000000 0.000000 -0.100000
vn 0.000000 0.000000 -0.100000
vn -0.034202 0.000000 -0.093969
vn -0.064279 0.000000 -0.076604
vn -0.086603 0.000000 -0.050000
vn -0.098481 0.000000 -0.017365
vn -0.098481 0.000000 0.017365
vn -0.086603 0.000000 0.050000
vn -0.064279 0.000000 0.076604
vn -0.034202 0.000000 0.093969
vn 0.000000 0.000000 0.100000
vn 0.000000 0.000000 0.100000
vn 0.000000 0.000000 0.100000
vn 0.000000 0.000000 0.100000
vn 0.000000 0.000000 0.100000
vn 0.000000 0.000000 -0.100000
vn -0.025882 0.000000 -0.096593
vn -0.050000 0.000000 -0.086603
vn -0.070711 0.000000 -0.070711
vn -0.086603 0.000000 -0.050000
vn -0.096593 0.000000 -0.025882
vn -0.100000 0.000000 0.000000
vn -0.096593 0.000000 0.025882
vn -0.086603 0.000000 0.050000
vn -0.070711 0.000000 0.070711
vn -0.050000 0.000000 0.086603
vn -0.025882 0.000000 0.096593
vn 0.000000 0.000000 0.100000
vn 0.000000 0.000000 0.100000
vn -0.025882 0.000000 0.096593
vn -0.050000 0.000000 0.086603
vn -0.070711 0.000000 0.070711
vn -0.086603 0.000000 0.050000
vn -0.096593 0.000000 0.025882
vn -0.100000 0.000000 0.000000
vn -0.096593 0.000000 -0.025882
vn -0.086603 0.000000 -0.050000
vn -0.070711 0.000000 -0.070711
vn -0.050000 0.000000 -0.086603
vn -0.025882 0.000000 -0.096593
vn 0.000000 0.000000 -0.100000
vn 0.000000 0.000000 -0.100000
vn 0.000000 0.000000 -0.100000
vn 0.000000 0.000000 -0.100000
vn 0.000000 0.000000 -0.100000
vn 0.000000 0.000000 0.100000
vn -0.034202 0.000000 0.093969
vn -0.064279 0.000000 0.076604
vn -0.086603 0.000000 0.050000
vn -0.098481 0.000000 0.017365
vn -0.098481 0.000000 -0.017365
vn -0.086603 0.000000 -0.050000
vn -0.064279 0.000000 -0.076604
vn -0.034202 0.000000 -0.093969
vn 0.000000 0.000000 -0.100000
vn 0.000000 0.000000 -0.100000
vn -0.034202 0.000000 -0.093969
vn -0.064279 0.000000 -0.076604
vn -0.086603 0.000000 -0.050000
vn -0.098481 0.000000 -0.017365
vn -0.098481 0.000000 0.017365
vn -0.086603 0.000000 0.050000
vn -0.064279 0.000000 0.076604
vn -0.034202 0.000000 0.093969
vn 0.000000 0.000000 0.100000
vn 0.000000 0.000000 0.100000
vn 0.000000 0.000000 0.100000
vn 0.000000 0.000000 0.100000
vn 0.000000 0.000000 0.100000
vn -0.095394 0.000000 0.030000
vn -0.084836 0.000000 0.052942
vn -0.068868 0.000000 0.072507
vn -0.048507 0.000000 0.087448
vn -0.025052 0.000000 0.096811
vn 0.000000 0.000000 0.100000
vn 0.000000 0.000000 0.100000
vn -0.025052 0.000000 0.096811
vn -0.048507 0.000000 0.087448
vn -0.068868 0.000000 0.072507
vn -0.084836 0.000000 0.052942
vn -0.095394 0.000000 0.030000
vn 0.000000 0.000000 0.100000
vn 0.000000 0.000000 0.100000
vn 0.000000 0.000000 0.100000
vn 0.000000 0.000000 0.100000
vn 0.000000 0.000000 0.100000
vn 0.000000 0.000000 0.100000
vn 0.000000 0.000000 0.100000
vn 0.000000 0.000000 0.100000
vn -0.100000 0.000000 0.000000
vn -0.100000 0.000000 0.000000
vn -0.100000 0.000000 0.000000
vn -0.100000 0.000000 0.000000
vn 0.000000 0.000000 0.100000
vn 0.000000 0.000000 0.100000
vn 0.000000 0.000000 0.100000
vn 0.000000 0.000000 0.100000
vn 0.000000 0.000000 0.100000
vn 0.000000 0.000000 0.100000
vn 0.000000 0.000000 0.100000
vn 0.000000 0.000000 0.100000
vn 0.100000 0.000000 0.000000
vn 0.100000 0.000000 0.000000
vn 0.100000 0.000000 0.000000
vn 0.100000 0.000000 0.000000
vn 0.000000 0.000000 0.100000
vn 0.000000 0.000000 0.100000
vn 0.000000 0.000000 0.100000
vn 0.000000 0.000000 0.100000
vn 0.000000 0.000000 0.100000
vn 0.019130 0.000000 0.098153
vn 0.037554 0.000000 0.092681
vn 0.054590 0.000000 0.083785
vn 0.069610 0.000000 0.071794
vn 0.082059 0.000000 0.057152
vn 0.091477 0.000000 0.040398
vn 0.097516 0.000000 0.022152
vn 0.099952 0.000000 0.003088
vn 0.098697 0.000000 -0.016090
vn 0.093796 0.000000 -0.034674
vn 0.085431 0.000000 -0.051977
vn 0.073910 0.000000 -0.067360
vn 0.059659 0.000000 -0.080255
vn 0.043204 0.000000 -0.090186
vn 0.025153 0.000000 -0.096785
vn 0.006174 0.000000 -0.099809
vn 0.000000 0.000000 -0.100000
vn 0.000000 0.000000 -0.100000
vn 0.006174 0.000000 -0.099809
vn 0.025153 0.000000 -0.096785
vn 0.043204 0.000000 -0.090186
vn 0.059659 0.000000 -0.080255
vn 0.073910 0.000000 -0.067360
vn 0.085431 0.000000 -0.051977
vn 0.093796 0.000000 -0.034674
vn 0.098697 0.000000 -0.016090
vn 0.099952 0.000000 0.003088
vn 0.097516 0.000000 0.022152
vn 0.091477 0.000000 0.040398
vn 0.082059 0.000000 0.057152
vn 0.069610 0.000000 0.071794
vn 0.054590 0.000000 0.083785
vn 0.037554 0.000000 0.092681
vn 0.019130 0.000000 0.098153
vn 0.000000 0.000000 0.100000
vn 0.000000 0.000000 0.100000
vn 0.000000 0.000000 0.100000
vn 0.000000 0.000000 0.100000
vn 0.000000 0.000000 0.100000
vn 0.000000 0.000000 -0.100000
vn 0.034202 0.000000 -0.093969
vn 0.064279 0.000000 -0.076604
vn 0.086603 0.000000 -0.050000
vn 0.098481 0.000000 -0.017365
vn 0.098481 0.000000 0.017365
vn 0.086603 0.000000 0.050000
vn 0.064279 0.000000 0.076604
vn 0.034202 0.000000 0.093969
vn 0.000000 0.000000 0.100000
vn 0.000000 0.000000 0.100000
vn 0.034202 0.000000 0.093969
vn 0.064279 0.000000 0.076604
vn 0.086603 0.000000 0.050000
vn 0.098481 0.000000 0.017365
vn 0.098481 0.000000 -0.017365
vn 0.086603 0.000000 -0.050000
vn 0.064279 0.000000 -0.076604
vn 0.034202 0.000000 -0.093969
vn 0.000000 0.000000 -0.100000
vn 0.000000 0.000000 -0.100000
vn 0.000000 0.000000 -0.100000
vn 0.000000 0.000000 -0.100000
vn 0.000000 0.000000 -0.100000
vn 0.000000 0.000000 0.100000
vn 0.025882 0.000000 0.096593
vn 0.050000 0.000000 0.086603
vn 0.070711 0.000000 0.070711
vn 0.086603 0.000000 0.050000
vn 0.096593 0.000000 0.025882
vn 0.100000 0.000000 0.000000
vn 0.096593 0.000000 -0.025882
vn 0.086603 0.000000 -0.050000
vn 0.070711 0.000000 -0.070711
vn 0.050000 0.000000 -0.086603
vn 0.025882 0.000000 -0.096593
vn 0.000000 0.000000 -0.100000
vn 0.000000 0.000000 -0.100000
vn 0.025882 0.000000 -0.096593
vn 0.050000 0.000000 -0.086603
vn 0.070711 0.000000 -0.070711
vn 0.086603 0.000000 -0.050000
vn 0.096593 0.000000 -0.025882
vn 0.100000 0.000000 0.000000
vn 0.096593 0.000000 0.025882
vn 0.086603 0.000000 0.050000
vn 0.070711 0.000000 0.070711
vn 0.050000 0.000000 0.086603
vn 0.025882 0.000000 0.096593
vn 0.000000 0.000000 0.100000
vn 0.000000 0.000000 0.100000
vn 0.000000 0.000000 0.100000
vn 0.000000 0.000000 0.100000
vn 0.000000 0.000000 0.100000
vn 0.000000 0.000000 -0.100000
vn 0.034202 0.000000 -0.093969
vn 0.064279 0.000000 -0.076604
vn 0.086603 0.000000 -0.050000
vn 0.098481 0.000000 -0.017365
vn 0.098481 0.000000 0.017365
vn 0.086603 0.000000 0.050000
vn 0.064279 0.000000 0.076604
vn 0.034202 0.000000 0.093969
vn 0.000000 0.000000 0.100000
vn 0.000000 0.000000 0.100000
vn 0.034202 0.000000 0.093969
vn 0.064279 0.000000 0.076604
vn 0.086603 0.000000 0.050000
vn 0.098481 0.000000 0.017365
vn 0.098481 0.000000 -0.017365
vn 0.086603 0.000000 -0.050000
vn 0.064279 0.000000 -0.076604
vn 0.034202 0.000000 -0.093969
vn 0.000000 0.000000 -0.100000
vn 0.000000 0.000000 -0.100000
vn 0.000000 0.000000 -0.100000
vn 0.000000 0.000000 -0.100000
vn 0.000000 0.000000 -0.100000
vn 0.000000 0.000000 0.100000
vn 0.025882 0.000000 0.096593
vn 0.050000 0.000000 0.086603
vn 0.070711 0.000000 0.070711
vn 0.086603 0.000000 0.050000
vn 0.096593 0.000000 0.025882
vn 0.100000 0.000000 0.000000
vn 0.096593 0.000000 -0.025882
vn 0.086603 0.000000 -0.050000
vn 0.070711 0.000000 -0.070711
vn 0.050000 0.000000 -0.086603
vn 0.025882 0.000000 -0.096593
vn 0.000000 0.000000 -0.100000
vn 0.000000 0.000000 -0.100000
vn 0.025882 0.000000 -0.096593
vn 0.050000 0.000000 -0.086603
vn 0.070711 0.000000 -0.070711
vn 0.086603 0.000000 -0.050000
vn 0.096593 0.000000 -0.025882
vn 0.100000 0.000000 0.000000
vn 0.096593 0.000000 0.025882
vn 0.086603 0.000000 0.050000
vn 0.070711 0.000000 0.070711
vn 0.050000 0.000000 0.086603
vn 0.025882 0.000000 0.096593
vn 0.000000 0.000000 0.100000
vn 0.000000 0.000000 0.100000
vn 0.000000 0.000000 0.100000
vn 0.000000 0.000000 0.100000
vn 0.000000 0.000000 0.100000
vn 0.000000 0.000000 -0.100000
vn 0.034202 0.000000 -0.093969
vn 0.064279 0.000000 -0.076604
vn 0.086603 0.000000 -0.050000
vn 0.098481 0.000000 -0.017365
vn 0.098481 0.000000 0.017365
vn 0.086603 0.000000 0.050000
vn 0.064279 0.000000 0.076604
vn 0.034202 0.000000 0.093969
vn 0.000000 0.000000 0.100000
vn 0.000000 0.000000 0.100000
vn 0.034202 0.000000 0.093969
vn 0.064279 0.000000 0.076604
vn 0.086603 0.000000 0.050000
vn 0.098481 0.000000 0.017365
vn 0.098481 0.000000 -0.017365
vn 0.086603 0.000000 -0.050000
vn 0.064279 0.000000 -0.076604
vn 0.034202 0.000000 -0.093969
vn 0.000000 0.000000 -0.100000
vn 0.000000 0.000000 -0.100000
vn 0.000000 0.000000 -0.100000
vn 0.000000 0.000000 -0.100000
vn 0.000000 0.000000 -0.100000
vn 0.000000 0.000000 0.100000
vn 0.025882 0.000000 0.096593
vn 0.050000 0.000000 0.086603
vn 0.070711 0.000000 0.070711
vn 0.086603 0.000000 0.050000
vn 0.096593 0.000000 0.025882
vn 0.100000 0.000000 0.000000
vn 0.096593 0.000000 -0.025882
vn 0.086603 0.000000 -0.050000
vn 0.070711 0.000000 -0.070711
vn 0.050000 0.000000 -0.086603
vn 0.025882 0.000000 -0.096593
vn 0.000000 0.000000 -0.100000
vn 0.000000 0.000000 -0.100000
vn 0.025882 0.000000 -0.096593
vn 0.050000 0.000000 -0.086603
vn 0.070711 0.000000 -0.070711
vn 0.086603 0.000000 -0.050000
vn 0.096593 0.000000 -0.025882
vn 0.100000 0.000000 0.000000
vn 0.096593 0.000000 0.025882
vn 0.086603 0.000000 0.050000
vn 0.070711 0.000000 0.070711
vn 0.050000 0.000000 0.086603
vn 0.025882 0.000000 0.096593
vn 0.000000 0.000000 0.100000
vn 0.000000 0.000000 0.100000
vn 0.000000 0.000000 0.100000
vn 0.000000 0.000000 0.100000
vn 0.000000 0.000000 0.100000
vn 0.000000 0.000000 -0.100000
vn 0.034202 0.000000 -0.093969
vn 0.064279 0.000000 -0.076604
vn 0.086603 0.000000 -0.050000
vn 0.098481 0.000000 -0.017365
vn 0.098481 0.000000 0.017365
vn 0.086603 0.000000 0.050000
vn 0.064279 0.000000 0.076604
vn 0.034202 0.000000 0.093969
vn 0.000000 0.000000 0.100000
vn 0.000000 0.000000 0.100000
vn 0.034202 0.000000 0.093969
vn 0.064279 0.000000 0.076604
vn 0.086603 0.000000 0.050000
vn 0.098481 0.000000 0.017365
vn 0.098481 0.000000 -0.017365
vn 0.086603 0.000000 -0.050000
vn 0.064279 0.000000 -0.076604
vn 0.034202 0.000000 -0.093969
vn 0.000000 0.000000 -0.100000
vn 0.000000 0.000000 -0.100000
vn 0.000000 0.000000 -0.100000
vn 0.000000 0.000000 -0.100000
vn 0.000000 0.000000 -0.100000
vn 0.000000 0.000000 0.100000
vn 0.025882 0.000000 0.096593
vn 0.050000 0.000000 0.086603
vn 0.070711 0.000000 0.070711
vn 0.086603 0.000000 0.050000
vn 0.096593 0.000000 0.025882
vn 0.100000 0.000000 0.000000
vn 0.096593 0.000000 -0.025882
vn 0.086603 0.000000 -0.050000
vn 0.070711 0.000000 -0.070711
vn 0.050000 0.000000 -0.086603
vn 0.025882 0.000000 -0.096593
vn 0.000000 0.000000 -0.100000
vn 0.000000 0.000000 -0.100000
vn 0.025882 0.000000 -0.096593
vn 0.050000 0.000000 -0.086603
vn 0.070711 0.000000 -0.070711
vn 0.086603 0.000000 -0.050000
vn 0.096593 0.000000 -0.025882
vn 0.100000 0.000000 0.000000
vn 0.096593 0.000000 0.025882
vn 0.086603 0.000000 0.050000
vn 0.070711 0.000000 0.070711
vn 0.050000 0.000000 0.086603
vn 0.025882 0.000000 0.096593
vn 0.000000 0.000000 0.100000
vn 0.000000 0.000000 0.100000
vn 0.000000 0.000000 0.100000
vn 0.000000 0.000000 0.100000
vn 0.000000 0.000000 0.100000
vn 0.000000 0.000000 -0.100000
vn 0.034202 0.000000 -0.093969
vn 0.064279 0.000000 -0.076604
vn 0.086603 0.000000 -0.050000
vn 0.098481 0.000000 -0.017365
vn 0.098481 0.000000 0.017365
vn 0.086603 0.000000 0.050000
vn 0.064279 0.000000 0.076604
vn 0.034202 0.000000 0.093969
vn 0.000000 0.000000 0.100000
vn 0.000000 0.000000 0.100000
vn 0.034202 0.000000 0.093969
vn 0.064279 0.000000 0.076604
vn 0.086603 0.000000 0.050000
vn 0.098481 0.000000 0.017365
vn 0.098481 0.000000 -0.017365
vn 0.086603 0.000000 -0.050000
vn 0.064279 0.000000 -0.076604
vn 0.034202 0.000000 -0.093969
vn 0.000000 0.000000 -0.100000
vn -0.100000 0.000000 0.000000
vn -0.100000 0.000000 0.000000
vn -0.100000 0.000000 0.000000
vn -0.100000 0.000000 0.000000
vn -0.100000 0.000000 0.000000
vn -0.100000 0.000000 0.000000
vn -0.100000 0.000000 0.000000
vn -0.100000 0.000000 0.000000
vn -0.100000 0.000000 0.000000
vn -0.100000 0.000000 0.000000
vn -0.100000 0.000000 0.000000
vn -0.100000 0.000000 0.000000
vn -0.100000 0.000000 0.000000
vn -0.100000 0.000000 0.000000
vn -0.100000 0.000000 0.000000
vn -0.100000 0.000000 0.000000
vn -0.100000 0.000000 0.000000
vn -0.100000 0.000000 0.000000
vn -0.100000 0.000000 0.000000
vn -0.100000 0.000000 0.000000
vn -0.100000 0.000000 0.000000
vn -0.100000 0.000000 0.000000
vn -0.100000 0.000000 0.000000
vn -0.100000 0.000000 0.000000
vn -0.100000 0.000000 0.000000
vn -0.100000 0.000000 0.000000
vn -0.100000 0.000000 0.000000
vn -0.100000 0.000000 0.000000
vn 0.000000 0.000000 -0.100000
vn 0.000000 0.000000 -0.100000
vn 0.000000 0.000000 -0.100000
vn 0.000000 0.000000 -0.100000
vn 0.000000 0.000000 -0.100000
vn 0.000000 0.000000 -0.100000
vn 0.000000 0.000000 -0.100000
vn 0.000000 0.000000 -0.100000
vn 0.000000 0.000000 -0.100000
vn 0.000000 0.100000 0.000000
vn 0.000000 0.100000 0.000000
vn 0.000000 0.100000 0.000000
vn 0.000000 0.100000 0.000000
vn 0.000000 0.100000 0.000000
vn 0.000000 0.100000 0.000000
vn 0.000000 0.100000 0.000000
vn 0.000000 0.100000 0.000000
vn 0.000000 0.100000 0.000000
vn 0.000000 0.100000 0.000000
vn 0.000000 0.100000 0.000000
vn 0.000000 0.100000 0.000000
vn 0.000000 0.100000 0.000000
vn 0.000000 0.100000 0.000000
vn 0.000000 0.100000 0.000000
vn 0.000000 0.100000 0.000000
vn 0.000000 0.100000 0.000000
vn 0.000000 0.100000 0.000000
vn 0.000000 0.100000 0.000000
vn 0.000000 0.100000 0.000000
vn 0.000000 0.100000 0.000000
vn 0.000000 0.100000 0.000000
vn 0.000000 0.100000 0.000000
vn 0.000000 0.100000 0.000000
vn 0.000000 0.100000 0.000000
vn 0.000000 0.100000 0.000000
vn 0.000000 0.100000 0.000000
vn 0.000000 0.100000 0.000000
vn 0.000000 0.100000 0.000000
vn 0.000000 0.100000 0.000000
vn 0.000000 0.100000 0.000000
vn 0.000000 0.100000 0.000000
vn 0.000000 0.100000 0.000000
vn 0.000000 0.100000 0.000000
vn 0.000000 0.100000 0.000000
vn 0.000000 0.100000 0.000000
vn 0.000000 0.100000 0.000000
vn 0.000000 0.100000 0.000000
vn 0.000000 0.100000 0.000000
vn 0.000000 0.100000 0.000000
vn 0.000000 0.100000 0.000000
vn 0.000000 0.100000 0.000000
vn 0.000000 0.100000 0.000000
vn 0.000000 0.100000 0.000000
vn 0.000000 0.100000 0.000000
vn 0.000000 0.100000 0.000000
vn 0.000000 0.100000 0.000000
vn 0.000000 0.100000 0.000000
vn 0.000000 0.100000 0.000000
vn 0.000000 0.100000 0.000000
vn 0.000000 0.100000 0.000000
vn 0.000000 0.100000 0.000000
vn 0.000000 0.100000 0.000000
vn 0.000000 0.100000 0.000000
vn 0.000000 0.100000 0.000000
vn 0.000000 0.100000 0.000000
vn 0.000000 0.100000 0.000000
vn 0.000000 0.100000 0.000000
vn 0.000000 0.100000 0.000000
vn 0.000000 0.100000 0.000000
vn 0.000000 0.100000 0.000000
vn 0.000000 0.100000 0.000000
vn 0.000000 0.100000 0.000000
vn 0.000000 0.100000 0.000000
vn 0.000000 0.100000 0.000000
vn 0.000000 0.100000 0.000000
vn 0.000000 0.100000 0.000000
vn 0.000000 0.100000 0.000000
vn 0.000000 0.100000 0.000000
vn 0.000000 0.100000 0.000000
vn 0.000000 0.100000 0.000000
vn 0.000000 0.100000 0.000000
vn 0.000000 0.100000 0.000000
vn 0.000000 0.100000 0.000000
vn 0.000000 0.100000 0.000000
vn 0.000000 0.100000 0.000000
vn 0.000000 0.100000 0.000000
vn 0.000000 0.100000 0.000000
vn 0.000000 0.100000 0.000000
vn 0.000000 0.100000 0.000000
vn 0.000000 0.100000 0.000000
vn 0.000000 0.100000 0.000000
vn 0.000000 0.100000 0.000000
vn 0.000000 0.100000 0.000000
vn 0.000000 0.100000 0.000000
vn 0.000000 0.100000 0.000000
vn 0.000000 0.100000 0.000000
vn 0.000000 0.100000 0.000000
vn 0.000000 0.100000 0.000000
vn 0.000000 0.100000 0.000000
vn 0.000000 0.100000 0.000000
vn 0.000000 0.100000 0.000000
vn 0.000000 0.100000 0.000000
vn 0.000000 0.100000 0.000000
vn 0.000000 0.100000 0.000000
vn 0.000000 0.100000 0.000000
vn 0.000000 0.100000 0.000000
vn 0.000000 0.100000 0.000000
vn 0.000000 0.100000 0.000000
vn 0.000000 0.100000 0.000000
vn 0.000000 0.100000 0.000000
vn 0.000000 0.100000 0.000000
vn 0.000000 0.100000 0.000000
vn 0.000000 0.100000 0.000000
vn 0.000000 0.100000 0.000000
vn 0.000000 0.100000 0.000000
vn 0.000000 0.100000 0.000000
vn 0.000000 0.100000 0.000000
vn 0.000000 0.100000 0.000000
vn 0.000000 0.100000 0.000000
vn 0.000000 0.100000 0.000000
vn 0.000000 0.100000 0.000000
vn 0.000000 0.100000 0.000000
vn 0.000000 0.100000 0.000000
vn 0.000000 0.100000 0.000000
vn 0.000000 0.100000 0.000000
vn 0.000000 0.100000 0.000000
vn 0.000000 0.100000 0.000000
vn 0.000000 0.100000 0.000000
vn 0.000000 0.100000 0.000000
vn 0.000000 0.100000 0.000000
vn 0.000000 0.100000 0.000000
vn 0.000000 0.100000 0.000000
vn 0.000000 0.100000 0.000000
vn 0.000000 0.100000 0.000000
vn 0.000000 0.100000 0.000000
vn 0.000000 0.100000 0.000000
vn 0.000000 0.100000 0.000000
vn 0.000000 0.100000 0.000000
vn 0.000000 0.100000 0.000000
vn 0.000000 0.100000 0.000000
vn 0.000000 0.100000 0.000000
vn 0.000000 0.100000 0.000000
vn 0.000000 0.100000 0.000000
vn 0.000000 0.100000 0.000000
vn 0.000000 0.100000 0.000000
vn 0.000000 0.100000 0.000000
vn 0.000000 0.100000 0.000000
vn 0.000000 0.100000 0.000000
vn 0.000000 0.100000 0.000000
vn 0.000000 0.100000 0.000000
vn 0.000000 0.100000 0.000000
vn 0.000000 0.100000 0.000000
vn 0.000000 0.100000 0.000000
vn 0.000000 0.100000 0.000000
vn 0.000000 0.100000 0.000000
vn 0.000000 0.100000 0.000000
vn 0.000000 0.100000 0.000000
vn 0.000000 0.100000 0.000000
vn 0.000000 0.100000 0.000000
vn 0.000000 0.100000 0.000000
vn 0.000000 0.100000 0.000000
vn 0.000000 0.100000 0.000000
vn 0.000000 0.100000 0.000000
vn 0.000000 0.100000 0.000000
vn 0.000000 0.100000 0.000000
vn 0.000000 0.100000 0.000000
vn 0.000000 0.100000 0.000000
vn 0.000000 0.100000 0.000000
vn 0.000000 0.100000 0.000000
vn 0.000000 0.100000 0.000000
vn 0.000000 0.100000 0.000000
vn 0.000000 0.100000 0.000000
vn 0.000000 0.100000 0.000000
vn 0.000000 0.100000 0.000000
vn 0.000000 0.100000 0.000000
vn 0.000000 0.100000 0.000000
vn 0.000000 0.100000 0.000000
vn 0.000000 0.100000 0.000000
vn 0.000000 0.100000 0.000000
vn 0.000000 0.100000 0.000000
vn 0.000000 0.100000 0.000000
vn 0.000000 0.100000 0.000000
vn 0.000000 0.100000 0.000000
vn 0.000000 0.100000 0.000000
vn 0.000000 0.100000 0.000000
vn 0.000000 0.100000 0.000000
vn 0.000000 0.100000 0.000000
vn 0.000000 0.100000 0.000000
vn 0.000000 0.100000 0.000000
vn 0.000000 0.100000 0.000000
vn 0.000000 0.100000 0.000000
vn 0.000000 0.100000 0.000000
vn 0.000000 0.100000 0.000000
vn 0.000000 0.100000 0.000000
vn 0.000000 0.100000 0.000000
vn 0.000000 0.100000 0.000000
vn 0.000000 0.100000 0.000000
vn 0.000000 0.100000 0.000000
vn 0.000000 0.100000 0.000000
vn 0.000000 0.100000 0.000000
vn 0.000000 0.100000 0.000000
vn 0.000000 0.100000 0.000000
vn 0.000000 0.100000 0.000000
vn 0.000000 0.100000 0.000000
vn 0.000000 0.100000 0.000000
vn 0.000000 0.100000 0.000000
vn 0.000000 0.100000 0.000000
vn 0.000000 0.100000 0.000000
vn 0.000000 0.100000 0.000000
vn 0.000000 0.100000 0.000000
vn 0.000000 0.100000 0.000000
vn 0.000000 0.100000 0.000000
vn 0.000000 0.100000 0.000000
vn 0.000000 0.100000 0.000000
vn 0.000000 0.100000 0.000000
vn 0.000000 0.100000 0.000000
vn 0.000000 0.100000 0.000000
vn 0.000000 0.100000 0.000000
vn 0.000000 0.100000 0.000000
vn 0.000000 0.100000 0.000000
vn 0.000000 0.100000 0.000000
vn 0.000000 0.100000 0.000000
vn 0.000000 0.100000 0.000000
vn 0.000000 0.100000 0.000000
vn 0.000000 0.100000 0.000000
vn 0.000000 0.100000 0.000000
vn 0.000000 0.100000 0.000000
vn 0.000000 0.100000 0.000000
vn 0.000000 0.100000 0.000000
vn 0.000000 0.100000 0.000000
vn 0.000000 0.100000 0.000000
vn 0.000000 0.100000 0.000000
vn 0.000000 0.100000 0.000000
vn 0.000000 0.100000 0.000000
vn 0.000000 0.100000 0.000000
vn 0.000000 0.100000 0.000000
vn 0.000000 0.100000 0.000000
vn 0.000000 0.100000 0.000000
vn 0.000000 0.100000 0.000000
vn 0.000000 0.100000 0.000000
vn 0.000000 0.100000 0.000000
vn 0.000000 0.100000 0.000000
vn 0.000000 0.100000 0.000000
vn 0.000000 0.100000 0.000000
vn 0.000000 0.100000 0.000000
vn 0.000000 0.100000 0.000000
vn 0.000000 0.100000 0.000000
vn 0.000000 0.100000 0.000000
vn 0.000000 0.100000 0.000000
vn 0.000000 0.100000 0.000000
vn 0.000000 0.100000 0.000000
vn 0.000000 0.100000 0.000000
vn 0.000000 0.100000 0.000000
vn 0.000000 0.100000 0.000000
vn 0.000000 0.100000 0.000000
vn 0.000000 0.100000 0.000000
vn 0.000000 0.100000 0.000000
vn 0.000000 0.100000 0.000000
vn 0.000000 0.100000 0.000000
vn 0.000000 0.100000 0.000000
vn 0.000000 0.100000 0.000000
vn 0.000000 0.100000 0.000000
vn 0.000000 0.100000 0.000000
vn 0.000000 0.100000 0.000000
vn 0.000000 0.100000 0.000000
vn 0.000000 0.100000 0.000000
vn 0.000000 0.100000 0.000000
vn 0.000000 0.100000 0.000000
vn 0.000000 0.100000 0.000000
vn 0.000000 0.100000 0.000000
vn 0.000000 0.100000 0.000000
vn 0.000000 0.100000 0.000000
usemtl 33,138,33
f 117/8/8 118/1/1 103/7/7
f 103/7/7 118/1/1 104/2/2
f 103/7/7 104/2/2 89/6/6
f 89/6/6 104/2/2 90/3/3
f 89/6/6 90/3/3 44/5/5
f 44/5/5 90/3/3 76/4/4
f 117/10/10 681/11/11 118/9/9
f 118/9/9 681/11/11 682/12/12
f 103/14/14 147/33/33 117/13/13
f 117/13/13 147/33/33 149/34/34
f 117/13/13 149/34/34 157/35/35
f 89/15/15 44/16/16 103/14/14
f 103/14/14 44/16/16 120/32/32
f 103/14/14 120/32/32 147/33/33
f 44/16/16 43/17/17 120/32/32
f 120/32/32 43/17/17 119/31/31
f 119/31/31 43/17/17 40/18/18
f 119/31/31 40/18/18 25/19/19
f 25/19/19 21/20/20 119/31/31
f 119/31/31 21/20/20 9/30/30
f 9/30/30 21/20/20 19/21/21
f 9/30/30 19/21/21 17/22/22
f 17/22/22 15/23/23 9/30/30
f 9/30/30 15/23/23 11/24/24
f 9/30/30 11/24/24 7/29/29
f 7/29/29 11/24/24 1/27/27
f 7/29/29 1/27/27 5/28/28
f 12/25/25 2/26/26 11/24/24
f 11/24/24 2/26/26 1/27/27
f 157/35/35 209/36/36 117/13/13
f 117/13/13 209/36/36 338/277/277
f 117/13/13 338/277/277 369/278/278
f 189/37/37 238/274/274 209/36/36
f 209/36/36 238/274/274 276/275/275
f 209/36/36 276/275/275 298/276/276
f 189/37/37 169/38/38 238/274/274
f 238/274/274 169/38/38 237/273/273
f 237/273/273 169/38/38 171/39/39
f 237/273/273 171/39/39 191/40/40
f 191/40/40 211/41/41 237/273/273
f 237/273/273 211/41/41 275/272/272
f 275/272/272 211/41/41 249/42/42
f 275/272/272 249/42/42 297/271/271
f 297/271/271 249/42/42 311/43/43
f 297/271/271 311/43/43 337/270/270
f 337/270/270 311/43/43 367/44/44
f 337/270/270 367/44/44 368/269/269
f 368/269/269 367/44/44 414/268/268
f 414/268/268 367/44/44 413/45/45
f 414/268/268 413/45/45 450/46/46
f 414/268/268 450/46/46 472/267/267
f 472/267/267 450/46/46 490/47/47
f 472/267/267 490/47/47 532/266/266
f 532/266/266 490/47/47 514/48/48
f 532/266/266 514/48/48 574/265/265
f 574/265/265 514/48/48 552/49/49
f 574/265/265 552/49/49 596/264/264
f 596/264/264 552/49/49 616/263/263
f 616/263/263 552/49/49 636/262/262
f 636/262/262 552/49/49 551/50/50
f 636/262/262 551/50/50 615/261/261
f 615/261/261 551/50/50 595/260/260
f 595/260/260 551/50/50 573/259/259
f 573/259/259 551/50/50 513/51/51
f 573/259/259 513/51/51 531/258/258
f 531/258/258 513/51/51 489/52/52
f 531/258/258 489/52/52 471/257/257
f 471/257/257 489/52/52 449/53/53
f 471/257/257 449/53/53 411/256/256
f 411/256/256 449/53/53 412/54/54
f 411/256/256 412/54/54 365/255/255
f 365/255/255 412/54/54 366/55/55
f 365/255/255 366/55/55 336/254/254
f 336/254/254 366/55/55 320/56/56
f 336/254/254 320/56/56 296/253/253
f 296/253/253 320/56/56 258/57/57
f 296/253/253 258/57/57 274/252/252
f 274/252/252 258/57/57 220/58/58
f 274/252/252 220/58/58 236/251/251
f 236/251/251 220/58/58 200/59/59
f 236/251/251 200/59/59 180/60/60
f 180/60/60 156/61/61 236/251/251
f 236/251/251 156/61/61 235/250/250
f 235/250/250 156/61/61 179/62/62
f 235/250/250 179/62/62 199/63/63
f 199/63/63 219/64/64 235/250/250
f 235/250/250 219/64/64 273/249/249
f 273/249/249 219/64/64 257/65/65
f 273/249/249 257/65/65 295/248/248
f 295/248/248 257/65/65 319/66/66
f 295/248/248 319/66/66 335/247/247
f 335/247/247 319/66/66 363/67/67
f 335/247/247 363/67/67 364/246/246
f 364/246/246 363/67/67 410/245/245
f 410/245/245 363/67/67 409/68/68
f 410/245/245 409/68/68 448/69/69
f 410/245/245 448/69/69 470/244/244
f 470/244/244 448/69/69 488/70/70
f 470/244/244 488/70/70 530/243/243
f 530/243/243 488/70/70 512/71/71
f 530/243/243 512/71/71 572/242/242
f 572/242/242 512/71/71 550/72/72
f 572/242/242 550/72/72 594/241/241
f 594/241/241 550/72/72 614/240/240
f 614/240/240 550/72/72 635/239/239
f 635/239/239 550/72/72 549/73/73
f 635/239/239 549/73/73 613/238/238
f 613/238/238 549/73/73 593/237/237
f 593/237/237 549/73/73 571/236/236
f 571/236/236 549/73/73 511/74/74
f 571/236/236 511/74/74 529/235/235
f 529/235/235 511/74/74 487/75/75
f 529/235/235 487/75/75 469/234/234
f 469/234/234 487/75/75 447/76/76
f 469/234/234 447/76/76 407/233/233
f 407/233/233 447/76/76 408/77/77
f 407/233/233 408/77/77 361/232/232
f 361/232/232 408/77/77 362/78/78
f 361/232/232 362/78/78 334/231/231
f 334/231/231 362/78/78 318/79/79
f 334/231/231 318/79/79 294/230/230
f 294/230/230 318/79/79 256/80/80
f 294/230/230 256/80/80 272/229/229
f 272/229/229 256/80/80 218/81/81
f 272/229/229 218/81/81 234/228/228
f 234/228/228 218/81/81 198/82/82
f 234/228/228 198/82/82 178/83/83
f 178/83/83 155/84/84 234/228/228
f 234/228/228 155/84/84 233/227/227
f 233/227/227 155/84/84 177/85/85
f 233/227/227 177/85/85 197/86/86
f 197/86/86 217/87/87 233/227/227
f 233/227/227 217/87/87 271/226/226
f 271/226/226 217/87/87 255/88/88
f 271/226/226 255/88/88 293/225/225
f 293/225/225 255/88/88 317/89/89
f 293/225/225 317/89/89 333/224/224
f 333/224/224 317/89/89 359/90/90
f 333/224/224 359/90/90 360/223/223
f 360/223/223 359/90/90 406/222/222
f 406/222/222 359/90/90 405/91/91
f 406/222/222 405/91/91 446/92/92
f 406/222/222 446/92/92 468/221/221
f 468/221/221 446/92/92 486/93/93
f 468/221/221 486/93/93 528/220/220
f 528/220/220 486/93/93 510/94/94
f 528/220/220 510/94/94 570/219/219
f 570/219/219 510/94/94 548/95/95
f 570/219/219 548/95/95 592/218/218
f 592/218/218 548/95/95 612/217/217
f 612/217/217 548/95/95 634/216/216
f 634/216/216 548/95/95 547/96/96
f 634/216/216 547/96/96 611/215/215
f 611/215/215 547/96/96 591/214/214
f 591/214/214 547/96/96 569/213/213
f 569/213/213 547/96/96 509/97/97
f 569/213/213 509/97/97 527/212/212
f 527/212/212 509/97/97 485/98/98
f 527/212/212 485/98/98 467/211/211
f 467/211/211 485/98/98 445/99/99
f 467/211/211 445/99/99 403/210/210
f 403/210/210 445/99/99 404/100/100
f 403/210/210 404/100/100 357/209/209
f 357/209/209 404/100/100 358/101/101
f 357/209/209 358/101/101 332/208/208
f 332/208/208 358/101/101 316/102/102
f 332/208/208 316/102/102 292/207/207
f 292/207/207 316/102/102 254/103/103
f 292/207/207 254/103/103 270/206/206
f 270/206/206 254/103/103 216/104/104
f 270/206/206 216/104/104 232/205/205
f 232/205/205 216/104/104 196/105/105
f 232/205/205 196/105/105 176/106/106
f 176/106/106 154/107/107 232/205/205
f 232/205/205 154/107/107 231/204/204
f 231/204/204 154/107/107 175/108/108
f 231/204/204 175/108/108 195/109/109
f 195/109/109 215/110/110 231/204/204
f 231/204/204 215/110/110 269/203/203
f 269/203/203 215/110/110 253/111/111
f 269/203/203 253/111/111 291/202/202
f 291/202/202 253/111/111 315/112/112
f 291/202/202 315/112/112 331/201/201
f 331/201/201 315/112/112 355/113/113
f 331/201/201 355/113/113 356/200/200
f 356/200/200 355/113/113 402/199/199
f 402/199/199 355/113/113 401/114/114
f 402/199/199 401/114/114 444/115/115
f 402/199/199 444/115/115 466/198/198
f 466/198/198 444/115/115 484/116/116
f 466/198/198 484/116/116 526/197/197
f 526/197/197 484/116/116 508/117/117
f 526/197/197 508/117/117 568/196/196
f 568/196/196 508/117/117 546/118/118
f 568/196/196 546/118/118 590/195/195
f 590/195/195 546/118/118 610/194/194
f 610/194/194 546/118/118 633/193/193
f 633/193/193 546/118/118 545/119/119
f 633/193/193 545/119/119 609/192/192
f 609/192/192 545/119/119 589/191/191
f 589/191/191 545/119/119 567/190/190
f 567/190/190 545/119/119 507/120/120
f 567/190/190 507/120/120 525/189/189
f 525/189/189 507/120/120 483/121/121
f 525/189/189 483/121/121 465/188/188
f 465/188/188 483/121/121 443/122/122
f 465/188/188 443/122/122 399/187/187
f 399/187/187 443/122/122 400/123/123
f 399/187/187 400/123/123 353/186/186
f 353/186/186 400/123/123 354/124/124
f 353/186/186 354/124/124 330/185/185
f 330/185/185 354/124/124 314/125/125
f 330/185/185 314/125/125 290/184/184
f 290/184/184 314/125/125 252/126/126
f 290/184/184 252/126/126 268/183/183
f 268/183/183 252/126/126 214/127/127
f 268/183/183 214/127/127 230/182/182
f 230/182/182 214/127/127 194/128/128
f 230/182/182 194/128/128 174/129/129
f 174/129/129 153/130/130 230/182/182
f 230/182/182 153/130/130 229/181/181
f 229/181/181 153/130/130 173/131/131
f 229/181/181 173/131/131 193/132/132
f 193/132/132 213/133/133 229/181/181
f 229/181/181 213/133/133 267/180/180
f 267/180/180 213/133/133 251/134/134
f 267/180/180 251/134/134 289/179/179
f 289/179/179 251/134/134 313/135/135
f 289/179/179 313/135/135 329/178/178
f 329/178/178 313/135/135 351/136/136
f 329/178/178 351/136/136 352/177/177
f 352/177/177 351/136/136 398/176/176
f 398/176/176 351/136/136 397/137/137
f 398/176/176 397/137/137 461/175/175
f 461/175/175 397/137/137 442/138/138
f 461/175/175 442/138/138 501/174/174
f 501/174/174 442/138/138 482/139/139
f 501/174/174 482/139/139 541/173/173
f 541/173/173 482/139/139 506/140/140
f 541/173/173 506/140/140 565/172/172
f 565/172/172 506/140/140 544/141/141
f 565/172/172 544/141/141 585/171/171
f 585/171/171 544/141/141 605/170/170
f 605/170/170 544/141/141 625/169/169
f 625/169/169 544/141/141 629/168/168
f 629/168/168 544/141/141 543/142/142
f 629/168/168 543/142/142 627/167/167
f 627/167/167 543/142/142 607/166/166
f 607/166/166 543/142/142 587/165/165
f 587/165/165 543/142/142 583/164/164
f 583/164/164 543/142/142 505/143/143
f 583/164/164 505/143/143 563/163/163
f 563/163/163 505/143/143 481/144/144
f 563/163/163 481/144/144 503/162/162
f 503/162/162 481/144/144 463/161/161
f 463/161/161 481/144/144 441/145/145
f 463/161/161 441/145/145 435/160/160
f 435/160/160 441/145/145 396/146/146
f 435/160/160 396/146/146 395/159/159
f 395/159/159 396/146/146 393/147/147
f 395/159/159 393/147/147 437/157/157
f 437/157/157 393/147/147 391/148/148
f 437/157/157 391/148/148 287/152/152
f 287/152/152 391/148/148 389/149/149
f 287/152/152 389/149/149 349/150/150
f 349/150/150 309/151/151 287/152/152
f 152/153/153 151/154/154 287/152/152
f 287/152/152 151/154/154 437/157/157
f 151/154/154 631/155/155 437/157/157
f 437/157/157 631/155/155 632/156/156
f 437/157/157 438/158/158 395/159/159
f 298/276/276 338/277/277 209/36/36
f 117/13/13 369/278/278 681/301/301
f 681/301/301 369/278/278 637/279/279
f 681/301/301 637/279/279 649/280/280
f 649/280/280 651/281/281 681/301/301
f 681/301/301 651/281/281 695/300/300
f 695/300/300 651/281/281 654/282/282
f 695/300/300 654/282/282 724/298/298
f 724/298/298 654/282/282 723/297/297
f 723/297/297 654/282/282 653/283/283
f 723/297/297 653/283/283 758/296/296
f 758/296/296 653/283/283 769/295/295
f 769/295/295 653/283/283 776/294/294
f 776/294/294 653/283/283 789/284/284
f 776/294/294 789/284/284 779/293/293
f 779/293/293 789/284/284 781/292/292
f 781/292/292 789/284/284 783/291/291
f 783/291/291 789/284/284 785/290/290
f 785/290/290 789/284/284 791/285/285
f 785/290/290 791/285/285 795/287/287
f 795/287/287 791/285/285 793/286/286
f 795/287/287 796/288/288 785/290/290
f 785/290/290 796/288/288 786/289/289
f 724/298/298 709/299/299 695/300/300
f 724/309/309 756/302/302 709/308/308
f 709/308/308 756/302/302 710/303/303
f 709/308/308 710/303/303 695/307/307
f 695/307/307 710/303/303 696/304/304
f 695/307/307 696/304/304 681/306/306
f 681/306/306 696/304/304 682/305/305
f 23/310/310 24/311/311 22/318/318
f 22/318/318 24/311/311 26/317/317
f 26/317/317 24/311/311 35/312/312
f 26/317/317 35/312/312 41/316/316
f 41/316/316 35/312/312 42/313/313
f 41/316/316 42/313/313 57/315/315
f 57/315/315 42/313/313 58/314/314
f 76/320/320 74/328/328 44/319/319
f 44/319/319 74/328/328 56/325/325
f 44/319/319 56/325/325 55/326/326
f 75/321/321 71/339/339 76/320/320
f 76/320/320 71/339/339 72/340/340
f 76/320/320 72/340/340 73/327/327
f 73/327/327 72/340/340 55/326/326
f 55/326/326 72/340/340 54/337/337
f 55/326/326 54/337/337 44/319/319
f 44/319/319 54/337/337 43/324/324
f 43/324/324 54/337/337 53/338/338
f 43/324/324 53/338/338 52/345/345
f 52/345/345 53/338/338 70/348/348
f 70/348/348 53/338/338 71/339/339
f 70/348/348 71/339/339 75/321/321
f 57/322/322 63/331/331 75/321/321
f 75/321/321 63/331/331 64/332/332
f 75/321/321 64/332/332 65/343/343
f 65/343/343 64/332/332 47/342/342
f 47/342/342 64/332/332 46/329/329
f 47/342/342 46/329/329 43/324/324
f 43/324/324 46/329/329 45/330/330
f 43/324/324 45/330/330 58/323/323
f 58/323/323 45/330/330 63/331/331
f 58/323/323 63/331/331 57/322/322
f 73/327/327 74/328/328 76/320/320
f 49/334/334 43/324/324 50/333/333
f 50/333/333 43/324/324 51/346/346
f 50/333/333 51/346/346 68/336/336
f 68/336/336 51/346/346 69/347/347
f 68/336/336 69/347/347 75/321/321
f 75/321/321 69/347/347 70/348/348
f 67/335/335 66/344/344 49/334/334
f 49/334/334 66/344/344 48/341/341
f 49/334/334 48/341/341 43/324/324
f 43/324/324 48/341/341 47/342/342
f 66/344/344 67/335/335 75/321/321
f 75/321/321 67/335/335 68/336/336
f 65/343/343 66/344/344 75/321/321
f 52/345/345 51/346/346 43/324/324
f 738/349/349 757/350/350 737/357/357
f 737/357/357 757/350/350 759/356/356
f 759/356/356 757/350/350 764/351/351
f 759/356/356 764/351/351 770/355/355
f 770/355/355 764/351/351 775/352/352
f 770/355/355 775/352/352 777/354/354
f 777/354/354 775/352/352 778/353/353
f 778/359/359 780/360/360 777/358/358
f 777/358/358 780/360/360 790/369/369
f 790/369/369 780/360/360 782/361/361
f 790/369/369 782/361/361 784/362/362
f 787/363/363 797/366/366 784/362/362
f 784/362/362 797/366/366 794/367/367
f 784/362/362 794/367/367 792/368/368
f 788/364/364 798/365/365 787/363/363
f 787/363/363 798/365/365 797/366/366
f 792/368/368 790/369/369 784/362/362
f 2/370/370 12/371/371 4/373/373
f 4/373/373 12/371/371 14/372/372
f 12/374/374 11/375/375 14/377/377
f 14/377/377 11/375/375 13/376/376
f 13/385/385 11/378/378 16/384/384
f 16/384/384 11/378/378 15/379/379
f 16/384/384 15/379/379 18/383/383
f 18/383/383 15/379/379 17/380/380
f 18/383/383 17/380/380 20/382/382
f 20/382/382 17/380/380 19/381/381
f 19/386/386 21/387/387 20/389/389
f 20/389/389 21/387/387 23/388/388
f 23/398/398 21/390/390 24/397/397
f 24/397/397 21/390/390 25/391/391
f 24/397/397 25/391/391 35/396/396
f 35/396/396 25/391/391 40/392/392
f 35/396/396 40/392/392 42/395/395
f 42/395/395 40/392/392 43/393/393
f 42/395/395 43/393/393 58/394/394
f 10/406/406 9/399/399 8/405/405
f 8/405/405 9/399/399 7/400/400
f 8/405/405 7/400/400 6/404/404
f 6/404/404 7/400/400 5/401/401
f 6/404/404 5/401/401 3/403/403
f 3/403/403 5/401/401 1/402/402
f 1/407/407 2/408/408 3/410/410
f 3/410/410 2/408/408 4/409/409
f 23/411/411 22/412/412 20/422/422
f 20/422/422 22/412/412 10/413/413
f 20/422/422 10/413/413 18/421/421
f 18/421/421 10/413/413 16/420/420
f 16/420/420 10/413/413 8/414/414
f 16/420/420 8/414/414 6/415/415
f 6/415/415 3/416/416 16/420/420
f 16/420/420 3/416/416 13/419/419
f 13/419/419 3/416/416 4/417/417
f 13/419/419 4/417/417 14/418/418
f 27/424/424 31/425/425 28/423/423
f 28/423/423 31/425/425 32/430/430
f 32/430/430 31/425/425 36/426/426
f 32/430/430 36/426/426 37/429/429
f 37/429/429 36/426/426 60/428/428
f 60/428/428 36/426/426 59/427/427
f 28/432/432 32/433/433 30/431/431
f 30/431/431 32/433/433 34/438/438
f 34/438/438 32/433/433 37/434/434
f 34/438/438 37/434/434 39/437/437
f 39/437/437 37/434/434 62/436/436
f 62/436/436 37/434/434 60/435/435
f 30/440/440 34/441/441 29/439/439
f 29/439/439 34/441/441 33/446/446
f 33/446/446 34/441/441 39/442/442
f 33/446/446 39/442/442 38/445/445
f 38/445/445 39/442/442 61/444/444
f 61/444/444 39/442/442 62/443/443
f 61/447/447 59/448/448 38/454/454
f 38/454/454 59/448/448 36/449/449
f 38/454/454 36/449/449 31/450/450
f 38/454/454 31/450/450 33/453/453
f 33/453/453 31/450/450 27/451/451
f 33/453/453 27/451/451 29/452/452
f 60/455/455 59/456/456 159/458/458
f 159/458/458 59/456/456 158/457/457
f 27/459/459 28/460/460 29/462/462
f 29/462/462 28/460/460 30/461/461
f 61/463/463 62/464/464 160/466/466
f 160/466/466 62/464/464 161/465/465
f 158/468/468 151/469/469 159/467/467
f 159/467/467 151/469/469 152/470/470
f 80/472/472 94/473/473 52/471/471
f 52/471/471 94/473/473 127/476/476
f 52/471/471 127/476/476 51/477/477
f 94/473/473 108/474/474 127/476/476
f 127/476/476 108/474/474 128/475/475
f 139/479/479 69/480/480 127/478/478
f 127/478/478 69/480/480 51/481/481
f 52/482/482 70/483/483 80/491/491
f 80/491/491 70/483/483 86/484/484
f 80/491/491 86/484/484 94/490/490
f 94/490/490 86/484/484 100/485/485
f 94/490/490 100/485/485 108/489/489
f 108/489/489 100/485/485 114/486/486
f 108/489/489 114/486/486 128/488/488
f 128/488/488 114/486/486 140/487/487
f 140/492/492 114/493/493 139/498/498
f 139/498/498 114/493/493 100/494/494
f 139/498/498 100/494/494 70/496/496
f 70/496/496 100/494/494 86/495/495
f 70/496/496 69/497/497 139/498/498
f 78/500/500 92/501/501 48/499/499
f 48/499/499 92/501/501 123/504/504
f 48/499/499 123/504/504 47/505/505
f 92/501/501 106/502/502 123/504/504
f 123/504/504 106/502/502 124/503/503
f 135/507/507 65/508/508 123/506/506
f 123/506/506 65/508/508 47/509/509
f 48/510/510 66/511/511 78/519/519
f 78/519/519 66/511/511 84/512/512
f 78/519/519 84/512/512 92/518/518
f 92/518/518 84/512/512 98/513/513
f 92/518/518 98/513/513 106/517/517
f 106/517/517 98/513/513 112/514/514
f 106/517/517 112/514/514 124/516/516
f 124/516/516 112/514/514 136/515/515
f 136/520/520 112/521/521 135/526/526
f 135/526/526 112/521/521 98/522/522
f 135/526/526 98/522/522 66/524/524
f 66/524/524 98/522/522 84/523/523
f 66/524/524 65/525/525 135/526/526
f 81/528/528 95/529/529 54/527/527
f 54/527/527 95/529/529 129/532/532
f 54/527/527 129/532/532 53/533/533
f 95/529/529 109/530/530 129/532/532
f 129/532/532 109/530/530 130/531/531
f 141/535/535 71/536/536 129/534/534
f 129/534/534 71/536/536 53/537/537
f 54/538/538 72/539/539 81/547/547
f 81/547/547 72/539/539 87/540/540
f 81/547/547 87/540/540 95/546/546
f 95/546/546 87/540/540 101/541/541
f 95/546/546 101/541/541 109/545/545
f 109/545/545 101/541/541 115/542/542
f 109/545/545 115/542/542 130/544/544
f 130/544/544 115/542/542 142/543/543
f 142/548/548 115/549/549 141/554/554
f 141/554/554 115/549/549 101/550/550
f 141/554/554 101/550/550 72/552/552
f 72/552/552 101/550/550 87/551/551
f 72/552/552 71/553/553 141/554/554
f 79/556/556 93/557/557 50/555/555
f 50/555/555 93/557/557 125/560/560
f 50/555/555 125/560/560 49/561/561
f 93/557/557 107/558/558 125/560/560
f 125/560/560 107/558/558 126/559/559
f 137/563/563 67/564/564 125/562/562
f 125/562/562 67/564/564 49/565/565
f 50/566/566 68/567/567 79/575/575
f 79/575/575 68/567/567 85/568/568
f 79/575/575 85/568/568 93/574/574
f 93/574/574 85/568/568 99/569/569
f 93/574/574 99/569/569 107/573/573
f 107/573/573 99/569/569 113/570/570
f 107/573/573 113/570/570 126/572/572
f 126/572/572 113/570/570 138/571/571
f 138/576/576 113/577/577 137/582/582
f 137/582/582 113/577/577 99/578/578
f 137/582/582 99/578/578 68/580/580
f 68/580/580 99/578/578 85/579/579
f 68/580/580 67/581/581 137/582/582
f 77/584/584 91/585/585 46/583/583
f 46/583/583 91/585/585 121/588/588
f 46/583/583 121/588/588 45/589/589
f 91/585/585 105/586/586 121/588/588
f 121/588/588 105/586/586 122/587/587
f 133/591/591 63/592/592 121/590/590
f 121/590/590 63/592/592 45/593/593
f 46/594/594 64/595/595 77/603/603
f 77/603/603 64/595/595 83/596/596
f 77/603/603 83/596/596 91/602/602
f 91/602/602 83/596/596 97/597/597
f 91/602/602 97/597/597 105/601/601
f 105/601/601 97/597/597 111/598/598
f 105/601/601 111/598/598 122/600/600
f 122/600/600 111/598/598 134/599/599
f 134/604/604 111/605/605 133/610/610
f 133/610/610 111/605/605 97/606/606
f 133/610/610 97/606/606 64/608/608
f 64/608/608 97/606/606 83/607/607
f 64/608/608 63/609/609 133/610/610
f 82/612/612 96/613/613 56/611/611
f 56/611/611 96/613/613 131/616/616
f 56/611/611 131/616/616 55/617/617
f 96/613/613 110/614/614 131/616/616
f 131/616/616 110/614/614 132/615/615
f 143/619/619 73/620/620 131/618/618
f 131/618/618 73/620/620 55/621/621
f 56/622/622 74/623/623 82/631/631
f 82/631/631 74/623/623 88/624/624
f 82/631/631 88/624/624 96/630/630
f 96/630/630 88/624/624 102/625/625
f 96/630/630 102/625/625 110/629/629
f 110/629/629 102/625/625 116/626/626
f 110/629/629 116/626/626 132/628/628
f 132/628/628 116/626/626 144/627/627
f 144/632/632 116/633/633 143/638/638
f 143/638/638 116/633/633 102/634/634
f 143/638/638 102/634/634 74/636/636
f 74/636/636 102/634/634 88/635/635
f 74/636/636 73/637/637 143/638/638
f 786/639/639 796/640/640 788/642/642
f 788/642/642 796/640/640 798/641/641
f 785/643/643 786/644/644 787/646/646
f 787/646/646 786/644/644 788/645/645
f 780/654/654 779/647/647 782/653/653
f 782/653/653 779/647/647 781/648/648
f 782/653/653 781/648/648 784/652/652
f 784/652/652 781/648/648 783/649/649
f 784/652/652 783/649/649 787/651/651
f 787/651/651 783/649/649 785/650/650
f 776/655/655 779/656/656 778/658/658
f 778/658/658 779/656/656 780/657/657
f 738/667/667 723/659/659 757/666/666
f 757/666/666 723/659/659 758/660/660
f 757/666/666 758/660/660 764/665/665
f 764/665/665 758/660/660 769/661/661
f 764/665/665 769/661/661 775/664/664
f 775/664/664 769/661/661 776/662/662
f 775/664/664 776/662/662 778/663/663
f 797/675/675 795/668/668 794/674/674
f 794/674/674 795/668/668 793/669/669
f 794/674/674 793/669/669 792/673/673
f 792/673/673 793/669/669 791/670/670
f 792/673/673 791/670/670 790/672/672
f 790/672/672 791/670/670 789/671/671
f 796/676/676 795/677/677 798/679/679
f 798/679/679 795/677/677 797/678/678
f 724/681/681 754/688/688 756/680/680
f 756/680/680 754/688/688 753/689/689
f 756/680/680 753/689/689 752/700/700
f 752/700/700 753/689/689 734/699/699
f 734/699/699 753/689/689 735/686/686
f 734/699/699 735/686/686 724/681/681
f 724/681/681 735/686/686 736/687/687
f 724/681/681 736/687/687 754/688/688
f 724/681/681 723/682/682 734/699/699
f 734/699/699 723/682/682 733/698/698
f 733/698/698 723/682/682 732/707/707
f 733/698/698 732/707/707 751/701/701
f 751/701/701 732/707/707 750/708/708
f 751/701/701 750/708/708 755/685/685
f 755/685/685 750/708/708 749/709/709
f 755/685/685 749/709/709 748/696/696
f 748/696/696 749/709/709 730/695/695
f 730/695/695 749/709/709 731/706/706
f 730/695/695 731/706/706 723/682/682
f 723/682/682 731/706/706 732/707/707
f 738/683/683 725/690/690 723/682/682
f 723/682/682 725/690/690 726/691/691
f 723/682/682 726/691/691 727/702/702
f 727/702/702 726/691/691 745/705/705
f 745/705/705 726/691/691 744/692/692
f 745/705/705 744/692/692 755/685/685
f 755/685/685 744/692/692 743/693/693
f 755/685/685 743/693/693 737/684/684
f 737/684/684 743/693/693 738/683/683
f 738/683/683 743/693/693 725/690/690
f 755/685/685 756/680/680 751/701/701
f 751/701/701 756/680/680 752/700/700
f 730/695/695 723/682/682 729/694/694
f 729/694/694 723/682/682 728/703/703
f 729/694/694 728/703/703 747/697/697
f 747/697/697 728/703/703 746/704/704
f 747/697/697 746/704/704 755/685/685
f 755/685/685 746/704/704 745/705/705
f 748/696/696 747/697/697 755/685/685
f 727/702/702 728/703/703 723/682/682
f 771/710/710 772/711/711 765/717/717
f 765/717/717 772/711/711 766/712/712
f 765/717/717 766/712/712 760/716/716
f 760/716/716 766/712/712 761/713/713
f 760/716/716 761/713/713 739/715/715
f 739/715/715 761/713/713 740/714/714
f 772/718/718 774/719/719 766/725/725
f 766/725/725 774/719/719 768/720/720
f 766/725/725 768/720/720 761/724/724
f 761/724/724 768/720/720 763/721/721
f 761/724/724 763/721/721 740/723/723
f 740/723/723 763/721/721 742/722/722
f 773/727/727 767/728/728 774/726/726
f 774/726/726 767/728/728 768/733/733
f 768/733/733 767/728/728 762/729/729
f 768/733/733 762/729/729 763/732/732
f 763/732/732 762/729/729 741/730/730
f 763/732/732 741/730/730 742/731/731
f 741/735/735 762/736/736 739/734/734
f 739/734/734 762/736/736 760/741/741
f 760/741/741 762/736/736 767/737/737
f 760/741/741 767/737/737 765/740/740
f 765/740/740 767/737/737 773/738/738
f 765/740/740 773/738/738 771/739/739
f 739/743/743 638/744/744 741/742/742
f 741/742/742 638/744/744 640/753/753
f 640/753/753 638/744/744 158/747/747
f 640/753/753 158/747/747 160/750/750
f 160/750/750 158/747/747 59/748/748
f 160/750/750 59/748/748 61/749/749
f 638/744/744 631/745/745 158/747/747
f 158/747/747 631/745/745 151/746/746
f 162/751/751 642/752/752 160/750/750
f 160/750/750 642/752/752 640/753/753
f 739/754/754 740/755/755 638/757/757
f 638/757/757 740/755/755 639/756/756
f 772/758/758 771/759/759 774/761/761
f 774/761/761 771/759/759 773/760/760
f 742/762/762 741/763/763 641/765/765
f 641/765/765 741/763/763 640/764/764
f 638/766/766 639/767/767 631/769/769
f 631/769/769 639/767/767 632/768/768
f 640/771/771 642/772/772 641/770/770
f 641/770/770 642/772/772 643/773/773
f 662/774/774 686/775/775 661/780/780
f 661/780/780 686/775/775 700/776/776
f 661/780/780 700/776/776 732/778/778
f 732/778/778 700/776/776 714/777/777
f 732/778/778 731/779/779 661/780/780
f 661/782/782 731/783/783 673/781/781
f 673/781/781 731/783/783 749/784/784
f 750/785/785 732/786/786 720/794/794
f 720/794/794 732/786/786 714/787/787
f 720/794/794 714/787/787 706/793/793
f 706/793/793 714/787/787 700/788/788
f 706/793/793 700/788/788 692/792/792
f 692/792/792 700/788/788 686/789/789
f 692/792/792 686/789/789 674/791/791
f 674/791/791 686/789/789 662/790/790
f 720/796/796 706/797/797 750/795/795
f 750/795/795 706/797/797 673/800/800
f 750/795/795 673/800/800 749/801/801
f 706/797/797 692/798/798 673/800/800
f 673/800/800 692/798/798 674/799/799
f 658/802/802 684/803/803 657/808/808
f 657/808/808 684/803/803 698/804/804
f 657/808/808 698/804/804 728/806/806
f 728/806/806 698/804/804 712/805/805
f 728/806/806 727/807/807 657/808/808
f 657/810/810 727/811/811 669/809/809
f 669/809/809 727/811/811 745/812/812
f 746/813/813 728/814/814 718/822/822
f 718/822/822 728/814/814 712/815/815
f 718/822/822 712/815/815 704/821/821
f 704/821/821 712/815/815 698/816/816
f 704/821/821 698/816/816 690/820/820
f 690/820/820 698/816/816 684/817/817
f 690/820/820 684/817/817 670/819/819
f 670/819/819 684/817/817 658/818/818
f 718/824/824 704/825/825 746/823/823
f 746/823/823 704/825/825 669/828/828
f 746/823/823 669/828/828 745/829/829
f 704/825/825 690/826/826 669/828/828
f 669/828/828 690/826/826 670/827/827
f 664/830/830 687/831/831 663/836/836
f 663/836/836 687/831/831 701/832/832
f 663/836/836 701/832/832 734/834/834
f 734/834/834 701/832/832 715/833/833
f 734/834/834 733/835/835 663/836/836
f 663/838/838 733/839/839 675/837/837
f 675/837/837 733/839/839 751/840/840
f 752/841/841 734/842/842 721/850/850
f 721/850/850 734/842/842 715/843/843
f 721/850/850 715/843/843 707/849/849
f 707/849/849 715/843/843 701/844/844
f 707/849/849 701/844/844 693/848/848
f 693/848/848 701/844/844 687/845/845
f 693/848/848 687/845/845 676/847/847
f 676/847/847 687/845/845 664/846/846
f 721/852/852 707/853/853 752/851/851
f 752/851/851 707/853/853 675/856/856
f 752/851/851 675/856/856 751/857/857
f 707/853/853 693/854/854 675/856/856
f 675/856/856 693/854/854 676/855/855
f 660/858/858 685/859/859 659/864/864
f 659/864/864 685/859/859 699/860/860
f 659/864/864 699/860/860 730/862/862
f 730/862/862 699/860/860 713/861/861
f 730/862/862 729/863/863 659/864/864
f 659/866/866 729/867/867 671/865/865
f 671/865/865 729/867/867 747/868/868
f 748/869/869 730/870/870 719/878/878
f 719/878/878 730/870/870 713/871/871
f 719/878/878 713/871/871 705/877/877
f 705/877/877 713/871/871 699/872/872
f 705/877/877 699/872/872 691/876/876
f 691/876/876 699/872/872 685/873/873
f 691/876/876 685/873/873 672/875/875
f 672/875/875 685/873/873 660/874/874
f 719/880/880 705/881/881 748/879/879
f 748/879/879 705/881/881 671/884/884
f 748/879/879 671/884/884 747/885/885
f 705/881/881 691/882/882 671/884/884
f 671/884/884 691/882/882 672/883/883
f 656/886/886 683/887/887 655/892/892
f 655/892/892 683/887/887 697/888/888
f 655/892/892 697/888/888 726/890/890
f 726/890/890 697/888/888 711/889/889
f 726/890/890 725/891/891 655/892/892
f 655/894/894 725/895/895 667/893/893
f 667/893/893 725/895/895 743/896/896
f 744/897/897 726/898/898 717/906/906
f 717/906/906 726/898/898 711/899/899
f 717/906/906 711/899/899 703/905/905
f 703/905/905 711/899/899 697/900/900
f 703/905/905 697/900/900 689/904/904
f 689/904/904 697/900/900 683/901/901
f 689/904/904 683/901/901 668/903/903
f 668/903/903 683/901/901 656/902/902
f 717/908/908 703/909/909 744/907/907
f 744/907/907 703/909/909 667/912/912
f 744/907/907 667/912/912 743/913/913
f 703/909/909 689/910/910 667/912/912
f 667/912/912 689/910/910 668/911/911
f 666/914/914 688/915/915 665/920/920
f 665/920/920 688/915/915 702/916/916
f 665/920/920 702/916/916 736/918/918
f 736/918/918 702/916/916 716/917/917
f 736/918/918 735/919/919 665/920/920
f 665/922/922 735/923/923 677/921/921
f 677/921/921 735/923/923 753/924/924
f 754/925/925 736/926/926 722/934/934
f 722/934/934 736/926/926 716/927/927
f 722/934/934 716/927/927 708/933/933
f 708/933/933 716/927/927 702/928/928
f 708/933/933 702/928/928 694/932/932
f 694/932/932 702/928/928 688/929/929
f 694/932/932 688/929/929 678/931/931
f 678/931/931 688/929/929 666/930/930
f 722/936/936 708/937/937 754/935/935
f 754/935/935 708/937/937 677/940/940
f 754/935/935 677/940/940 753/941/941
f 708/937/937 694/938/938 677/940/940
f 677/940/940 694/938/938 678/939/939
f 680/949/949 654/942/942 652/948/948
f 652/948/948 654/942/942 651/943/943
f 652/948/948 651/943/943 650/947/947
f 650/947/947 651/943/943 649/944/944
f 650/947/947 649/944/944 648/946/946
f 648/946/946 649/944/944 637/945/945
f 637/951/951 369/952/952 648/950/950
f 648/950/950 369/952/952 388/953/953
f 168/961/961 157/954/954 150/960/960
f 150/960/960 157/954/954 149/955/955
f 150/960/960 149/955/955 148/959/959
f 148/959/959 149/955/955 147/956/956
f 148/959/959 147/956/956 146/958/958
f 146/958/958 147/956/956 120/957/957
f 128/963/963 119/988/988 127/962/962
f 127/962/962 119/988/988 126/975/975
f 127/962/962 126/975/975 139/965/965
f 139/965/965 126/975/975 138/976/976
f 139/965/965 138/976/976 145/989/989
f 145/989/989 138/976/976 137/977/977
f 145/989/989 137/977/977 136/968/968
f 136/968/968 137/977/977 124/967/967
f 124/967/967 137/977/977 125/974/974
f 124/967/967 125/974/974 119/988/988
f 119/988/988 125/974/974 126/975/975
f 140/964/964 141/973/973 128/963/963
f 128/963/963 141/973/973 129/970/970
f 128/963/963 129/970/970 119/988/988
f 119/988/988 129/970/970 120/987/987
f 120/987/987 129/970/970 130/971/971
f 120/987/987 130/971/971 131/982/982
f 131/982/982 130/971/971 143/985/985
f 143/985/985 130/971/971 142/972/972
f 143/985/985 142/972/972 146/986/986
f 146/986/986 142/972/972 141/973/973
f 146/986/986 141/973/973 145/989/989
f 145/989/989 141/973/973 140/964/964
f 145/989/989 140/964/964 139/965/965
f 124/967/967 119/988/988 123/966/966
f 123/966/966 119/988/988 122/979/979
f 123/966/966 122/979/979 135/969/969
f 135/969/969 122/979/979 134/980/980
f 135/969/969 134/980/980 145/989/989
f 145/989/989 134/980/980 133/981/981
f 145/989/989 133/981/981 119/988/988
f 119/988/988 133/981/981 121/978/978
f 119/988/988 121/978/978 122/979/979
f 136/968/968 135/969/969 145/989/989
f 131/982/982 132/983/983 120/987/987
f 120/987/987 132/983/983 144/984/984
f 120/987/987 144/984/984 146/986/986
f 146/986/986 144/984/984 143/985/985
f 9/991/991 22/993/993 119/990/990
f 119/990/990 22/993/993 26/994/994
f 119/990/990 26/994/994 41/995/995
f 9/991/991 10/992/992 22/993/993
f 41/995/995 57/996/996 119/990/990
f 119/990/990 57/996/996 145/998/998
f 145/998/998 57/996/996 75/997/997
f 168/1000/1000 210/1001/1001 157/999/999
f 157/999/999 210/1001/1001 209/1002/1002
f 386/1020/1020 367/1003/1003 312/1019/1019
f 312/1019/1019 367/1003/1003 311/1004/1004
f 312/1019/1019 311/1004/1004 250/1018/1018
f 250/1018/1018 311/1004/1004 249/1005/1005
f 250/1018/1018 249/1005/1005 212/1017/1017
f 212/1017/1017 249/1005/1005 211/1006/1006
f 212/1017/1017 211/1006/1006 192/1016/1016
f 192/1016/1016 211/1006/1006 191/1007/1007
f 192/1016/1016 191/1007/1007 172/1015/1015
f 172/1015/1015 191/1007/1007 171/1008/1008
f 172/1015/1015 171/1008/1008 170/1014/1014
f 170/1014/1014 171/1008/1008 169/1009/1009
f 170/1014/1014 169/1009/1009 190/1013/1013
f 190/1013/1013 169/1009/1009 189/1010/1010
f 190/1013/1013 189/1010/1010 210/1012/1012
f 210/1012/1012 189/1010/1010 209/1011/1011
f 413/1021/1021 367/1022/1022 433/1024/1024
f 433/1024/1024 367/1022/1022 386/1023/1023
f 432/1044/1044 412/1025/1025 459/1043/1043
f 459/1043/1043 412/1025/1025 449/1026/1026
f 459/1043/1043 449/1026/1026 499/1042/1042
f 499/1042/1042 449/1026/1026 489/1027/1027
f 499/1042/1042 489/1027/1027 523/1041/1041
f 523/1041/1041 489/1027/1027 513/1028/1028
f 523/1041/1041 513/1028/1028 561/1040/1040
f 561/1040/1040 513/1028/1028 551/1029/1029
f 561/1040/1040 551/1029/1029 562/1039/1039
f 562/1039/1039 551/1029/1029 552/1030/1030
f 562/1039/1039 552/1030/1030 524/1038/1038
f 524/1038/1038 552/1030/1030 514/1031/1031
f 524/1038/1038 514/1031/1031 500/1037/1037
f 500/1037/1037 514/1031/1031 490/1032/1032
f 500/1037/1037 490/1032/1032 460/1036/1036
f 460/1036/1036 490/1032/1032 450/1033/1033
f 460/1036/1036 450/1033/1033 433/1035/1035
f 433/1035/1035 450/1033/1033 413/1034/1034
f 366/1045/1045 412/1046/1046 385/1048/1048
f 385/1048/1048 412/1046/1046 432/1047/1047
f 382/1074/1074 363/1049/1049 327/1073/1073
f 327/1073/1073 363/1049/1049 319/1050/1050
f 327/1073/1073 319/1050/1050 265/1072/1072
f 265/1072/1072 319/1050/1050 257/1051/1051
f 265/1072/1072 257/1051/1051 227/1071/1071
f 227/1071/1071 257/1051/1051 219/1052/1052
f 227/1071/1071 219/1052/1052 207/1070/1070
f 207/1070/1070 219/1052/1052 199/1053/1053
f 207/1070/1070 199/1053/1053 187/1069/1069
f 187/1069/1069 199/1053/1053 179/1054/1054
f 187/1069/1069 179/1054/1054 167/1068/1068
f 167/1068/1068 179/1054/1054 156/1055/1055
f 167/1068/1068 156/1055/1055 188/1067/1067
f 188/1067/1067 156/1055/1055 180/1056/1056
f 188/1067/1067 180/1056/1056 208/1066/1066
f 208/1066/1066 180/1056/1056 200/1057/1057
f 208/1066/1066 200/1057/1057 228/1065/1065
f 228/1065/1065 200/1057/1057 220/1058/1058
f 228/1065/1065 220/1058/1058 266/1064/1064
f 266/1064/1064 220/1058/1058 258/1059/1059
f 266/1064/1064 258/1059/1059 328/1063/1063
f 328/1063/1063 258/1059/1059 320/1060/1060
f 328/1063/1063 320/1060/1060 385/1062/1062
f 385/1062/1062 320/1060/1060 366/1061/1061
f 409/1075/1075 363/1076/1076 429/1078/1078
f 429/1078/1078 363/1076/1076 382/1077/1077
f 428/1098/1098 408/1079/1079 457/1097/1097
f 457/1097/1097 408/1079/1079 447/1080/1080
f 457/1097/1097 447/1080/1080 497/1096/1096
f 497/1096/1096 447/1080/1080 487/1081/1081
f 497/1096/1096 487/1081/1081 521/1095/1095
f 521/1095/1095 487/1081/1081 511/1082/1082
f 521/1095/1095 511/1082/1082 559/1094/1094
f 559/1094/1094 511/1082/1082 549/1083/1083
f 559/1094/1094 549/1083/1083 560/1093/1093
f 560/1093/1093 549/1083/1083 550/1084/1084
f 560/1093/1093 550/1084/1084 522/1092/1092
f 522/1092/1092 550/1084/1084 512/1085/1085
f 522/1092/1092 512/1085/1085 498/1091/1091
f 498/1091/1091 512/1085/1085 488/1086/1086
f 498/1091/1091 488/1086/1086 458/1090/1090
f 458/1090/1090 488/1086/1086 448/1087/1087
f 458/1090/1090 448/1087/1087 429/1089/1089
f 429/1089/1089 448/1087/1087 409/1088/1088
f 362/1099/1099 408/1100/1100 381/1102/1102
f 381/1102/1102 408/1100/1100 428/1101/1101
f 378/1128/1128 359/1103/1103 325/1127/1127
f 325/1127/1127 359/1103/1103 317/1104/1104
f 325/1127/1127 317/1104/1104 263/1126/1126
f 263/1126/1126 317/1104/1104 255/1105/1105
f 263/1126/1126 255/1105/1105 225/1125/1125
f 225/1125/1125 255/1105/1105 217/1106/1106
f 225/1125/1125 217/1106/1106 205/1124/1124
f 205/1124/1124 217/1106/1106 197/1107/1107
f 205/1124/1124 197/1107/1107 185/1123/1123
f 185/1123/1123 197/1107/1107 177/1108/1108
f 185/1123/1123 177/1108/1108 166/1122/1122
f 166/1122/1122 177/1108/1108 155/1109/1109
f 166/1122/1122 155/1109/1109 186/1121/1121
f 186/1121/1121 155/1109/1109 178/1110/1110
f 186/1121/1121 178/1110/1110 206/1120/1120
f 206/1120/1120 178/1110/1110 198/1111/1111
f 206/1120/1120 198/1111/1111 226/1119/1119
f 226/1119/1119 198/1111/1111 218/1112/1112
f 226/1119/1119 218/1112/1112 264/1118/1118
f 264/1118/1118 218/1112/1112 256/1113/1113
f 264/1118/1118 256/1113/1113 326/1117/1117
f 326/1117/1117 256/1113/1113 318/1114/1114
f 326/1117/1117 318/1114/1114 381/1116/1116
f 381/1116/1116 318/1114/1114 362/1115/1115
f 405/1129/1129 359/1130/1130 425/1132/1132
f 425/1132/1132 359/1130/1130 378/1131/1131
f 424/1152/1152 404/1133/1133 455/1151/1151
f 455/1151/1151 404/1133/1133 445/1134/1134
f 455/1151/1151 445/1134/1134 495/1150/1150
f 495/1150/1150 445/1134/1134 485/1135/1135
f 495/1150/1150 485/1135/1135 519/1149/1149
f 519/1149/1149 485/1135/1135 509/1136/1136
f 519/1149/1149 509/1136/1136 557/1148/1148
f 557/1148/1148 509/1136/1136 547/1137/1137
f 557/1148/1148 547/1137/1137 558/1147/1147
f 558/1147/1147 547/1137/1137 548/1138/1138
f 558/1147/1147 548/1138/1138 520/1146/1146
f 520/1146/1146 548/1138/1138 510/1139/1139
f 520/1146/1146 510/1139/1139 496/1145/1145
f 496/1145/1145 510/1139/1139 486/1140/1140
f 496/1145/1145 486/1140/1140 456/1144/1144
f 456/1144/1144 486/1140/1140 446/1141/1141
f 456/1144/1144 446/1141/1141 425/1143/1143
f 425/1143/1143 446/1141/1141 405/1142/1142
f 358/1153/1153 404/1154/1154 377/1156/1156
f 377/1156/1156 404/1154/1154 424/1155/1155
f 374/1182/1182 355/1157/1157 323/1181/1181
f 323/1181/1181 355/1157/1157 315/1158/1158
f 323/1181/1181 315/1158/1158 261/1180/1180
f 261/1180/1180 315/1158/1158 253/1159/1159
f 261/1180/1180 253/1159/1159 223/1179/1179
f 223/1179/1179 253/1159/1159 215/1160/1160
f 223/1179/1179 215/1160/1160 203/1178/1178
f 203/1178/1178 215/1160/1160 195/1161/1161
f 203/1178/1178 195/1161/1161 183/1177/1177
f 183/1177/1177 195/1161/1161 175/1162/1162
f 183/1177/1177 175/1162/1162 165/1176/1176
f 165/1176/1176 175/1162/1162 154/1163/1163
f 165/1176/1176 154/1163/1163 184/1175/1175
f 184/1175/1175 154/1163/1163 176/1164/1164
f 184/1175/1175 176/1164/1164 204/1174/1174
f 204/1174/1174 176/1164/1164 196/1165/1165
f 204/1174/1174 196/1165/1165 224/1173/1173
f 224/1173/1173 196/1165/1165 216/1166/1166
f 224/1173/1173 216/1166/1166 262/1172/1172
f 262/1172/1172 216/1166/1166 254/1167/1167
f 262/1172/1172 254/1167/1167 324/1171/1171
f 324/1171/1171 254/1167/1167 316/1168/1168
f 324/1171/1171 316/1168/1168 377/1170/1170
f 377/1170/1170 316/1168/1168 358/1169/1169
f 401/1183/1183 355/1184/1184 421/1186/1186
f 421/1186/1186 355/1184/1184 374/1185/1185
f 420/1206/1206 400/1187/1187 453/1205/1205
f 453/1205/1205 400/1187/1187 443/1188/1188
f 453/1205/1205 443/1188/1188 493/1204/1204
f 493/1204/1204 443/1188/1188 483/1189/1189
f 493/1204/1204 483/1189/1189 517/1203/1203
f 517/1203/1203 483/1189/1189 507/1190/1190
f 517/1203/1203 507/1190/1190 555/1202/1202
f 555/1202/1202 507/1190/1190 545/1191/1191
f 555/1202/1202 545/1191/1191 556/1201/1201
f 556/1201/1201 545/1191/1191 546/1192/1192
f 556/1201/1201 546/1192/1192 518/1200/1200
f 518/1200/1200 546/1192/1192 508/1193/1193
f 518/1200/1200 508/1193/1193 494/1199/1199
f 494/1199/1199 508/1193/1193 484/1194/1194
f 494/1199/1199 484/1194/1194 454/1198/1198
f 454/1198/1198 484/1194/1194 444/1195/1195
f 454/1198/1198 444/1195/1195 421/1197/1197
f 421/1197/1197 444/1195/1195 401/1196/1196
f 354/1207/1207 400/1208/1208 373/1210/1210
f 373/1210/1210 400/1208/1208 420/1209/1209
f 370/1236/1236 351/1211/1211 321/1235/1235
f 321/1235/1235 351/1211/1211 313/1212/1212
f 321/1235/1235 313/1212/1212 259/1234/1234
f 259/1234/1234 313/1212/1212 251/1213/1213
f 259/1234/1234 251/1213/1213 221/1233/1233
f 221/1233/1233 251/1213/1213 213/1214/1214
f 221/1233/1233 213/1214/1214 201/1232/1232
f 201/1232/1232 213/1214/1214 193/1215/1215
f 201/1232/1232 193/1215/1215 181/1231/1231
f 181/1231/1231 193/1215/1215 173/1216/1216
f 181/1231/1231 173/1216/1216 164/1230/1230
f 164/1230/1230 173/1216/1216 153/1217/1217
f 164/1230/1230 153/1217/1217 182/1229/1229
f 182/1229/1229 153/1217/1217 174/1218/1218
f 182/1229/1229 174/1218/1218 202/1228/1228
f 202/1228/1228 174/1218/1218 194/1219/1219
f 202/1228/1228 194/1219/1219 222/1227/1227
f 222/1227/1227 194/1219/1219 214/1220/1220
f 222/1227/1227 214/1220/1220 260/1226/1226
f 260/1226/1226 214/1220/1220 252/1221/1221
f 260/1226/1226 252/1221/1221 322/1225/1225
f 322/1225/1225 252/1221/1221 314/1222/1222
f 322/1225/1225 314/1222/1222 373/1224/1224
f 373/1224/1224 314/1222/1222 354/1223/1223
f 397/1237/1237 351/1238/1238 417/1240/1240
f 417/1240/1240 351/1238/1238 370/1239/1239
f 416/1260/1260 396/1241/1241 451/1259/1259
f 451/1259/1259 396/1241/1241 441/1242/1242
f 451/1259/1259 441/1242/1242 491/1258/1258
f 491/1258/1258 441/1242/1242 481/1243/1243
f 491/1258/1258 481/1243/1243 515/1257/1257
f 515/1257/1257 481/1243/1243 505/1244/1244
f 515/1257/1257 505/1244/1244 553/1256/1256
f 553/1256/1256 505/1244/1244 543/1245/1245
f 553/1256/1256 543/1245/1245 554/1255/1255
f 554/1255/1255 543/1245/1245 544/1246/1246
f 554/1255/1255 544/1246/1246 516/1254/1254
f 516/1254/1254 544/1246/1246 506/1247/1247
f 516/1254/1254 506/1247/1247 492/1253/1253
f 492/1253/1253 506/1247/1247 482/1248/1248
f 492/1253/1253 482/1248/1248 452/1252/1252
f 452/1252/1252 482/1248/1248 442/1249/1249
f 452/1252/1252 442/1249/1249 417/1251/1251
f 417/1251/1251 442/1249/1249 397/1250/1250
f 393/1261/1261 396/1262/1262 394/1264/1264
f 394/1264/1264 396/1262/1262 416/1263/1263
f 288/1276/1276 287/1265/1265 310/1275/1275
f 310/1275/1275 287/1265/1265 309/1266/1266
f 310/1275/1275 309/1266/1266 350/1274/1274
f 350/1274/1274 309/1266/1266 349/1267/1267
f 350/1274/1274 349/1267/1267 390/1273/1273
f 390/1273/1273 349/1267/1267 389/1268/1268
f 390/1273/1273 389/1268/1268 392/1272/1272
f 392/1272/1272 389/1268/1268 391/1269/1269
f 392/1272/1272 391/1269/1269 394/1271/1271
f 394/1271/1271 391/1269/1269 393/1270/1270
f 152/1277/1277 287/1278/1278 159/1284/1284
f 159/1284/1284 287/1278/1278 161/1281/1281
f 159/1284/1284 161/1281/1281 62/1282/1282
f 287/1278/1278 288/1279/1279 161/1281/1281
f 161/1281/1281 288/1279/1279 163/1280/1280
f 62/1282/1282 60/1283/1283 159/1284/1284
f 160/1285/1285 161/1286/1286 162/1288/1288
f 162/1288/1288 161/1286/1286 163/1287/1287
f 742/1290/1290 641/1291/1291 740/1289/1289
f 740/1289/1289 641/1291/1291 639/1296/1296
f 639/1296/1296 641/1291/1291 437/1294/1294
f 639/1296/1296 437/1294/1294 632/1295/1295
f 643/1292/1292 439/1293/1293 641/1291/1291
f 641/1291/1291 439/1293/1293 437/1294/1294
f 438/1297/1297 437/1298/1298 440/1300/1300
f 440/1300/1300 437/1298/1298 439/1299/1299
f 395/1301/1301 438/1302/1302 415/1304/1304
f 415/1304/1304 438/1302/1302 440/1303/1303
f 418/1340/1340 398/1305/1305 462/1339/1339
f 462/1339/1339 398/1305/1305 461/1306/1306
f 462/1339/1339 461/1306/1306 501/1307/1307
f 462/1339/1339 501/1307/1307 502/1338/1338
f 502/1338/1338 501/1307/1307 541/1308/1308
f 502/1338/1338 541/1308/1308 542/1337/1337
f 542/1337/1337 541/1308/1308 566/1336/1336
f 566/1336/1336 541/1308/1308 565/1309/1309
f 566/1336/1336 565/1309/1309 585/1310/1310
f 566/1336/1336 585/1310/1310 586/1335/1335
f 586/1335/1335 585/1310/1310 605/1311/1311
f 586/1335/1335 605/1311/1311 606/1334/1334
f 606/1334/1334 605/1311/1311 625/1312/1312
f 606/1334/1334 625/1312/1312 626/1333/1333
f 626/1333/1333 625/1312/1312 630/1332/1332
f 630/1332/1332 625/1312/1312 629/1313/1313
f 630/1332/1332 629/1313/1313 627/1314/1314
f 630/1332/1332 627/1314/1314 628/1331/1331
f 628/1331/1331 627/1314/1314 607/1315/1315
f 628/1331/1331 607/1315/1315 608/1330/1330
f 608/1330/1330 607/1315/1315 587/1316/1316
f 608/1330/1330 587/1316/1316 588/1329/1329
f 588/1329/1329 587/1316/1316 584/1328/1328
f 584/1328/1328 587/1316/1316 583/1317/1317
f 584/1328/1328 583/1317/1317 563/1318/1318
f 584/1328/1328 563/1318/1318 564/1327/1327
f 564/1327/1327 563/1318/1318 503/1319/1319
f 564/1327/1327 503/1319/1319 504/1326/1326
f 504/1326/1326 503/1319/1319 463/1320/1320
f 504/1326/1326 463/1320/1320 464/1325/1325
f 464/1325/1325 463/1320/1320 436/1324/1324
f 436/1324/1324 463/1320/1320 435/1321/1321
f 436/1324/1324 435/1321/1321 415/1323/1323
f 415/1323/1323 435/1321/1321 395/1322/1322
f 352/1341/1341 398/1342/1342 371/1344/1344
f 371/1344/1344 398/1342/1342 418/1343/1343
f 372/1364/1364 353/1345/1345 340/1363/1363
f 340/1363/1363 353/1345/1345 330/1346/1346
f 340/1363/1363 330/1346/1346 300/1362/1362
f 300/1362/1362 330/1346/1346 290/1347/1347
f 300/1362/1362 290/1347/1347 278/1361/1361
f 278/1361/1361 290/1347/1347 268/1348/1348
f 278/1361/1361 268/1348/1348 240/1360/1360
f 240/1360/1360 268/1348/1348 230/1349/1349
f 240/1360/1360 230/1349/1349 239/1359/1359
f 239/1359/1359 230/1349/1349 229/1350/1350
f 239/1359/1359 229/1350/1350 277/1358/1358
f 277/1358/1358 229/1350/1350 267/1351/1351
f 277/1358/1358 267/1351/1351 299/1357/1357
f 299/1357/1357 267/1351/1351 289/1352/1352
f 299/1357/1357 289/1352/1352 339/1356/1356
f 339/1356/1356 289/1352/1352 329/1353/1353
f 339/1356/1356 329/1353/1353 371/1355/1355
f 371/1355/1355 329/1353/1353 352/1354/1354
f 399/1365/1365 353/1366/1366 419/1368/1368
f 419/1368/1368 353/1366/1366 372/1367/1367
f 422/1394/1394 402/1369/1369 474/1393/1393
f 474/1393/1393 402/1369/1369 466/1370/1370
f 474/1393/1393 466/1370/1370 534/1392/1392
f 534/1392/1392 466/1370/1370 526/1371/1371
f 534/1392/1392 526/1371/1371 576/1391/1391
f 576/1391/1391 526/1371/1371 568/1372/1372
f 576/1391/1391 568/1372/1372 598/1390/1390
f 598/1390/1390 568/1372/1372 590/1373/1373
f 598/1390/1390 590/1373/1373 618/1389/1389
f 618/1389/1389 590/1373/1373 610/1374/1374
f 618/1389/1389 610/1374/1374 644/1388/1388
f 644/1388/1388 610/1374/1374 633/1375/1375
f 644/1388/1388 633/1375/1375 617/1387/1387
f 617/1387/1387 633/1375/1375 609/1376/1376
f 617/1387/1387 609/1376/1376 597/1386/1386
f 597/1386/1386 609/1376/1376 589/1377/1377
f 597/1386/1386 589/1377/1377 575/1385/1385
f 575/1385/1385 589/1377/1377 567/1378/1378
f 575/1385/1385 567/1378/1378 533/1384/1384
f 533/1384/1384 567/1378/1378 525/1379/1379
f 533/1384/1384 525/1379/1379 473/1383/1383
f 473/1383/1383 525/1379/1379 465/1380/1380
f 473/1383/1383 465/1380/1380 419/1382/1382
f 419/1382/1382 465/1380/1380 399/1381/1381
f 356/1395/1395 402/1396/1396 375/1398/1398
f 375/1398/1398 402/1396/1396 422/1397/1397
f 376/1418/1418 357/1399/1399 342/1417/1417
f 342/1417/1417 357/1399/1399 332/1400/1400
f 342/1417/1417 332/1400/1400 302/1416/1416
f 302/1416/1416 332/1400/1400 292/1401/1401
f 302/1416/1416 292/1401/1401 280/1415/1415
f 280/1415/1415 292/1401/1401 270/1402/1402
f 280/1415/1415 270/1402/1402 242/1414/1414
f 242/1414/1414 270/1402/1402 232/1403/1403
f 242/1414/1414 232/1403/1403 241/1413/1413
f 241/1413/1413 232/1403/1403 231/1404/1404
f 241/1413/1413 231/1404/1404 279/1412/1412
f 279/1412/1412 231/1404/1404 269/1405/1405
f 279/1412/1412 269/1405/1405 301/1411/1411
f 301/1411/1411 269/1405/1405 291/1406/1406
f 301/1411/1411 291/1406/1406 341/1410/1410
f 341/1410/1410 291/1406/1406 331/1407/1407
f 341/1410/1410 331/1407/1407 375/1409/1409
f 375/1409/1409 331/1407/1407 356/1408/1408
f 403/1419/1419 357/1420/1420 423/1422/1422
f 423/1422/1422 357/1420/1420 376/1421/1421
f 426/1448/1448 406/1423/1423 476/1447/1447
f 476/1447/1447 406/1423/1423 468/1424/1424
f 476/1447/1447 468/1424/1424 536/1446/1446
f 536/1446/1446 468/1424/1424 528/1425/1425
f 536/1446/1446 528/1425/1425 578/1445/1445
f 578/1445/1445 528/1425/1425 570/1426/1426
f 578/1445/1445 570/1426/1426 600/1444/1444
f 600/1444/1444 570/1426/1426 592/1427/1427
f 600/1444/1444 592/1427/1427 620/1443/1443
f 620/1443/1443 592/1427/1427 612/1428/1428
f 620/1443/1443 612/1428/1428 645/1442/1442
f 645/1442/1442 612/1428/1428 634/1429/1429
f 645/1442/1442 634/1429/1429 619/1441/1441
f 619/1441/1441 634/1429/1429 611/1430/1430
f 619/1441/1441 611/1430/1430 599/1440/1440
f 599/1440/1440 611/1430/1430 591/1431/1431
f 599/1440/1440 591/1431/1431 577/1439/1439
f 577/1439/1439 591/1431/1431 569/1432/1432
f 577/1439/1439 569/1432/1432 535/1438/1438
f 535/1438/1438 569/1432/1432 527/1433/1433
f 535/1438/1438 527/1433/1433 475/1437/1437
f 475/1437/1437 527/1433/1433 467/1434/1434
f 475/1437/1437 467/1434/1434 423/1436/1436
f 423/1436/1436 467/1434/1434 403/1435/1435
f 360/1449/1449 406/1450/1450 379/1452/1452
f 379/1452/1452 406/1450/1450 426/1451/1451
f 380/1472/1472 361/1453/1453 344/1471/1471
f 344/1471/1471 361/1453/1453 334/1454/1454
f 344/1471/1471 334/1454/1454 304/1470/1470
f 304/1470/1470 334/1454/1454 294/1455/1455
f 304/1470/1470 294/1455/1455 282/1469/1469
f 282/1469/1469 294/1455/1455 272/1456/1456
f 282/1469/1469 272/1456/1456 244/1468/1468
f 244/1468/1468 272/1456/1456 234/1457/1457
f 244/1468/1468 234/1457/1457 243/1467/1467
f 243/1467/1467 234/1457/1457 233/1458/1458
f 243/1467/1467 233/1458/1458 281/1466/1466
f 281/1466/1466 233/1458/1458 271/1459/1459
f 281/1466/1466 271/1459/1459 303/1465/1465
f 303/1465/1465 271/1459/1459 293/1460/1460
f 303/1465/1465 293/1460/1460 343/1464/1464
f 343/1464/1464 293/1460/1460 333/1461/1461
f 343/1464/1464 333/1461/1461 379/1463/1463
f 379/1463/1463 333/1461/1461 360/1462/1462
f 407/1473/1473 361/1474/1474 427/1476/1476
f 427/1476/1476 361/1474/1474 380/1475/1475
f 430/1502/1502 410/1477/1477 478/1501/1501
f 478/1501/1501 410/1477/1477 470/1478/1478
f 478/1501/1501 470/1478/1478 538/1500/1500
f 538/1500/1500 470/1478/1478 530/1479/1479
f 538/1500/1500 530/1479/1479 580/1499/1499
f 580/1499/1499 530/1479/1479 572/1480/1480
f 580/1499/1499 572/1480/1480 602/1498/1498
f 602/1498/1498 572/1480/1480 594/1481/1481
f 602/1498/1498 594/1481/1481 622/1497/1497
f 622/1497/1497 594/1481/1481 614/1482/1482
f 622/1497/1497 614/1482/1482 646/1496/1496
f 646/1496/1496 614/1482/1482 635/1483/1483
f 646/1496/1496 635/1483/1483 621/1495/1495
f 621/1495/1495 635/1483/1483 613/1484/1484
f 621/1495/1495 613/1484/1484 601/1494/1494
f 601/1494/1494 613/1484/1484 593/1485/1485
f 601/1494/1494 593/1485/1485 579/1493/1493
f 579/1493/1493 593/1485/1485 571/1486/1486
f 579/1493/1493 571/1486/1486 537/1492/1492
f 537/1492/1492 571/1486/1486 529/1487/1487
f 537/1492/1492 529/1487/1487 477/1491/1491
f 477/1491/1491 529/1487/1487 469/1488/1488
f 477/1491/1491 469/1488/1488 427/1490/1490
f 427/1490/1490 469/1488/1488 407/1489/1489
f 364/1503/1503 410/1504/1504 383/1506/1506
f 383/1506/1506 410/1504/1504 430/1505/1505
f 384/1526/1526 365/1507/1507 346/1525/1525
f 346/1525/1525 365/1507/1507 336/1508/1508
f 346/1525/1525 336/1508/1508 306/1524/1524
f 306/1524/1524 336/1508/1508 296/1509/1509
f 306/1524/1524 296/1509/1509 284/1523/1523
f 284/1523/1523 296/1509/1509 274/1510/1510
f 284/1523/1523 274/1510/1510 246/1522/1522
f 246/1522/1522 274/1510/1510 236/1511/1511
f 246/1522/1522 236/1511/1511 245/1521/1521
f 245/1521/1521 236/1511/1511 235/1512/1512
f 245/1521/1521 235/1512/1512 283/1520/1520
f 283/1520/1520 235/1512/1512 273/1513/1513
f 283/1520/1520 273/1513/1513 305/1519/1519
f 305/1519/1519 273/1513/1513 295/1514/1514
f 305/1519/1519 295/1514/1514 345/1518/1518
f 345/1518/1518 295/1514/1514 335/1515/1515
f 345/1518/1518 335/1515/1515 383/1517/1517
f 383/1517/1517 335/1515/1515 364/1516/1516
f 411/1527/1527 365/1528/1528 431/1530/1530
f 431/1530/1530 365/1528/1528 384/1529/1529
f 434/1556/1556 414/1531/1531 480/1555/1555
f 480/1555/1555 414/1531/1531 472/1532/1532
f 480/1555/1555 472/1532/1532 540/1554/1554
f 540/1554/1554 472/1532/1532 532/1533/1533
f 540/1554/1554 532/1533/1533 582/1553/1553
f 582/1553/1553 532/1533/1533 574/1534/1534
f 582/1553/1553 574/1534/1534 604/1552/1552
f 604/1552/1552 574/1534/1534 596/1535/1535
f 604/1552/1552 596/1535/1535 624/1551/1551
f 624/1551/1551 596/1535/1535 616/1536/1536
f 624/1551/1551 616/1536/1536 647/1550/1550
f 647/1550/1550 616/1536/1536 636/1537/1537
f 647/1550/1550 636/1537/1537 623/1549/1549
f 623/1549/1549 636/1537/1537 615/1538/1538
f 623/1549/1549 615/1538/1538 603/1548/1548
f 603/1548/1548 615/1538/1538 595/1539/1539
f 603/1548/1548 595/1539/1539 581/1547/1547
f 581/1547/1547 595/1539/1539 573/1540/1540
f 581/1547/1547 573/1540/1540 539/1546/1546
f 539/1546/1546 573/1540/1540 531/1541/1541
f 539/1546/1546 531/1541/1541 479/1545/1545
f 479/1545/1545 531/1541/1541 471/1542/1542
f 479/1545/1545 471/1542/1542 431/1544/1544
f 431/1544/1544 471/1542/1542 411/1543/1543
f 368/1557/1557 414/1558/1558 387/1560/1560
f 387/1560/1560 414/1558/1558 434/1559/1559
f 388/1580/1580 369/1561/1561 348/1579/1579
f 348/1579/1579 369/1561/1561 338/1562/1562
f 348/1579/1579 338/1562/1562 308/1578/1578
f 308/1578/1578 338/1562/1562 298/1563/1563
f 308/1578/1578 298/1563/1563 286/1577/1577
f 286/1577/1577 298/1563/1563 276/1564/1564
f 286/1577/1577 276/1564/1564 248/1576/1576
f 248/1576/1576 276/1564/1564 238/1565/1565
f 248/1576/1576 238/1565/1565 247/1575/1575
f 247/1575/1575 238/1565/1565 237/1566/1566
f 247/1575/1575 237/1566/1566 285/1574/1574
f 285/1574/1574 237/1566/1566 275/1567/1567
f 285/1574/1574 275/1567/1567 307/1573/1573
f 307/1573/1573 275/1567/1567 297/1568/1568
f 307/1573/1573 297/1568/1568 347/1572/1572
f 347/1572/1572 297/1568/1568 337/1569/1569
f 347/1572/1572 337/1569/1569 387/1571/1571
f 387/1571/1571 337/1569/1569 368/1570/1570
f 661/1582/1582 653/1608/1608 662/1581/1581
f 662/1581/1581 653/1608/1608 663/1590/1590
f 662/1581/1581 663/1590/1590 674/1584/1584
f 674/1584/1584 663/1590/1590 675/1591/1591
f 674/1584/1584 675/1591/1591 679/1607/1607
f 679/1607/1607 675/1591/1591 680/1606/1606
f 680/1606/1606 675/1591/1591 676/1592/1592
f 680/1606/1606 676/1592/1592 677/1603/1603
f 677/1603/1603 676/1592/1592 665/1602/1602
f 665/1602/1602 676/1592/1592 664/1589/1589
f 665/1602/1602 664/1589/1589 654/1605/1605
f 654/1605/1605 664/1589/1589 663/1590/1590
f 654/1605/1605 663/1590/1590 653/1608/1608
f 673/1583/1583 672/1596/1596 661/1582/1582
f 661/1582/1582 672/1596/1596 660/1593/1593
f 661/1582/1582 660/1593/1593 653/1608/1608
f 653/1608/1608 660/1593/1593 659/1594/1594
f 653/1608/1608 659/1594/1594 658/1585/1585
f 658/1585/1585 659/1594/1594 670/1588/1588
f 670/1588/1588 659/1594/1594 671/1595/1595
f 670/1588/1588 671/1595/1595 679/1607/1607
f 679/1607/1607 671/1595/1595 672/1596/1596
f 679/1607/1607 672/1596/1596 673/1583/1583
f 673/1583/1583 674/1584/1584 679/1607/1607
f 658/1585/1585 657/1586/1586 653/1608/1608
f 653/1608/1608 657/1586/1586 656/1597/1597
f 653/1608/1608 656/1597/1597 655/1598/1598
f 656/1597/1597 657/1586/1586 668/1600/1600
f 668/1600/1600 657/1586/1586 669/1587/1587
f 668/1600/1600 669/1587/1587 679/1607/1607
f 679/1607/1607 669/1587/1587 670/1588/1588
f 655/1598/1598 667/1599/1599 653/1608/1608
f 653/1608/1608 667/1599/1599 679/1607/1607
f 679/1607/1607 667/1599/1599 668/1600/1600
f 678/1604/1604 666/1601/1601 654/1605/1605
f 654/1605/1605 666/1601/1601 665/1602/1602
f 677/1603/1603 678/1604/1604 680/1606/1606
f 680/1606/1606 678/1604/1604 654/1605/1605
f 790/1617/1617 789/1609/1609 777/1616/1616
f 777/1616/1616 789/1609/1609 653/1610/1610
f 777/1616/1616 653/1610/1610 770/1615/1615
f 770/1615/1615 653/1610/1610 759/1614/1614
f 759/1614/1614 653/1610/1610 737/1613/1613
f 737/1613/1613 653/1610/1610 679/1611/1611
f 737/1613/1613 679/1611/1611 755/1612/1612
f 90/1619/1619 104/1620/1620 76/1618/1618
f 76/1618/1618 104/1620/1620 146/1878/1878
f 76/1618/1618 146/1878/1878 75/1880/1880
f 75/1880/1880 146/1878/1878 145/1879/1879
f 104/1620/1620 118/1621/1621 146/1878/1878
f 146/1878/1878 118/1621/1621 148/1877/1877
f 148/1877/1877 118/1621/1621 150/1876/1876
f 150/1876/1876 118/1621/1621 168/1875/1875
f 168/1875/1875 118/1621/1621 210/1874/1874
f 210/1874/1874 118/1621/1621 348/1633/1633
f 210/1874/1874 348/1633/1633 308/1634/1634
f 348/1633/1633 118/1621/1621 388/1632/1632
f 388/1632/1632 118/1621/1621 682/1622/1622
f 388/1632/1632 682/1622/1622 648/1631/1631
f 648/1631/1631 682/1622/1622 650/1630/1630
f 650/1630/1630 682/1622/1622 652/1629/1629
f 652/1629/1629 682/1622/1622 680/1628/1628
f 680/1628/1628 682/1622/1622 696/1623/1623
f 680/1628/1628 696/1623/1623 756/1625/1625
f 756/1625/1625 696/1623/1623 710/1624/1624
f 756/1625/1625 755/1626/1626 680/1628/1628
f 680/1628/1628 755/1626/1626 679/1627/1627
f 308/1634/1634 286/1635/1635 210/1874/1874
f 210/1874/1874 286/1635/1635 248/1636/1636
f 210/1874/1874 248/1636/1636 247/1637/1637
f 285/1638/1638 250/1868/1868 247/1637/1637
f 247/1637/1637 250/1868/1868 212/1869/1869
f 247/1637/1637 212/1869/1869 210/1874/1874
f 210/1874/1874 212/1869/1869 192/1870/1870
f 210/1874/1874 192/1870/1870 190/1873/1873
f 190/1873/1873 192/1870/1870 172/1871/1871
f 190/1873/1873 172/1871/1871 170/1872/1872
f 285/1638/1638 307/1639/1639 250/1868/1868
f 250/1868/1868 307/1639/1639 312/1867/1867
f 312/1867/1867 307/1639/1639 347/1640/1640
f 312/1867/1867 347/1640/1640 386/1866/1866
f 386/1866/1866 347/1640/1640 387/1641/1641
f 386/1866/1866 387/1641/1641 433/1865/1865
f 433/1865/1865 387/1641/1641 434/1642/1642
f 433/1865/1865 434/1642/1642 460/1864/1864
f 460/1864/1864 434/1642/1642 480/1643/1643
f 460/1864/1864 480/1643/1643 500/1863/1863
f 500/1863/1863 480/1643/1643 540/1644/1644
f 500/1863/1863 540/1644/1644 524/1862/1862
f 524/1862/1862 540/1644/1644 582/1645/1645
f 524/1862/1862 582/1645/1645 562/1861/1861
f 562/1861/1861 582/1645/1645 561/1860/1860
f 561/1860/1860 582/1645/1645 581/1651/1651
f 561/1860/1860 581/1651/1651 523/1859/1859
f 523/1859/1859 581/1651/1651 539/1652/1652
f 523/1859/1859 539/1652/1652 499/1858/1858
f 499/1858/1858 539/1652/1652 479/1653/1653
f 499/1858/1858 479/1653/1653 459/1857/1857
f 459/1857/1857 479/1653/1653 431/1654/1654
f 459/1857/1857 431/1654/1654 432/1856/1856
f 432/1856/1856 431/1654/1654 385/1855/1855
f 385/1855/1855 431/1654/1654 384/1655/1655
f 385/1855/1855 384/1655/1655 346/1656/1656
f 582/1645/1645 604/1646/1646 581/1651/1651
f 581/1651/1651 604/1646/1646 603/1650/1650
f 603/1650/1650 604/1646/1646 624/1647/1647
f 603/1650/1650 624/1647/1647 623/1649/1649
f 623/1649/1649 624/1647/1647 647/1648/1648
f 385/1855/1855 346/1656/1656 328/1854/1854
f 328/1854/1854 346/1656/1656 306/1657/1657
f 328/1854/1854 306/1657/1657 266/1853/1853
f 266/1853/1853 306/1657/1657 284/1658/1658
f 266/1853/1853 284/1658/1658 228/1852/1852
f 228/1852/1852 284/1658/1658 246/1659/1659
f 228/1852/1852 246/1659/1659 245/1660/1660
f 228/1852/1852 245/1660/1660 227/1846/1846
f 227/1846/1846 245/1660/1660 283/1661/1661
f 227/1846/1846 283/1661/1661 265/1845/1845
f 265/1845/1845 283/1661/1661 305/1662/1662
f 265/1845/1845 305/1662/1662 327/1844/1844
f 327/1844/1844 305/1662/1662 345/1663/1663
f 327/1844/1844 345/1663/1663 382/1843/1843
f 382/1843/1843 345/1663/1663 383/1664/1664
f 382/1843/1843 383/1664/1664 429/1842/1842
f 429/1842/1842 383/1664/1664 430/1665/1665
f 429/1842/1842 430/1665/1665 458/1841/1841
f 458/1841/1841 430/1665/1665 478/1666/1666
f 458/1841/1841 478/1666/1666 498/1840/1840
f 498/1840/1840 478/1666/1666 538/1667/1667
f 498/1840/1840 538/1667/1667 522/1839/1839
f 522/1839/1839 538/1667/1667 580/1668/1668
f 522/1839/1839 580/1668/1668 560/1838/1838
f 560/1838/1838 580/1668/1668 559/1837/1837
f 559/1837/1837 580/1668/1668 579/1674/1674
f 559/1837/1837 579/1674/1674 521/1836/1836
f 521/1836/1836 579/1674/1674 537/1675/1675
f 521/1836/1836 537/1675/1675 497/1835/1835
f 497/1835/1835 537/1675/1675 477/1676/1676
f 497/1835/1835 477/1676/1676 457/1834/1834
f 457/1834/1834 477/1676/1676 427/1677/1677
f 457/1834/1834 427/1677/1677 428/1833/1833
f 428/1833/1833 427/1677/1677 381/1832/1832
f 381/1832/1832 427/1677/1677 380/1678/1678
f 381/1832/1832 380/1678/1678 344/1679/1679
f 580/1668/1668 602/1669/1669 579/1674/1674
f 579/1674/1674 602/1669/1669 601/1673/1673
f 601/1673/1673 602/1669/1669 622/1670/1670
f 601/1673/1673 622/1670/1670 621/1672/1672
f 621/1672/1672 622/1670/1670 646/1671/1671
f 381/1832/1832 344/1679/1679 326/1831/1831
f 326/1831/1831 344/1679/1679 304/1680/1680
f 326/1831/1831 304/1680/1680 264/1830/1830
f 264/1830/1830 304/1680/1680 282/1681/1681
f 264/1830/1830 282/1681/1681 226/1829/1829
f 226/1829/1829 282/1681/1681 244/1682/1682
f 226/1829/1829 244/1682/1682 243/1683/1683
f 226/1829/1829 243/1683/1683 225/1823/1823
f 225/1823/1823 243/1683/1683 281/1684/1684
f 225/1823/1823 281/1684/1684 263/1822/1822
f 263/1822/1822 281/1684/1684 303/1685/1685
f 263/1822/1822 303/1685/1685 325/1821/1821
f 325/1821/1821 303/1685/1685 343/1686/1686
f 325/1821/1821 343/1686/1686 378/1820/1820
f 378/1820/1820 343/1686/1686 379/1687/1687
f 378/1820/1820 379/1687/1687 425/1819/1819
f 425/1819/1819 379/1687/1687 426/1688/1688
f 425/1819/1819 426/1688/1688 456/1818/1818
f 456/1818/1818 426/1688/1688 476/1689/1689
f 456/1818/1818 476/1689/1689 496/1817/1817
f 496/1817/1817 476/1689/1689 536/1690/1690
f 496/1817/1817 536/1690/1690 520/1816/1816
f 520/1816/1816 536/1690/1690 578/1691/1691
f 520/1816/1816 578/1691/1691 558/1815/1815
f 558/1815/1815 578/1691/1691 557/1814/1814
f 557/1814/1814 578/1691/1691 577/1697/1697
f 557/1814/1814 577/1697/1697 519/1813/1813
f 519/1813/1813 577/1697/1697 535/1698/1698
f 519/1813/1813 535/1698/1698 495/1812/1812
f 495/1812/1812 535/1698/1698 475/1699/1699
f 495/1812/1812 475/1699/1699 455/1811/1811
f 455/1811/1811 475/1699/1699 423/1700/1700
f 455/1811/1811 423/1700/1700 424/1810/1810
f 424/1810/1810 423/1700/1700 377/1809/1809
f 377/1809/1809 423/1700/1700 376/1701/1701
f 377/1809/1809 376/1701/1701 342/1702/1702
f 578/1691/1691 600/1692/1692 577/1697/1697
f 577/1697/1697 600/1692/1692 599/1696/1696
f 599/1696/1696 600/1692/1692 620/1693/1693
f 599/1696/1696 620/1693/1693 619/1695/1695
f 619/1695/1695 620/1693/1693 645/1694/1694
f 377/1809/1809 342/1702/1702 324/1808/1808
f 324/1808/1808 342/1702/1702 302/1703/1703
f 324/1808/1808 302/1703/1703 262/1807/1807
f 262/1807/1807 302/1703/1703 280/1704/1704
f 262/1807/1807 280/1704/1704 224/1806/1806
f 224/1806/1806 280/1704/1704 242/1705/1705
f 224/1806/1806 242/1705/1705 241/1706/1706
f 224/1806/1806 241/1706/1706 223/1800/1800
f 223/1800/1800 241/1706/1706 279/1707/1707
f 223/1800/1800 279/1707/1707 261/1799/1799
f 261/1799/1799 279/1707/1707 301/1708/1708
f 261/1799/1799 301/1708/1708 323/1798/1798
f 323/1798/1798 301/1708/1708 341/1709/1709
f 323/1798/1798 341/1709/1709 374/1797/1797
f 374/1797/1797 341/1709/1709 375/1710/1710
f 374/1797/1797 375/1710/1710 421/1796/1796
f 421/1796/1796 375/1710/1710 422/1711/1711
f 421/1796/1796 422/1711/1711 454/1795/1795
f 454/1795/1795 422/1711/1711 474/1712/1712
f 454/1795/1795 474/1712/1712 494/1794/1794
f 494/1794/1794 474/1712/1712 534/1713/1713
f 494/1794/1794 534/1713/1713 518/1793/1793
f 518/1793/1793 534/1713/1713 576/1714/1714
f 518/1793/1793 576/1714/1714 556/1792/1792
f 556/1792/1792 576/1714/1714 575/1720/1720
f 556/1792/1792 575/1720/1720 555/1791/1791
f 555/1791/1791 575/1720/1720 517/1790/1790
f 517/1790/1790 575/1720/1720 533/1721/1721
f 517/1790/1790 533/1721/1721 493/1789/1789
f 493/1789/1789 533/1721/1721 473/1722/1722
f 493/1789/1789 473/1722/1722 453/1788/1788
f 453/1788/1788 473/1722/1722 419/1723/1723
f 453/1788/1788 419/1723/1723 420/1787/1787
f 420/1787/1787 419/1723/1723 373/1786/1786
f 373/1786/1786 419/1723/1723 372/1724/1724
f 373/1786/1786 372/1724/1724 340/1725/1725
f 575/1720/1720 576/1714/1714 597/1719/1719
f 597/1719/1719 576/1714/1714 598/1715/1715
f 597/1719/1719 598/1715/1715 617/1718/1718
f 617/1718/1718 598/1715/1715 618/1716/1716
f 617/1718/1718 618/1716/1716 644/1717/1717
f 373/1786/1786 340/1725/1725 322/1785/1785
f 322/1785/1785 340/1725/1725 300/1726/1726
f 322/1785/1785 300/1726/1726 260/1784/1784
f 260/1784/1784 300/1726/1726 278/1727/1727
f 260/1784/1784 278/1727/1727 222/1783/1783
f 222/1783/1783 278/1727/1727 240/1728/1728
f 222/1783/1783 240/1728/1728 239/1729/1729
f 222/1783/1783 239/1729/1729 221/1777/1777
f 221/1777/1777 239/1729/1729 277/1730/1730
f 221/1777/1777 277/1730/1730 259/1776/1776
f 259/1776/1776 277/1730/1730 299/1731/1731
f 259/1776/1776 299/1731/1731 321/1775/1775
f 321/1775/1775 299/1731/1731 339/1732/1732
f 321/1775/1775 339/1732/1732 370/1774/1774
f 370/1774/1774 339/1732/1732 371/1733/1733
f 370/1774/1774 371/1733/1733 417/1773/1773
f 417/1773/1773 371/1733/1733 418/1734/1734
f 417/1773/1773 418/1734/1734 462/1735/1735
f 417/1773/1773 462/1735/1735 452/1772/1772
f 452/1772/1772 462/1735/1735 502/1736/1736
f 452/1772/1772 502/1736/1736 492/1771/1771
f 492/1771/1771 502/1736/1736 542/1737/1737
f 492/1771/1771 542/1737/1737 516/1770/1770
f 516/1770/1770 542/1737/1737 554/1769/1769
f 554/1769/1769 542/1737/1737 566/1738/1738
f 554/1769/1769 566/1738/1738 586/1739/1739
f 606/1740/1740 588/1745/1745 586/1739/1739
f 586/1739/1739 588/1745/1745 584/1746/1746
f 586/1739/1739 584/1746/1746 553/1768/1768
f 553/1768/1768 584/1746/1746 564/1747/1747
f 553/1768/1768 564/1747/1747 515/1767/1767
f 515/1767/1767 564/1747/1747 504/1748/1748
f 515/1767/1767 504/1748/1748 491/1766/1766
f 491/1766/1766 504/1748/1748 464/1749/1749
f 491/1766/1766 464/1749/1749 451/1765/1765
f 451/1765/1765 464/1749/1749 436/1750/1750
f 451/1765/1765 436/1750/1750 416/1764/1764
f 416/1764/1764 436/1750/1750 415/1751/1751
f 416/1764/1764 415/1751/1751 394/1763/1763
f 394/1763/1763 415/1751/1751 439/1753/1753
f 394/1763/1763 439/1753/1753 392/1762/1762
f 392/1762/1762 439/1753/1753 288/1758/1758
f 392/1762/1762 288/1758/1758 390/1761/1761
f 390/1761/1761 288/1758/1758 350/1760/1760
f 350/1760/1760 288/1758/1758 310/1759/1759
f 588/1745/1745 606/1740/1740 608/1744/1744
f 608/1744/1744 606/1740/1740 626/1741/1741
f 608/1744/1744 626/1741/1741 628/1743/1743
f 628/1743/1743 626/1741/1741 630/1742/1742
f 415/1751/1751 440/1752/1752 439/1753/1753
f 643/1754/1754 642/1755/1755 439/1753/1753
f 439/1753/1753 642/1755/1755 162/1756/1756
f 439/1753/1753 162/1756/1756 288/1758/1758
f 288/1758/1758 162/1756/1756 163/1757/1757
f 553/1768/1768 554/1769/1769 586/1739/1739
f 222/1783/1783 221/1777/1777 202/1782/1782
f 202/1782/1782 221/1777/1777 201/1778/1778
f 202/1782/1782 201/1778/1778 182/1781/1781
f 182/1781/1781 201/1778/1778 181/1779/1779
f 182/1781/1781 181/1779/1779 164/1780/1780
f 224/1806/1806 223/1800/1800 204/1805/1805
f 204/1805/1805 223/1800/1800 203/1801/1801
f 204/1805/1805 203/1801/1801 184/1804/1804
f 184/1804/1804 203/1801/1801 183/1802/1802
f 184/1804/1804 183/1802/1802 165/1803/1803
f 226/1829/1829 225/1823/1823 206/1828/1828
f 206/1828/1828 225/1823/1823 205/1824/1824
f 206/1828/1828 205/1824/1824 186/1827/1827
f 186/1827/1827 205/1824/1824 185/1825/1825
f 186/1827/1827 185/1825/1825 166/1826/1826
f 228/1852/1852 227/1846/1846 208/1851/1851
f 208/1851/1851 227/1846/1846 207/1847/1847
f 208/1851/1851 207/1847/1847 188/1850/1850
f 188/1850/1850 207/1847/1847 187/1848/1848
f 188/1850/1850 187/1848/1848 167/1849/1849
# 798 vertices
# 1880 texture params
# 1880 normals
# 1640 facets

# 1 groups
