# WaveFront *.obj file (generated by Autodesk ATF)

mtllib Lanzador.mtl

g Sólido1

v 0.000000 -43.000002 -133.000002
v 0.000000 -43.000002 -120.000000
v 0.000000 -42.732053 -133.999996
v 0.000000 -41.999998 -134.732046
v 0.000000 -40.999999 -135.000000
v 0.000000 -40.000000 -130.000000
v 0.000000 -40.000000 -120.000000
v 0.000000 -39.732051 -131.000004
v 0.000000 -39.000001 -131.732054
v 0.000000 -38.000000 -131.999998
v 0.000000 -30.000000 -131.999998
v 0.000000 -29.000001 -131.732054
v 0.000000 -28.267949 -131.000004
v 0.000000 -28.000000 -130.000000
v 0.000000 -28.000000 7.000000
v 0.000000 -27.732050 8.000000
v 0.000000 -27.000000 8.732051
v 0.000000 -26.000001 9.000000
v 0.000000 -25.000000 -135.000000
v 0.000000 -25.000000 3.000000
v 0.000000 -24.732051 4.000000
v 0.000000 -24.000001 4.732051
v 0.000000 -23.000000 -141.000004
v 0.000000 -23.000000 -138.000002
v 0.000000 -23.000000 -98.000002
v 0.000000 -23.000000 -70.000000
v 0.000000 -23.000000 -41.999998
v 0.000000 -23.000000 -14.000000
v 0.000000 -23.000000 5.000000
v 0.000000 -22.995708 -125.722055
v 0.000000 -22.882738 -127.448092
v 0.000000 -22.776396 -124.006290
v 0.000000 -22.693334 -100.329370
v 0.000000 -22.693334 -95.670624
v 0.000000 -22.693334 -72.329373
v 0.000000 -22.693334 -67.670627
v 0.000000 -22.693334 -44.329371
v 0.000000 -22.693334 -39.670627
v 0.000000 -22.693334 -16.329371
v 0.000000 -22.693334 -11.670629
v 0.000000 -22.441664 -129.120626
v 0.000000 -22.232907 -122.364168
v 0.000000 -21.794229 -102.500000
v 0.000000 -21.794229 -93.500004
v 0.000000 -21.794229 -74.499998
v 0.000000 -21.794229 -65.500002
v 0.000000 -21.794229 -46.500001
v 0.000000 -21.794229 -37.500000
v 0.000000 -21.794229 -18.500000
v 0.000000 -21.794229 -9.500000
v 0.000000 -21.688774 -130.677900
v 0.000000 -21.385312 -120.856342
v 0.000000 -20.651877 -132.062387
v 0.000000 -20.363960 -104.363956
v 0.000000 -20.363960 -91.636038
v 0.000000 -20.363963 -76.363959
v 0.000000 -20.363960 -63.636041
v 0.000000 -20.363963 -48.363962
v 0.000000 -20.363960 -35.636039
v 0.000000 -20.363963 -20.363960
v 0.000000 -20.363960 -7.636039
v 0.000000 -20.264924 -119.538517
v 0.000000 -19.369278 -133.222942
v 0.000000 -18.924040 -126.868238
v 0.000000 -18.924040 -125.131760
v 0.000000 -18.924040 -98.868237
v 0.000000 -18.924040 -97.131758
v 0.000000 -18.924040 -70.868239
v 0.000000 -18.924040 -69.131761
v 0.000000 -18.924040 -42.868242
v 0.000000 -18.924040 -41.131759
v 0.000000 -18.924040 -14.868240
v 0.000000 -18.924040 -13.131759
v 0.000000 -18.913122 -118.459358
v 0.000000 -18.500000 -105.794230
v 0.000000 -18.500000 -90.205774
v 0.000000 -18.500000 -77.794228
v 0.000000 -18.500000 -62.205772
v 0.000000 -18.500000 -49.794230
v 0.000000 -18.500000 -34.205770
v 0.000000 -18.500000 -21.794229
v 0.000000 -18.500000 -6.205771
v 0.000000 -18.330127 -128.500004
v 0.000000 -18.330127 -123.500004
v 0.000000 -18.330127 -100.500002
v 0.000000 -18.330127 -95.500002
v 0.000000 -18.330127 -72.500000
v 0.000000 -18.330127 -67.500000
v 0.000000 -18.330127 -44.499998
v 0.000000 -18.330127 -39.500000
v 0.000000 -18.330127 -16.500000
v 0.000000 -18.330127 -11.500000
v 0.000000 -17.888349 -134.116697
v 0.000000 -17.379842 -117.658739
v 0.000000 -17.213938 -129.830217
v 0.000000 -17.213938 -122.169781
v 0.000000 -17.213938 -101.830225
v 0.000000 -17.213938 -94.169779
v 0.000000 -17.213938 -73.830223
v 0.000000 -17.213938 -66.169777
v 0.000000 -17.213938 -45.830221
v 0.000000 -17.213938 -38.169777
v 0.000000 -17.213938 -17.830222
v 0.000000 -17.213938 -10.169778
v 0.000000 -16.329372 -106.693335
v 0.000000 -16.329372 -89.306669
v 0.000000 -16.329372 -78.693333
v 0.000000 -16.329372 -61.306667
v 0.000000 -16.329372 -50.693331
v 0.000000 -16.329372 -33.306668
v 0.000000 -16.329372 -22.693331
v 0.000000 -16.329372 -5.306668
v 0.000000 -16.263795 -134.710636
v 0.000000 -15.721719 -117.166224
v 0.000000 -15.710101 -130.698462
v 0.000000 -15.710101 -121.301537
v 0.000000 -15.710101 -102.698460
v 0.000000 -15.710101 -93.301535
v 0.000000 -15.710101 -74.698462
v 0.000000 -15.710101 -65.301538
v 0.000000 -15.710101 -46.698465
v 0.000000 -15.710101 -37.301536
v 0.000000 -15.710101 -18.698463
v 0.000000 -15.710101 -9.301537
v 0.000000 -14.556683 -138.000002
v 0.000000 -14.556683 -135.000000
v 0.000000 -14.555622 -134.982834
v 0.000000 -14.000001 -135.000000
v 0.000000 -14.000001 -131.000004
v 0.000000 -14.000000 -121.000004
v 0.000000 -14.000000 -116.999998
v 0.000000 -14.000000 -106.999998
v 0.000000 -14.000000 -103.000002
v 0.000000 -14.000000 -93.000002
v 0.000000 -14.000000 -88.999996
v 0.000000 -14.000001 -79.000001
v 0.000000 -14.000001 -75.000000
v 0.000000 -14.000000 -65.000000
v 0.000000 -14.000000 -60.999999
v 0.000000 -14.000001 -50.999999
v 0.000000 -14.000001 -46.999998
v 0.000000 -14.000000 -37.000000
v 0.000000 -14.000000 -33.000000
v 0.000000 -14.000001 -23.000000
v 0.000000 -14.000001 -19.000000
v 0.000000 -14.000000 -9.000000
v 0.000000 -14.000000 -5.000000
v 0.000000 -6.000000 -131.000004
v 0.000000 -3.494768 -131.318893
v 0.000000 -1.149316 -132.255239
v 0.000000 0.000000 -121.000004
v 0.000000 0.000000 -116.999998
v 0.000000 0.000000 -106.999998
v 0.000000 0.000000 -103.000002
v 0.000000 0.000000 -93.000002
v 0.000000 0.000000 -88.999996
v 0.000000 0.000000 -79.000001
v 0.000000 0.000000 -75.000000
v 0.000000 0.000000 -65.000000
v 0.000000 0.000000 -60.999999
v 0.000000 0.000000 -50.999999
v 0.000000 0.000000 -46.999998
v 0.000000 0.000000 -37.000000
v 0.000000 0.000000 -33.000000
v 0.000000 0.000000 -23.000000
v 0.000000 0.000000 -19.000000
v 0.000000 0.000000 -9.000000
v 0.000000 0.000000 -5.000000
v 0.000000 0.000000 5.000000
v 0.000000 0.886765 -133.749313
v 0.000000 1.710101 -116.698465
v 0.000000 1.710101 -107.301540
v 0.000000 1.710101 -88.698463
v 0.000000 1.710101 -79.301538
v 0.000000 1.710101 -60.698462
v 0.000000 1.710101 -51.301537
v 0.000000 1.710101 -32.698462
v 0.000000 1.710101 -23.301537
v 0.000000 1.710101 -4.698463
v 0.000000 1.710101 4.698463
v 0.000000 2.329371 -120.693331
v 0.000000 2.329371 -103.306665
v 0.000000 2.329371 -92.693329
v 0.000000 2.329371 -75.306668
v 0.000000 2.329371 -64.693332
v 0.000000 2.329371 -47.306666
v 0.000000 2.329371 -36.693332
v 0.000000 2.329371 -19.306668
v 0.000000 2.400396 -8.673990
v 0.000000 2.483616 -135.705824
v 0.000000 3.213938 -115.830221
v 0.000000 3.213938 -108.169775
v 0.000000 3.213938 -87.830219
v 0.000000 3.213938 -80.169773
v 0.000000 3.213938 -59.830222
v 0.000000 3.213938 -52.169776
v 0.000000 3.213938 -31.830223
v 0.000000 3.213938 -24.169779
v 0.000000 3.213938 -3.830222
v 0.000000 3.213938 3.830222
v 0.000000 3.539392 -138.000002
v 0.000000 4.330127 -114.499998
v 0.000000 4.330127 -109.499998
v 0.000000 4.330127 -86.499996
v 0.000000 4.330127 -81.499996
v 0.000000 4.330127 -58.499999
v 0.000000 4.330127 -53.499999
v 0.000000 4.330127 -30.500000
v 0.000000 4.330127 -25.500000
v 0.000000 4.330127 -2.500000
v 0.000000 4.330127 2.500000
v 0.000000 4.500000 -119.794226
v 0.000000 4.500000 -104.205770
v 0.000000 4.500000 -91.794233
v 0.000000 4.500000 -76.205773
v 0.000000 4.500000 -63.794227
v 0.000000 4.500000 -48.205771
v 0.000000 4.500000 -35.794230
v 0.000000 4.500000 -20.205772
v 0.000000 4.626891 -7.719578
v 0.000000 4.924039 -112.868242
v 0.000000 4.924039 -111.131763
v 0.000000 4.924039 -84.868240
v 0.000000 4.924039 -83.131762
v 0.000000 4.924039 -56.868243
v 0.000000 4.924039 -55.131760
v 0.000000 4.924039 -28.868241
v 0.000000 4.924039 -27.131760
v 0.000000 4.924039 -0.868241
v 0.000000 4.924039 0.868241
v 0.000000 6.363961 -118.363962
v 0.000000 6.363961 -105.636044
v 0.000000 6.363961 -90.363960
v 0.000000 6.363961 -77.636037
v 0.000000 6.363961 -62.363963
v 0.000000 6.363961 -49.636040
v 0.000000 6.363961 -34.363961
v 0.000000 6.363961 -21.636038
v 0.000000 6.518183 -6.205908
v 0.000000 7.483315 5.000000
v 0.000000 7.794229 -116.499996
v 0.000000 7.794229 -107.500000
v 0.000000 7.794229 -88.500004
v 0.000000 7.794229 -79.499998
v 0.000000 7.794229 -60.500002
v 0.000000 7.794229 -51.500001
v 0.000000 7.794229 -32.500000
v 0.000000 7.794229 -23.499999
v 0.000000 7.937254 -4.242641
v 0.000000 8.545797 2.823004
v 0.000000 8.693333 -114.329367
v 0.000000 8.693333 -109.670630
v 0.000000 8.693333 -86.329374
v 0.000000 8.693333 -81.670628
v 0.000000 8.693333 -58.329372
v 0.000000 8.693333 -53.670630
v 0.000000 8.693333 -30.329370
v 0.000000 8.693333 -25.670629
v 0.000000 8.781297 -1.972008
v 0.000000 8.989165 0.441490
v 0.000000 9.000000 -141.000004
v 0.000000 9.000000 -138.000002
v 0.000000 9.000000 -111.999998
v 0.000000 9.000000 -83.999996
v 0.000000 9.000000 -55.999999
v 0.000000 9.000000 -28.000000
v 0.000000 9.000000 5.000000
v 0.000000 10.000000 4.732051
v 0.000000 10.732051 4.000000
v 0.000000 11.000000 -135.000000
v 0.000000 11.000000 3.000000
v 0.000000 12.000000 9.000000
v 0.000000 13.000000 8.732051
v 0.000000 13.732051 8.000000
v 0.000000 14.000000 -130.000000
v 0.000000 14.000000 7.000000
v 0.000000 14.267949 -131.000004
v 0.000000 15.000000 -131.732054
v 0.000000 16.000000 -131.999998
v 0.000000 24.000001 -131.999998
v 0.000000 25.000000 -131.732054
v 0.000000 25.732050 -131.000004
v 0.000000 25.999999 -130.000000
v 0.000000 25.999999 -120.000000
v 0.000000 27.000000 -135.000000
v 0.000000 28.000000 -134.732046
v 0.000000 28.732052 -133.999996
v 0.000000 29.000001 -133.000002
v 0.000000 29.000001 -120.000000
v 10.000000 -43.000002 -133.000002
v 10.000000 -43.000002 -120.000000
v 10.000000 -42.732053 -133.999996
v 10.000000 -41.999998 -134.732046
v 10.000000 -40.999999 -135.000000
v 10.000000 -40.000000 -130.000000
v 10.000000 -40.000000 -120.000000
v 10.000000 -39.732051 -131.000004
v 10.000000 -39.000001 -131.732054
v 10.000000 -38.000000 -131.999998
v 10.000000 -30.000000 -135.000000
v 10.000000 -30.000000 -131.999998
v 10.000000 16.000000 -135.000000
v 10.000000 16.000000 -131.999998
v 10.000000 24.000001 -131.999998
v 10.000000 25.000000 -131.732054
v 10.000000 25.732050 -131.000004
v 10.000000 25.999999 -130.000000
v 10.000000 25.999999 -120.000000
v 10.000000 27.000000 -135.000000
v 10.000000 28.000000 -134.732046
v 10.000000 28.732052 -133.999996
v 10.000000 29.000001 -133.000002
v 10.000000 29.000001 -120.000000
v 10.152241 -29.234633 -131.847763
v 10.152241 15.234634 -131.847763
v 10.267949 -29.000001 -135.000000
v 10.267949 15.000000 -135.000000
v 10.585786 -28.585787 -131.414213
v 10.585786 14.585786 -131.414213
v 11.000000 -28.267949 -135.000000
v 11.000000 14.267949 -135.000000
v 11.234633 -28.152242 -130.765362
v 11.234633 14.152241 -130.765362
v 11.500000 -28.000000 -113.999996
v 11.500000 -28.000000 -110.000000
v 11.500000 -28.000000 -101.999998
v 11.500000 -28.000000 -98.000002
v 11.500000 -28.000000 -90.000000
v 11.500000 -28.000000 -86.000004
v 11.500000 -28.000000 -78.000002
v 11.500000 -28.000000 -74.000001
v 11.500000 -28.000000 -65.999999
v 11.500000 -28.000000 -61.999998
v 11.500000 -28.000000 -54.000001
v 11.500000 -28.000000 -50.000000
v 11.500000 -27.771640 -108.851948
v 11.500000 -27.771640 -96.851950
v 11.500000 -27.771640 -84.851952
v 11.500000 -27.771640 -72.851949
v 11.500000 -27.771640 -60.851951
v 11.500000 -27.771640 -48.851948
v 11.500000 -27.121320 -107.878675
v 11.500000 -27.121320 -95.878677
v 11.500000 -27.121320 -83.878679
v 11.500000 -27.121320 -71.878681
v 11.500000 -27.121320 -59.878678
v 11.500000 -27.121320 -47.878680
v 11.500000 -26.148050 -107.228365
v 11.500000 -26.148050 -95.228357
v 11.500000 -26.148050 -83.228359
v 11.500000 -26.148050 -71.228361
v 11.500000 -26.148050 -59.228363
v 11.500000 -26.148050 -47.228360
v 11.500000 -25.000000 -113.999996
v 11.500000 -25.000000 -106.999998
v 11.500000 -25.000000 -101.999998
v 11.500000 -25.000000 -95.000000
v 11.500000 -25.000000 -90.000000
v 11.500000 -25.000000 -83.000002
v 11.500000 -25.000000 -78.000002
v 11.500000 -25.000000 -70.999999
v 11.500000 -25.000000 -65.999999
v 11.500000 -25.000000 -59.000001
v 11.500000 -25.000000 -54.000001
v 11.500000 -25.000000 -46.999998
v 11.500000 11.000000 -113.999996
v 11.500000 11.000000 -106.999998
v 11.500000 11.000000 -101.999998
v 11.500000 11.000000 -95.000000
v 11.500000 11.000000 -90.000000
v 11.500000 11.000000 -83.000002
v 11.500000 11.000000 -78.000002
v 11.500000 11.000000 -70.999999
v 11.500000 11.000000 -65.999999
v 11.500000 11.000000 -59.000001
v 11.500000 11.000000 -54.000001
v 11.500000 11.000000 -46.999998
v 11.500000 12.148050 -107.228365
v 11.500000 12.148050 -95.228357
v 11.500000 12.148050 -83.228359
v 11.500000 12.148050 -71.228361
v 11.500000 12.148050 -59.228363
v 11.500000 12.148050 -47.228360
v 11.500000 13.121320 -107.878675
v 11.500000 13.121320 -95.878677
v 11.500000 13.121320 -83.878679
v 11.500000 13.121320 -71.878681
v 11.500000 13.121320 -59.878678
v 11.500000 13.121320 -47.878680
v 11.500000 13.771639 -108.851948
v 11.500000 13.771639 -96.851950
v 11.500000 13.771639 -84.851952
v 11.500000 13.771639 -72.851949
v 11.500000 13.771639 -60.851951
v 11.500000 13.771639 -48.851948
v 11.500000 14.000000 -113.999996
v 11.500000 14.000000 -110.000000
v 11.500000 14.000000 -101.999998
v 11.500000 14.000000 -98.000002
v 11.500000 14.000000 -90.000000
v 11.500000 14.000000 -86.000004
v 11.500000 14.000000 -78.000002
v 11.500000 14.000000 -74.000001
v 11.500000 14.000000 -65.999999
v 11.500000 14.000000 -61.999998
v 11.500000 14.000000 -54.000001
v 11.500000 14.000000 -50.000000
v 12.000000 -28.000000 -135.000000
v 12.000000 -28.000000 -130.000000
v 12.000000 14.000000 -135.000000
v 12.000000 14.000000 -130.000000
v 12.625000 -28.000000 -141.000004
v 12.625000 -28.000000 -138.000002
v 12.625000 -23.000000 -141.000004
v 12.625000 -23.000000 -138.000002
v 12.625000 9.000000 -141.000004
v 12.625000 9.000000 -138.000002
v 12.625000 14.000000 -141.000004
v 12.625000 14.000000 -138.000002
v 12.701120 -28.382683 -140.923882
v 12.701120 -28.382683 -138.076124
v 12.701120 14.382683 -140.923882
v 12.701120 14.382683 -138.076124
v 12.917893 -28.707106 -140.707111
v 12.917893 -28.707106 -138.292894
v 12.917893 14.707106 -140.707111
v 12.917893 14.707106 -138.292894
v 13.625000 -29.000001 -140.000000
v 13.625000 -29.000001 -138.999996
v 13.625000 15.000000 -140.000000
v 13.625000 15.000000 -138.999996
v 16.375000 -29.000001 -140.000000
v 16.375000 -29.000001 -138.999996
v 16.375000 15.000000 -140.000000
v 16.375000 15.000000 -138.999996
v 17.082107 -28.707106 -140.707111
v 17.082107 -28.707106 -138.292894
v 17.082107 14.707106 -140.707111
v 17.082107 14.707106 -138.292894
v 17.298880 -28.382683 -140.923882
v 17.298880 -28.382683 -138.076124
v 17.298880 14.382683 -140.923882
v 17.298880 14.382683 -138.076124
v 17.375000 -28.000000 -141.000004
v 17.375000 -28.000000 -138.000002
v 17.375000 -23.000000 -141.000004
v 17.375000 -23.000000 -138.000002
v 17.375000 9.000000 -141.000004
v 17.375000 9.000000 -138.000002
v 17.375000 14.000000 -141.000004
v 17.375000 14.000000 -138.000002
v 18.500000 -28.000000 -113.999996
v 18.500000 -28.000000 -110.000000
v 18.500000 -28.000000 -101.999998
v 18.500000 -28.000000 -98.000002
v 18.500000 -28.000000 -90.000000
v 18.500000 -28.000000 -86.000004
v 18.500000 -28.000000 -78.000002
v 18.500000 -28.000000 -74.000001
v 18.500000 -28.000000 -65.999999
v 18.500000 -28.000000 -61.999998
v 18.500000 -28.000000 -54.000001
v 18.500000 -28.000000 -50.000000
v 18.500000 -27.771640 -108.851948
v 18.500000 -27.771640 -96.851950
v 18.500000 -27.771640 -84.851952
v 18.500000 -27.771640 -72.851949
v 18.500000 -27.771640 -60.851951
v 18.500000 -27.771640 -48.851948
v 18.500000 -27.121320 -107.878675
v 18.500000 -27.121320 -95.878677
v 18.500000 -27.121320 -83.878679
v 18.500000 -27.121320 -71.878681
v 18.500000 -27.121320 -59.878678
v 18.500000 -27.121320 -47.878680
v 18.500000 -26.148050 -107.228365
v 18.500000 -26.148050 -95.228357
v 18.500000 -26.148050 -83.228359
v 18.500000 -26.148050 -71.228361
v 18.500000 -26.148050 -59.228363
v 18.500000 -26.148050 -47.228360
v 18.500000 -25.000000 -113.999996
v 18.500000 -25.000000 -106.999998
v 18.500000 -25.000000 -101.999998
v 18.500000 -25.000000 -95.000000
v 18.500000 -25.000000 -90.000000
v 18.500000 -25.000000 -83.000002
v 18.500000 -25.000000 -78.000002
v 18.500000 -25.000000 -70.999999
v 18.500000 -25.000000 -65.999999
v 18.500000 -25.000000 -59.000001
v 18.500000 -25.000000 -54.000001
v 18.500000 -25.000000 -46.999998
v 18.500000 11.000000 -113.999996
v 18.500000 11.000000 -106.999998
v 18.500000 11.000000 -101.999998
v 18.500000 11.000000 -95.000000
v 18.500000 11.000000 -90.000000
v 18.500000 11.000000 -83.000002
v 18.500000 11.000000 -78.000002
v 18.500000 11.000000 -70.999999
v 18.500000 11.000000 -65.999999
v 18.500000 11.000000 -59.000001
v 18.500000 11.000000 -54.000001
v 18.500000 11.000000 -46.999998
v 18.500000 12.148050 -107.228365
v 18.500000 12.148050 -95.228357
v 18.500000 12.148050 -83.228359
v 18.500000 12.148050 -71.228361
v 18.500000 12.148050 -59.228363
v 18.500000 12.148050 -47.228360
v 18.500000 13.121320 -107.878675
v 18.500000 13.121320 -95.878677
v 18.500000 13.121320 -83.878679
v 18.500000 13.121320 -71.878681
v 18.500000 13.121320 -59.878678
v 18.500000 13.121320 -47.878680
v 18.500000 13.771639 -108.851948
v 18.500000 13.771639 -96.851950
v 18.500000 13.771639 -84.851952
v 18.500000 13.771639 -72.851949
v 18.500000 13.771639 -60.851951
v 18.500000 13.771639 -48.851948
v 18.500000 14.000000 -113.999996
v 18.500000 14.000000 -110.000000
v 18.500000 14.000000 -101.999998
v 18.500000 14.000000 -98.000002
v 18.500000 14.000000 -90.000000
v 18.500000 14.000000 -86.000004
v 18.500000 14.000000 -78.000002
v 18.500000 14.000000 -74.000001
v 18.500000 14.000000 -65.999999
v 18.500000 14.000000 -61.999998
v 18.500000 14.000000 -54.000001
v 18.500000 14.000000 -50.000000
v 30.000000 -28.000000 -135.000000
v 30.000000 -28.000000 7.000000
v 30.000000 -27.732050 8.000000
v 30.000000 -27.000000 8.732051
v 30.000000 -26.000001 9.000000
v 30.000000 -25.000000 -135.000000
v 30.000000 -25.000000 3.000000
v 30.000000 -24.732051 4.000000
v 30.000000 -24.000001 4.732051
v 30.000000 -23.000000 -141.000004
v 30.000000 -23.000000 -138.000002
v 30.000000 -23.000000 -98.000002
v 30.000000 -23.000000 -70.000000
v 30.000000 -23.000000 -41.999998
v 30.000000 -23.000000 -14.000000
v 30.000000 -23.000000 5.000000
v 30.000000 -22.995708 -125.722055
v 30.000000 -22.882738 -127.448092
v 30.000000 -22.776396 -124.006290
v 30.000000 -22.693334 -100.329370
v 30.000000 -22.693334 -95.670624
v 30.000000 -22.693334 -72.329373
v 30.000000 -22.693334 -67.670627
v 30.000000 -22.693334 -44.329371
v 30.000000 -22.693334 -39.670627
v 30.000000 -22.693334 -16.329371
v 30.000000 -22.693334 -11.670629
v 30.000000 -22.441664 -129.120626
v 30.000000 -22.232907 -122.364168
v 30.000000 -21.794229 -102.500000
v 30.000000 -21.794229 -93.500004
v 30.000000 -21.794229 -74.499998
v 30.000000 -21.794229 -65.500002
v 30.000000 -21.794229 -46.500001
v 30.000000 -21.794229 -37.500000
v 30.000000 -21.794229 -18.500000
v 30.000000 -21.794229 -9.500000
v 30.000000 -21.688774 -130.677900
v 30.000000 -21.385312 -120.856342
v 30.000000 -20.651877 -132.062387
v 30.000000 -20.363960 -104.363956
v 30.000000 -20.363960 -91.636038
v 30.000000 -20.363963 -76.363959
v 30.000000 -20.363960 -63.636041
v 30.000000 -20.363963 -48.363962
v 30.000000 -20.363960 -35.636039
v 30.000000 -20.363963 -20.363960
v 30.000000 -20.363960 -7.636039
v 30.000000 -20.264924 -119.538517
v 30.000000 -19.369278 -133.222942
v 30.000000 -18.924040 -126.868238
v 30.000000 -18.924040 -125.131760
v 30.000000 -18.924040 -98.868237
v 30.000000 -18.924040 -97.131758
v 30.000000 -18.924040 -70.868239
v 30.000000 -18.924040 -69.131761
v 30.000000 -18.924040 -42.868242
v 30.000000 -18.924040 -41.131759
v 30.000000 -18.924040 -14.868240
v 30.000000 -18.924040 -13.131759
v 30.000000 -18.913122 -118.459358
v 30.000000 -18.500000 -105.794230
v 30.000000 -18.500000 -90.205774
v 30.000000 -18.500000 -77.794228
v 30.000000 -18.500000 -62.205772
v 30.000000 -18.500000 -49.794230
v 30.000000 -18.500000 -34.205770
v 30.000000 -18.500000 -21.794229
v 30.000000 -18.500000 -6.205771
v 30.000000 -18.330127 -128.500004
v 30.000000 -18.330127 -123.500004
v 30.000000 -18.330127 -100.500002
v 30.000000 -18.330127 -95.500002
v 30.000000 -18.330127 -72.500000
v 30.000000 -18.330127 -67.500000
v 30.000000 -18.330127 -44.499998
v 30.000000 -18.330127 -39.500000
v 30.000000 -18.330127 -16.500000
v 30.000000 -18.330127 -11.500000
v 30.000000 -17.888349 -134.116697
v 30.000000 -17.379842 -117.658739
v 30.000000 -17.213938 -129.830217
v 30.000000 -17.213938 -122.169781
v 30.000000 -17.213938 -101.830225
v 30.000000 -17.213938 -94.169779
v 30.000000 -17.213938 -73.830223
v 30.000000 -17.213938 -66.169777
v 30.000000 -17.213938 -45.830221
v 30.000000 -17.213938 -38.169777
v 30.000000 -17.213938 -17.830222
v 30.000000 -17.213938 -10.169778
v 30.000000 -16.329372 -106.693335
v 30.000000 -16.329372 -89.306669
v 30.000000 -16.329372 -78.693333
v 30.000000 -16.329372 -61.306667
v 30.000000 -16.329372 -50.693331
v 30.000000 -16.329372 -33.306668
v 30.000000 -16.329372 -22.693331
v 30.000000 -16.329372 -5.306668
v 30.000000 -16.263795 -134.710636
v 30.000000 -15.721719 -117.166224
v 30.000000 -15.710101 -130.698462
v 30.000000 -15.710101 -121.301537
v 30.000000 -15.710101 -102.698460
v 30.000000 -15.710101 -93.301535
v 30.000000 -15.710101 -74.698462
v 30.000000 -15.710101 -65.301538
v 30.000000 -15.710101 -46.698465
v 30.000000 -15.710101 -37.301536
v 30.000000 -15.710101 -18.698463
v 30.000000 -15.710101 -9.301537
v 30.000000 -14.556683 -138.000002
v 30.000000 -14.556683 -135.000000
v 30.000000 -14.555622 -134.982834
v 30.000000 -14.000001 -135.000000
v 30.000000 -14.000001 -131.000004
v 30.000000 -14.000000 -121.000004
v 30.000000 -14.000000 -116.999998
v 30.000000 -14.000000 -106.999998
v 30.000000 -14.000000 -103.000002
v 30.000000 -14.000000 -93.000002
v 30.000000 -14.000000 -88.999996
v 30.000000 -14.000001 -79.000001
v 30.000000 -14.000001 -75.000000
v 30.000000 -14.000000 -65.000000
v 30.000000 -14.000000 -60.999999
v 30.000000 -14.000001 -50.999999
v 30.000000 -14.000001 -46.999998
v 30.000000 -14.000000 -37.000000
v 30.000000 -14.000000 -33.000000
v 30.000000 -14.000001 -23.000000
v 30.000000 -14.000001 -19.000000
v 30.000000 -14.000000 -9.000000
v 30.000000 -14.000000 -5.000000
v 30.000000 -6.000000 -131.000004
v 30.000000 -3.494768 -131.318893
v 30.000000 -1.149316 -132.255239
v 30.000000 0.000000 -121.000004
v 30.000000 0.000000 -116.999998
v 30.000000 0.000000 -106.999998
v 30.000000 0.000000 -103.000002
v 30.000000 0.000000 -93.000002
v 30.000000 0.000000 -88.999996
v 30.000000 0.000000 -79.000001
v 30.000000 0.000000 -75.000000
v 30.000000 0.000000 -65.000000
v 30.000000 0.000000 -60.999999
v 30.000000 0.000000 -50.999999
v 30.000000 0.000000 -46.999998
v 30.000000 0.000000 -37.000000
v 30.000000 0.000000 -33.000000
v 30.000000 0.000000 -23.000000
v 30.000000 0.000000 -19.000000
v 30.000000 0.000000 -9.000000
v 30.000000 0.000000 -5.000000
v 30.000000 0.000000 5.000000
v 30.000000 0.886765 -133.749313
v 30.000000 1.710101 -116.698465
v 30.000000 1.710101 -107.301540
v 30.000000 1.710101 -88.698463
v 30.000000 1.710101 -79.301538
v 30.000000 1.710101 -60.698462
v 30.000000 1.710101 -51.301537
v 30.000000 1.710101 -32.698462
v 30.000000 1.710101 -23.301537
v 30.000000 1.710101 -4.698463
v 30.000000 1.710101 4.698463
v 30.000000 2.329371 -120.693331
v 30.000000 2.329371 -103.306665
v 30.000000 2.329371 -92.693329
v 30.000000 2.329371 -75.306668
v 30.000000 2.329371 -64.693332
v 30.000000 2.329371 -47.306666
v 30.000000 2.329371 -36.693332
v 30.000000 2.329371 -19.306668
v 30.000000 2.400396 -8.673990
v 30.000000 2.483616 -135.705824
v 30.000000 3.213938 -115.830221
v 30.000000 3.213938 -108.169775
v 30.000000 3.213938 -87.830219
v 30.000000 3.213938 -80.169773
v 30.000000 3.213938 -59.830222
v 30.000000 3.213938 -52.169776
v 30.000000 3.213938 -31.830223
v 30.000000 3.213938 -24.169779
v 30.000000 3.213938 -3.830222
v 30.000000 3.213938 3.830222
v 30.000000 3.539392 -138.000002
v 30.000000 4.330127 -114.499998
v 30.000000 4.330127 -109.499998
v 30.000000 4.330127 -86.499996
v 30.000000 4.330127 -81.499996
v 30.000000 4.330127 -58.499999
v 30.000000 4.330127 -53.499999
v 30.000000 4.330127 -30.500000
v 30.000000 4.330127 -25.500000
v 30.000000 4.330127 -2.500000
v 30.000000 4.330127 2.500000
v 30.000000 4.500000 -119.794226
v 30.000000 4.500000 -104.205770
v 30.000000 4.500000 -91.794233
v 30.000000 4.500000 -76.205773
v 30.000000 4.500000 -63.794227
v 30.000000 4.500000 -48.205771
v 30.000000 4.500000 -35.794230
v 30.000000 4.500000 -20.205772
v 30.000000 4.626891 -7.719578
v 30.000000 4.924039 -112.868242
v 30.000000 4.924039 -111.131763
v 30.000000 4.924039 -84.868240
v 30.000000 4.924039 -83.131762
v 30.000000 4.924039 -56.868243
v 30.000000 4.924039 -55.131760
v 30.000000 4.924039 -28.868241
v 30.000000 4.924039 -27.131760
v 30.000000 4.924039 -0.868241
v 30.000000 4.924039 0.868241
v 30.000000 6.363961 -118.363962
v 30.000000 6.363961 -105.636044
v 30.000000 6.363961 -90.363960
v 30.000000 6.363961 -77.636037
v 30.000000 6.363961 -62.363963
v 30.000000 6.363961 -49.636040
v 30.000000 6.363961 -34.363961
v 30.000000 6.363961 -21.636038
v 30.000000 6.518183 -6.205908
v 30.000000 7.483315 5.000000
v 30.000000 7.794229 -116.499996
v 30.000000 7.794229 -107.500000
v 30.000000 7.794229 -88.500004
v 30.000000 7.794229 -79.499998
v 30.000000 7.794229 -60.500002
v 30.000000 7.794229 -51.500001
v 30.000000 7.794229 -32.500000
v 30.000000 7.794229 -23.499999
v 30.000000 7.937254 -4.242641
v 30.000000 8.545797 2.823004
v 30.000000 8.693333 -114.329367
v 30.000000 8.693333 -109.670630
v 30.000000 8.693333 -86.329374
v 30.000000 8.693333 -81.670628
v 30.000000 8.693333 -58.329372
v 30.000000 8.693333 -53.670630
v 30.000000 8.693333 -30.329370
v 30.000000 8.693333 -25.670629
v 30.000000 8.781297 -1.972008
v 30.000000 8.989165 0.441490
v 30.000000 9.000000 -141.000004
v 30.000000 9.000000 -138.000002
v 30.000000 9.000000 -111.999998
v 30.000000 9.000000 -83.999996
v 30.000000 9.000000 -55.999999
v 30.000000 9.000000 -28.000000
v 30.000000 9.000000 5.000000
v 30.000000 10.000000 4.732051
v 30.000000 10.732051 4.000000
v 30.000000 11.000000 -135.000000
v 30.000000 11.000000 3.000000
v 30.000000 12.000000 9.000000
v 30.000000 13.000000 8.732051
v 30.000000 13.732051 8.000000
v 30.000000 14.000000 -135.000000
v 30.000000 14.000000 7.000000
vt -3.000000 0.157080 0.000000
vt -3.000000 0.052360 0.000000
vt -3.000000 -0.052360 0.000000
vt -3.000000 -0.157080 0.000000
vt -0.000000 -0.157080 0.000000
vt -0.000000 -0.052360 0.000000
vt -0.000000 0.052360 0.000000
vt -0.000000 0.157080 0.000000
vt 0.200000 3.000000 0.000000
vt 0.200000 0.000000 0.000000
vt 4.000000 0.000000 0.000000
vt 4.000000 3.000000 0.000000
vt 7.500000 1.900000 0.000000
vt 7.473205 2.000000 0.000000
vt 7.400000 2.073205 0.000000
vt 7.300000 2.100000 0.000000
vt -6.400000 2.100000 0.000000
vt -6.500000 2.126795 0.000000
vt -6.573205 2.200000 0.000000
vt -6.600000 2.300000 0.000000
vt -6.600000 3.100000 0.000000
vt -6.573205 3.200000 0.000000
vt -6.500000 3.273205 0.000000
vt -6.400000 3.300000 0.000000
vt -5.400000 3.300000 0.000000
vt -5.400000 3.600000 0.000000
vt -6.700000 3.600000 0.000000
vt -6.800000 3.573205 0.000000
vt -6.873205 3.500000 0.000000
vt -6.900000 3.400000 0.000000
vt -6.900000 1.800000 0.000000
vt 6.900000 1.800000 0.000000
vt 7.000000 1.773205 0.000000
vt 7.073205 1.700000 0.000000
vt 7.100000 1.600000 0.000000
vt 7.100000 1.448331 0.000000
vt 6.882300 1.554580 0.000000
vt 6.644149 1.598917 0.000000
vt 6.402799 1.578130 0.000000
vt 6.175736 1.493725 0.000000
vt 5.979409 1.351818 0.000000
vt 5.828042 1.162689 0.000000
vt 5.732601 0.940040 0.000000
vt 5.700000 0.700000 0.000000
vt 5.700000 -0.700000 0.000000
vt 5.669847 -0.871010 0.000000
vt 5.583022 -1.021394 0.000000
vt 5.450000 -1.133013 0.000000
vt 5.286824 -1.192404 0.000000
vt 5.113176 -1.192404 0.000000
vt 4.950000 -1.133013 0.000000
vt 4.816978 -1.021394 0.000000
vt 4.730154 -0.871010 0.000000
vt 4.700000 -0.700000 0.000000
vt 4.700000 0.700000 0.000000
vt 4.669333 0.932937 0.000000
vt 4.579423 1.150000 0.000000
vt 4.436396 1.336396 0.000000
vt 4.250000 1.479423 0.000000
vt 4.032937 1.569333 0.000000
vt 3.800000 1.600000 0.000000
vt 3.567063 1.569333 0.000000
vt 3.350000 1.479423 0.000000
vt 3.163604 1.336396 0.000000
vt 3.020577 1.150000 0.000000
vt 2.930667 0.932937 0.000000
vt 2.900000 0.700000 0.000000
vt 2.900000 -0.700000 0.000000
vt 2.869846 -0.871010 0.000000
vt 2.783022 -1.021394 0.000000
vt 2.650000 -1.133013 0.000000
vt 2.486824 -1.192404 0.000000
vt 2.313176 -1.192404 0.000000
vt 2.150000 -1.133013 0.000000
vt 2.016978 -1.021394 0.000000
vt 1.930154 -0.871010 0.000000
vt 1.900000 -0.700000 0.000000
vt 1.900000 0.700000 0.000000
vt 1.869333 0.932937 0.000000
vt 1.779423 1.150000 0.000000
vt 1.636396 1.336396 0.000000
vt 1.450000 1.479423 0.000000
vt 1.232937 1.569333 0.000000
vt 1.000000 1.600000 0.000000
vt 0.767063 1.569333 0.000000
vt 0.550000 1.479423 0.000000
vt 0.363604 1.336396 0.000000
vt 0.220577 1.150000 0.000000
vt 0.130667 0.932937 0.000000
vt 0.100000 0.700000 0.000000
vt 0.100000 -0.700000 0.000000
vt 0.069846 -0.871010 0.000000
vt -0.016978 -1.021394 0.000000
vt -0.150000 -1.133013 0.000000
vt -0.313176 -1.192404 0.000000
vt -0.486824 -1.192404 0.000000
vt -0.650000 -1.133013 0.000000
vt -0.783022 -1.021394 0.000000
vt -0.869846 -0.871010 0.000000
vt -0.900000 -0.700000 0.000000
vt -0.900000 0.700000 0.000000
vt -0.930667 0.932937 0.000000
vt -1.020577 1.150000 0.000000
vt -1.163604 1.336396 0.000000
vt -1.350000 1.479423 0.000000
vt -1.567063 1.569333 0.000000
vt -1.800000 1.600000 0.000000
vt -2.032937 1.569333 0.000000
vt -2.250000 1.479423 0.000000
vt -2.436396 1.336396 0.000000
vt -2.579423 1.150000 0.000000
vt -2.669333 0.932937 0.000000
vt -2.700000 0.700000 0.000000
vt -2.700000 -0.700000 0.000000
vt -2.730154 -0.871010 0.000000
vt -2.816978 -1.021394 0.000000
vt -2.950000 -1.133013 0.000000
vt -3.113176 -1.192404 0.000000
vt -3.286824 -1.192404 0.000000
vt -3.450000 -1.133013 0.000000
vt -3.583022 -1.021394 0.000000
vt -3.669846 -0.871010 0.000000
vt -3.700000 -0.700000 0.000000
vt -3.700000 0.700000 0.000000
vt -3.730667 0.932937 0.000000
vt -3.820577 1.150000 0.000000
vt -3.963604 1.336396 0.000000
vt -4.150000 1.479423 0.000000
vt -4.367063 1.569333 0.000000
vt -4.600000 1.600000 0.000000
vt -4.832937 1.569333 0.000000
vt -5.050000 1.479423 0.000000
vt -5.236396 1.336396 0.000000
vt -5.379423 1.150000 0.000000
vt -5.469333 0.932937 0.000000
vt -5.500000 0.700000 0.000000
vt -5.500000 -0.700000 0.000000
vt -5.530154 -0.871010 0.000000
vt -5.616978 -1.021394 0.000000
vt -5.750000 -1.133013 0.000000
vt -5.913176 -1.192404 0.000000
vt -6.086824 -1.192404 0.000000
vt -6.250000 -1.133013 0.000000
vt -6.383022 -1.021394 0.000000
vt -6.469846 -0.871010 0.000000
vt -6.500000 -0.700000 0.000000
vt -6.500000 0.100000 0.000000
vt -6.531889 0.350523 0.000000
vt -6.625524 0.585068 0.000000
vt -6.774931 0.788677 0.000000
vt -6.970583 0.948362 0.000000
vt -7.200000 1.053939 0.000000
vt -7.200000 1.600000 0.000000
vt -7.500000 1.600000 0.000000
vt -7.500000 -1.600000 0.000000
vt -7.200000 -1.600000 0.000000
vt -7.200000 -0.755668 0.000000
vt -6.900000 -0.755668 0.000000
vt -6.900000 -0.700000 0.000000
vt -6.898283 -0.755562 0.000000
vt -6.871064 -0.926380 0.000000
vt -6.811669 -1.088835 0.000000
vt -6.722294 -1.236928 0.000000
vt -6.606239 -1.365188 0.000000
vt -6.467791 -1.468877 0.000000
vt -6.312063 -1.544166 0.000000
vt -6.144809 -1.588274 0.000000
vt -5.972206 -1.599571 0.000000
vt -5.800629 -1.577640 0.000000
vt -5.636417 -1.523291 0.000000
vt -5.485635 -1.438531 0.000000
vt -5.353852 -1.326492 0.000000
vt -5.245936 -1.191312 0.000000
vt -5.165874 -1.037984 0.000000
vt -5.116622 -0.872172 0.000000
vt -5.100000 -0.700000 0.000000
vt -5.100000 0.700000 0.000000
vt -5.069846 0.871010 0.000000
vt -4.983022 1.021394 0.000000
vt -4.850000 1.133013 0.000000
vt -4.686824 1.192404 0.000000
vt -4.513176 1.192404 0.000000
vt -4.350000 1.133013 0.000000
vt -4.216978 1.021394 0.000000
vt -4.130154 0.871010 0.000000
vt -4.100000 0.700000 0.000000
vt -4.100000 -0.700000 0.000000
vt -4.069333 -0.932937 0.000000
vt -3.979423 -1.150000 0.000000
vt -3.836396 -1.336396 0.000000
vt -3.650000 -1.479423 0.000000
vt -3.432937 -1.569333 0.000000
vt -3.200000 -1.600000 0.000000
vt -2.967063 -1.569333 0.000000
vt -2.750000 -1.479423 0.000000
vt -2.563604 -1.336396 0.000000
vt -2.420577 -1.150000 0.000000
vt -2.330667 -0.932937 0.000000
vt -2.300000 -0.700000 0.000000
vt -2.300000 0.700000 0.000000
vt -2.269846 0.871010 0.000000
vt -2.183022 1.021394 0.000000
vt -2.050000 1.133013 0.000000
vt -1.886824 1.192404 0.000000
vt -1.713176 1.192404 0.000000
vt -1.550000 1.133013 0.000000
vt -1.416978 1.021394 0.000000
vt -1.330154 0.871010 0.000000
vt -1.300000 0.700000 0.000000
vt -1.300000 -0.700000 0.000000
vt -1.269333 -0.932937 0.000000
vt -1.179423 -1.150000 0.000000
vt -1.036396 -1.336396 0.000000
vt -0.850000 -1.479423 0.000000
vt -0.632937 -1.569333 0.000000
vt -0.400000 -1.600000 0.000000
vt -0.167063 -1.569333 0.000000
vt 0.050000 -1.479423 0.000000
vt 0.236396 -1.336396 0.000000
vt 0.379423 -1.150000 0.000000
vt 0.469333 -0.932937 0.000000
vt 0.500000 -0.700000 0.000000
vt 0.500000 0.700000 0.000000
vt 0.530154 0.871010 0.000000
vt 0.616978 1.021394 0.000000
vt 0.750000 1.133013 0.000000
vt 0.913176 1.192404 0.000000
vt 1.086824 1.192404 0.000000
vt 1.250000 1.133013 0.000000
vt 1.383022 1.021394 0.000000
vt 1.469846 0.871010 0.000000
vt 1.500000 0.700000 0.000000
vt 1.500000 -0.700000 0.000000
vt 1.530667 -0.932937 0.000000
vt 1.620577 -1.150000 0.000000
vt 1.763604 -1.336396 0.000000
vt 1.950000 -1.479423 0.000000
vt 2.167063 -1.569333 0.000000
vt 2.400000 -1.600000 0.000000
vt 2.632937 -1.569333 0.000000
vt 2.850000 -1.479423 0.000000
vt 3.036396 -1.336396 0.000000
vt 3.179423 -1.150000 0.000000
vt 3.269333 -0.932937 0.000000
vt 3.300000 -0.700000 0.000000
vt 3.300000 0.700000 0.000000
vt 3.330154 0.871010 0.000000
vt 3.416978 1.021394 0.000000
vt 3.550000 1.133013 0.000000
vt 3.713176 1.192404 0.000000
vt 3.886824 1.192404 0.000000
vt 4.050000 1.133013 0.000000
vt 4.183022 1.021394 0.000000
vt 4.269846 0.871010 0.000000
vt 4.300000 0.700000 0.000000
vt 4.300000 -0.700000 0.000000
vt 4.330667 -0.932937 0.000000
vt 4.420577 -1.150000 0.000000
vt 4.563604 -1.336396 0.000000
vt 4.750000 -1.479423 0.000000
vt 4.967063 -1.569333 0.000000
vt 5.200000 -1.600000 0.000000
vt 5.432937 -1.569333 0.000000
vt 5.650000 -1.479423 0.000000
vt 5.836396 -1.336396 0.000000
vt 5.979423 -1.150000 0.000000
vt 6.069333 -0.932937 0.000000
vt 6.100000 -0.700000 0.000000
vt 6.100000 0.700000 0.000000
vt 6.130154 0.871010 0.000000
vt 6.216978 1.021394 0.000000
vt 6.350000 1.133013 0.000000
vt 6.513176 1.192404 0.000000
vt 6.686824 1.192404 0.000000
vt 6.850000 1.133013 0.000000
vt 6.983022 1.021394 0.000000
vt 7.069846 0.871010 0.000000
vt 7.100000 0.700000 0.000000
vt 7.100000 -1.600000 0.000000
vt 7.073205 -1.700000 0.000000
vt 7.000000 -1.773205 0.000000
vt 6.900000 -1.800000 0.000000
vt -6.900000 -1.800000 0.000000
vt -6.900000 -3.400000 0.000000
vt -6.873205 -3.500000 0.000000
vt -6.800000 -3.573205 0.000000
vt -6.700000 -3.600000 0.000000
vt -5.400000 -3.600000 0.000000
vt -5.400000 -3.300000 0.000000
vt -6.400000 -3.300000 0.000000
vt -6.500000 -3.273205 0.000000
vt -6.573205 -3.200000 0.000000
vt -6.600000 -3.100000 0.000000
vt -6.600000 -2.300000 0.000000
vt -6.573205 -2.200000 0.000000
vt -6.500000 -2.126795 0.000000
vt -6.400000 -2.100000 0.000000
vt 7.300000 -2.100000 0.000000
vt 7.400000 -2.073205 0.000000
vt 7.473205 -2.000000 0.000000
vt 7.500000 -1.900000 0.000000
vt -3.000000 0.157080 0.000000
vt -3.000000 0.052360 0.000000
vt -3.000000 -0.052360 0.000000
vt -3.000000 -0.157080 0.000000
vt -0.000000 -0.157080 0.000000
vt -0.000000 -0.052360 0.000000
vt -0.000000 0.052360 0.000000
vt -0.000000 0.157080 0.000000
vt -0.075000 -0.157080 0.000000
vt -0.059776 -0.078540 0.000000
vt -0.016421 0.000000 0.000000
vt 0.048463 0.078540 0.000000
vt 0.125000 0.157080 0.000000
vt -0.375000 0.157080 0.000000
vt -0.375000 0.052360 0.000000
vt -0.375000 -0.052360 0.000000
vt -0.375000 -0.157080 0.000000
vt 14.200000 0.000000 0.000000
vt 14.200000 3.000000 0.000000
vt 0.000000 3.000000 0.000000
vt 0.000000 1.200000 0.000000
vt 0.500000 1.200000 0.000000
vt 0.500000 0.000000 0.000000
vt 8.500000 1.150000 0.000000
vt 8.100000 1.150000 0.000000
vt 8.100000 1.850000 0.000000
vt 8.500000 1.850000 0.000000
vt 2.500000 1.150000 0.000000
vt 2.100000 1.150000 0.000000
vt 2.100000 1.850000 0.000000
vt 2.500000 1.850000 0.000000
vt 4.900000 1.150000 0.000000
vt 4.500000 1.150000 0.000000
vt 4.500000 1.850000 0.000000
vt 4.900000 1.850000 0.000000
vt 7.300000 1.150000 0.000000
vt 6.900000 1.150000 0.000000
vt 6.900000 1.850000 0.000000
vt 7.300000 1.850000 0.000000
vt 3.700000 1.150000 0.000000
vt 3.300000 1.150000 0.000000
vt 3.300000 1.850000 0.000000
vt 3.700000 1.850000 0.000000
vt 6.100000 1.150000 0.000000
vt 5.700000 1.150000 0.000000
vt 5.700000 1.850000 0.000000
vt 6.100000 1.850000 0.000000
vt 7.075000 0.157080 0.000000
vt 7.151536 0.078540 0.000000
vt 7.216422 0.000000 0.000000
vt 7.259776 -0.078540 0.000000
vt 7.275000 -0.157080 0.000000
vt 7.575000 -0.157080 0.000000
vt 7.575000 -0.052360 0.000000
vt 7.575000 0.052360 0.000000
vt 7.575000 0.157080 0.000000
vt 0.750000 0.550000 0.000000
vt 0.450000 0.550000 0.000000
vt 0.450000 -0.250000 0.000000
vt 0.423205 -0.350000 0.000000
vt 0.350000 -0.423205 0.000000
vt 0.250000 -0.450000 0.000000
vt -0.750000 -0.450000 0.000000
vt -0.750000 -0.750000 0.000000
vt 0.550000 -0.750000 0.000000
vt 0.650000 -0.723205 0.000000
vt 0.723205 -0.650000 0.000000
vt 0.750000 -0.550000 0.000000
vt -0.300000 0.000000 0.000000
vt -0.000000 0.000000 0.000000
vt -0.000000 1.000000 0.000000
vt -0.300000 1.000000 0.000000
vt -1.000000 0.000000 0.000000
vt -0.000000 0.000000 0.000000
vt -0.000000 1.000000 0.000000
vt -1.000000 1.000000 0.000000
vt -0.000000 -0.628319 0.000000
vt -0.000000 -0.523599 0.000000
vt -0.000000 -0.418879 0.000000
vt -0.000000 -0.314159 0.000000
vt -1.000000 -0.314159 0.000000
vt -1.000000 -0.418879 0.000000
vt -1.000000 -0.523599 0.000000
vt -1.000000 -0.628319 0.000000
vt -0.800000 0.000000 0.000000
vt -0.000000 0.000000 0.000000
vt -0.000000 1.000000 0.000000
vt -0.800000 1.000000 0.000000
vt -0.000000 -0.628319 0.000000
vt -0.000000 -0.523599 0.000000
vt -0.000000 -0.418879 0.000000
vt -0.000000 -0.314159 0.000000
vt -1.200000 -0.314159 0.000000
vt -1.123463 -0.392699 0.000000
vt -1.058579 -0.471239 0.000000
vt -1.015224 -0.549779 0.000000
vt -1.000000 -0.628319 0.000000
vt 0.000000 0.314159 0.000000
vt 0.000000 0.209440 0.000000
vt 0.000000 0.104720 0.000000
vt 0.000000 0.000000 0.000000
vt 1.000000 0.000000 0.000000
vt 1.000000 0.104720 0.000000
vt 1.000000 0.209440 0.000000
vt 1.000000 0.314159 0.000000
vt -1.300000 0.000000 0.000000
vt -0.000000 0.000000 0.000000
vt -0.000000 1.000000 0.000000
vt -1.300000 1.000000 0.000000
vt -0.450000 0.550000 0.000000
vt -0.750000 0.550000 0.000000
vt -0.750000 -0.550000 0.000000
vt -0.723205 -0.650000 0.000000
vt -0.650000 -0.723205 0.000000
vt -0.550000 -0.750000 0.000000
vt 0.750000 -0.750000 0.000000
vt 0.750000 -0.450000 0.000000
vt -0.250000 -0.450000 0.000000
vt -0.350000 -0.423205 0.000000
vt -0.423205 -0.350000 0.000000
vt -0.450000 -0.250000 0.000000
vt 0.025000 -0.078540 0.000000
vt 0.125000 -0.078540 0.000000
vt 0.195711 0.000000 0.000000
vt 0.217388 0.039270 0.000000
vt 0.225000 0.078540 0.000000
vt -0.075000 0.078540 0.000000
vt -0.067388 0.039270 0.000000
vt -0.045711 0.000000 0.000000
vt -0.018750 -0.078540 0.000000
vt 0.256250 -0.078540 0.000000
vt 0.326961 0.000000 0.000000
vt 0.348638 0.039270 0.000000
vt 0.356250 0.078540 0.000000
vt -0.118750 0.078540 0.000000
vt -0.111138 0.039270 0.000000
vt -0.089461 0.000000 0.000000
vt 0.025000 -0.078540 0.000000
vt 0.125000 -0.078540 0.000000
vt 0.195711 0.000000 0.000000
vt 0.217388 0.039270 0.000000
vt 0.225000 0.078540 0.000000
vt -0.075000 0.078540 0.000000
vt -0.067388 0.039270 0.000000
vt -0.045711 0.000000 0.000000
vt 0.356250 0.078540 0.000000
vt -0.118750 0.078540 0.000000
vt -0.111138 0.039270 0.000000
vt -0.089461 0.000000 0.000000
vt -0.018750 -0.078540 0.000000
vt 0.256250 -0.078540 0.000000
vt 0.326961 0.000000 0.000000
vt 0.348638 0.039270 0.000000
vt -0.000000 0.500000 0.000000
vt -0.300000 0.500000 0.000000
vt -0.300000 0.000000 0.000000
vt -0.000000 0.000000 0.000000
vt -0.050000 -0.137500 0.000000
vt 0.050000 -0.137500 0.000000
vt 0.050000 0.137500 0.000000
vt -0.050000 0.137500 0.000000
vt -0.000000 0.500000 0.000000
vt -0.300000 0.500000 0.000000
vt -0.300000 0.000000 0.000000
vt -0.000000 0.000000 0.000000
vt 0.300000 1.262500 0.000000
vt 0.000000 1.262500 0.000000
vt 0.000000 0.000000 0.000000
vt 0.300000 0.000000 0.000000
vt 0.050000 -0.150000 0.000000
vt 0.164805 -0.127164 0.000000
vt 0.262132 -0.062132 0.000000
vt 0.327164 0.035195 0.000000
vt 0.350000 0.150000 0.000000
vt -0.350000 0.150000 0.000000
vt -0.350000 -0.150000 0.000000
vt 0.300000 -0.350000 0.000000
vt 0.300000 0.350000 0.000000
vt 0.000000 0.350000 0.000000
vt 0.000000 -0.350000 0.000000
vt 0.350000 0.471239 0.000000
vt -0.350000 0.471239 0.000000
vt -0.350000 0.353429 0.000000
vt -0.350000 0.235619 0.000000
vt -0.350000 0.117810 0.000000
vt -0.350000 0.000000 0.000000
vt 0.350000 0.000000 0.000000
vt 0.350000 0.117810 0.000000
vt 0.350000 0.235619 0.000000
vt 0.350000 0.353429 0.000000
vt -0.350000 0.150000 0.000000
vt -0.327164 0.035195 0.000000
vt -0.262132 -0.062132 0.000000
vt -0.164805 -0.127164 0.000000
vt -0.050000 -0.150000 0.000000
vt 0.350000 -0.150000 0.000000
vt 0.350000 0.150000 0.000000
vt 0.050000 -0.150000 0.000000
vt 0.164805 -0.127164 0.000000
vt 0.262132 -0.062132 0.000000
vt 0.327164 0.035195 0.000000
vt 0.350000 0.150000 0.000000
vt -0.350000 0.150000 0.000000
vt -0.350000 -0.150000 0.000000
vt 0.300000 -0.350000 0.000000
vt 0.300000 0.350000 0.000000
vt 0.000000 0.350000 0.000000
vt 0.000000 -0.350000 0.000000
vt 0.350000 0.471239 0.000000
vt -0.350000 0.471239 0.000000
vt -0.350000 0.353429 0.000000
vt -0.350000 0.235619 0.000000
vt -0.350000 0.117810 0.000000
vt -0.350000 0.000000 0.000000
vt 0.350000 0.000000 0.000000
vt 0.350000 0.117810 0.000000
vt 0.350000 0.235619 0.000000
vt 0.350000 0.353429 0.000000
vt -0.350000 0.150000 0.000000
vt -0.327164 0.035195 0.000000
vt -0.262132 -0.062132 0.000000
vt -0.164805 -0.127164 0.000000
vt -0.050000 -0.150000 0.000000
vt 0.350000 -0.150000 0.000000
vt 0.350000 0.150000 0.000000
vt 0.050000 -0.150000 0.000000
vt 0.164805 -0.127164 0.000000
vt 0.262132 -0.062132 0.000000
vt 0.327164 0.035195 0.000000
vt 0.350000 0.150000 0.000000
vt -0.350000 0.150000 0.000000
vt -0.350000 -0.150000 0.000000
vt 0.300000 -0.350000 0.000000
vt 0.300000 0.350000 0.000000
vt 0.000000 0.350000 0.000000
vt 0.000000 -0.350000 0.000000
vt 0.350000 0.471239 0.000000
vt -0.350000 0.471239 0.000000
vt -0.350000 0.353429 0.000000
vt -0.350000 0.235619 0.000000
vt -0.350000 0.117810 0.000000
vt -0.350000 0.000000 0.000000
vt 0.350000 0.000000 0.000000
vt 0.350000 0.117810 0.000000
vt 0.350000 0.235619 0.000000
vt 0.350000 0.353429 0.000000
vt -0.350000 0.150000 0.000000
vt -0.327164 0.035195 0.000000
vt -0.262132 -0.062132 0.000000
vt -0.164805 -0.127164 0.000000
vt -0.050000 -0.150000 0.000000
vt 0.350000 -0.150000 0.000000
vt 0.350000 0.150000 0.000000
vt 0.050000 -0.150000 0.000000
vt 0.164805 -0.127164 0.000000
vt 0.262132 -0.062132 0.000000
vt 0.327164 0.035195 0.000000
vt 0.350000 0.150000 0.000000
vt -0.350000 0.150000 0.000000
vt -0.350000 -0.150000 0.000000
vt 0.300000 -0.350000 0.000000
vt 0.300000 0.350000 0.000000
vt 0.000000 0.350000 0.000000
vt 0.000000 -0.350000 0.000000
vt 0.350000 0.471239 0.000000
vt -0.350000 0.471239 0.000000
vt -0.350000 0.353429 0.000000
vt -0.350000 0.235619 0.000000
vt -0.350000 0.117810 0.000000
vt -0.350000 0.000000 0.000000
vt 0.350000 0.000000 0.000000
vt 0.350000 0.117810 0.000000
vt 0.350000 0.235619 0.000000
vt 0.350000 0.353429 0.000000
vt -0.350000 0.150000 0.000000
vt -0.327164 0.035195 0.000000
vt -0.262132 -0.062132 0.000000
vt -0.164805 -0.127164 0.000000
vt -0.050000 -0.150000 0.000000
vt 0.350000 -0.150000 0.000000
vt 0.350000 0.150000 0.000000
vt 0.050000 -0.150000 0.000000
vt 0.164805 -0.127164 0.000000
vt 0.262132 -0.062132 0.000000
vt 0.327164 0.035195 0.000000
vt 0.350000 0.150000 0.000000
vt -0.350000 0.150000 0.000000
vt -0.350000 -0.150000 0.000000
vt 0.300000 -0.350000 0.000000
vt 0.300000 0.350000 0.000000
vt 0.000000 0.350000 0.000000
vt 0.000000 -0.350000 0.000000
vt 0.350000 0.471239 0.000000
vt -0.350000 0.471239 0.000000
vt -0.350000 0.353429 0.000000
vt -0.350000 0.235619 0.000000
vt -0.350000 0.117810 0.000000
vt -0.350000 0.000000 0.000000
vt 0.350000 0.000000 0.000000
vt 0.350000 0.117810 0.000000
vt 0.350000 0.235619 0.000000
vt 0.350000 0.353429 0.000000
vt -0.350000 0.150000 0.000000
vt -0.327164 0.035195 0.000000
vt -0.262132 -0.062132 0.000000
vt -0.164805 -0.127164 0.000000
vt -0.050000 -0.150000 0.000000
vt 0.350000 -0.150000 0.000000
vt 0.350000 0.150000 0.000000
vt 0.050000 -0.150000 0.000000
vt 0.164805 -0.127164 0.000000
vt 0.262132 -0.062132 0.000000
vt 0.327164 0.035195 0.000000
vt 0.350000 0.150000 0.000000
vt -0.350000 0.150000 0.000000
vt -0.350000 -0.150000 0.000000
vt 0.300000 -0.350000 0.000000
vt 0.300000 0.350000 0.000000
vt 0.000000 0.350000 0.000000
vt 0.000000 -0.350000 0.000000
vt 0.350000 0.471239 0.000000
vt -0.350000 0.471239 0.000000
vt -0.350000 0.353429 0.000000
vt -0.350000 0.235619 0.000000
vt -0.350000 0.117810 0.000000
vt -0.350000 0.000000 0.000000
vt 0.350000 0.000000 0.000000
vt 0.350000 0.117810 0.000000
vt 0.350000 0.235619 0.000000
vt 0.350000 0.353429 0.000000
vt -0.350000 0.150000 0.000000
vt -0.327164 0.035195 0.000000
vt -0.262132 -0.062132 0.000000
vt -0.164805 -0.127164 0.000000
vt -0.050000 -0.150000 0.000000
vt 0.350000 -0.150000 0.000000
vt 0.350000 0.150000 0.000000
vt 0.000000 0.000000 0.000000
vt 0.300000 0.000000 0.000000
vt 0.300000 1.000000 0.000000
vt 0.000000 1.000000 0.000000
vt 0.000000 0.000000 0.000000
vt 1.000000 0.000000 0.000000
vt 1.000000 1.000000 0.000000
vt 0.000000 1.000000 0.000000
vt 0.000000 -0.314159 0.000000
vt 0.000000 -0.418879 0.000000
vt 0.000000 -0.523599 0.000000
vt 0.000000 -0.628319 0.000000
vt 1.000000 -0.628319 0.000000
vt 1.000000 -0.523599 0.000000
vt 1.000000 -0.418879 0.000000
vt 1.000000 -0.314159 0.000000
vt 0.000000 0.000000 0.000000
vt 0.800000 0.000000 0.000000
vt 0.800000 1.000000 0.000000
vt 0.000000 1.000000 0.000000
vt 0.000000 -0.314159 0.000000
vt 0.000000 -0.418879 0.000000
vt 0.000000 -0.523599 0.000000
vt 0.000000 -0.628319 0.000000
vt 1.000000 -0.628319 0.000000
vt 1.015224 -0.549779 0.000000
vt 1.058579 -0.471239 0.000000
vt 1.123463 -0.392699 0.000000
vt 1.200000 -0.314159 0.000000
vt -0.000000 0.000000 0.000000
vt -0.000000 0.104720 0.000000
vt -0.000000 0.209440 0.000000
vt -0.000000 0.314159 0.000000
vt -1.000000 0.314159 0.000000
vt -1.000000 0.209440 0.000000
vt -1.000000 0.104720 0.000000
vt -1.000000 0.000000 0.000000
vt 0.000000 0.000000 0.000000
vt 1.300000 0.000000 0.000000
vt 1.300000 1.000000 0.000000
vt 0.000000 1.000000 0.000000
vt 0.200000 3.000000 0.000000
vt 0.200000 0.000000 0.000000
vt 13.900000 0.000000 0.000000
vt 13.900000 1.200000 0.000000
vt 14.400000 1.200000 0.000000
vt 14.400000 3.000000 0.000000
vt 6.300000 1.150000 0.000000
vt 5.900000 1.150000 0.000000
vt 5.900000 1.850000 0.000000
vt 6.300000 1.850000 0.000000
vt 12.300000 1.150000 0.000000
vt 11.900000 1.150000 0.000000
vt 11.900000 1.850000 0.000000
vt 12.300000 1.850000 0.000000
vt 9.900000 1.150000 0.000000
vt 9.500000 1.150000 0.000000
vt 9.500000 1.850000 0.000000
vt 9.900000 1.850000 0.000000
vt 7.500000 1.150000 0.000000
vt 7.100000 1.150000 0.000000
vt 7.100000 1.850000 0.000000
vt 7.500000 1.850000 0.000000
vt 11.100000 1.150000 0.000000
vt 10.700000 1.150000 0.000000
vt 10.700000 1.850000 0.000000
vt 11.100000 1.850000 0.000000
vt 8.700000 1.150000 0.000000
vt 8.300000 1.150000 0.000000
vt 8.300000 1.850000 0.000000
vt 8.700000 1.850000 0.000000
vt -0.125000 -0.078540 0.000000
vt -0.025000 -0.078540 0.000000
vt 0.045711 0.000000 0.000000
vt 0.067388 0.039270 0.000000
vt 0.075000 0.078540 0.000000
vt -0.225000 0.078540 0.000000
vt -0.217388 0.039270 0.000000
vt -0.195711 0.000000 0.000000
vt 0.612500 -0.078540 0.000000
vt 0.887500 -0.078540 0.000000
vt 0.958211 0.000000 0.000000
vt 0.979888 0.039270 0.000000
vt 0.987500 0.078540 0.000000
vt 0.512500 0.078540 0.000000
vt 0.520112 0.039270 0.000000
vt 0.541789 0.000000 0.000000
vt -0.125000 -0.078540 0.000000
vt -0.025000 -0.078540 0.000000
vt 0.045711 0.000000 0.000000
vt 0.067388 0.039270 0.000000
vt 0.075000 0.078540 0.000000
vt -0.225000 0.078540 0.000000
vt -0.217388 0.039270 0.000000
vt -0.195711 0.000000 0.000000
vt -0.512500 0.078540 0.000000
vt -0.987500 0.078540 0.000000
vt -0.979888 0.039270 0.000000
vt -0.958211 0.000000 0.000000
vt -0.887500 -0.078540 0.000000
vt -0.612500 -0.078540 0.000000
vt -0.541789 0.000000 0.000000
vt -0.520112 0.039270 0.000000
vt -0.500000 1.737500 0.000000
vt -0.500000 1.262500 0.000000
vt 0.000000 1.262500 0.000000
vt 0.000000 0.000000 0.000000
vt 3.200000 0.000000 0.000000
vt 3.200000 1.262500 0.000000
vt 3.700000 1.262500 0.000000
vt 3.700000 1.737500 0.000000
vt 3.200000 1.737500 0.000000
vt 3.200000 3.000000 0.000000
vt 0.000000 3.000000 0.000000
vt 0.000000 1.737500 0.000000
vt 0.300000 0.500000 0.000000
vt 0.000000 0.500000 0.000000
vt 0.000000 0.000000 0.000000
vt 0.300000 0.000000 0.000000
vt -0.050000 -0.137500 0.000000
vt 0.050000 -0.137500 0.000000
vt 0.050000 0.137500 0.000000
vt -0.050000 0.137500 0.000000
vt 0.300000 0.500000 0.000000
vt 0.000000 0.500000 0.000000
vt 0.000000 0.000000 0.000000
vt 0.300000 0.000000 0.000000
vt 0.300000 1.262500 0.000000
vt 0.000000 1.262500 0.000000
vt 0.000000 0.000000 0.000000
vt 0.300000 0.000000 0.000000
vt 0.000000 1.737500 0.000000
vt 0.300000 1.737500 0.000000
vt 0.300000 3.000000 0.000000
vt 0.000000 3.000000 0.000000
vt -0.350000 0.150000 0.000000
vt -0.327164 0.035195 0.000000
vt -0.262132 -0.062132 0.000000
vt -0.164805 -0.127164 0.000000
vt -0.050000 -0.150000 0.000000
vt 0.350000 -0.150000 0.000000
vt 0.350000 0.150000 0.000000
vt -0.300000 0.350000 0.000000
vt -0.300000 -0.350000 0.000000
vt -0.000000 -0.350000 0.000000
vt -0.000000 0.350000 0.000000
vt 0.350000 0.471239 0.000000
vt -0.350000 0.471239 0.000000
vt -0.350000 0.353429 0.000000
vt -0.350000 0.235619 0.000000
vt -0.350000 0.117810 0.000000
vt -0.350000 0.000000 0.000000
vt 0.350000 0.000000 0.000000
vt 0.350000 0.117810 0.000000
vt 0.350000 0.235619 0.000000
vt 0.350000 0.353429 0.000000
vt 0.050000 -0.150000 0.000000
vt 0.164805 -0.127164 0.000000
vt 0.262132 -0.062132 0.000000
vt 0.327164 0.035195 0.000000
vt 0.350000 0.150000 0.000000
vt -0.350000 0.150000 0.000000
vt -0.350000 -0.150000 0.000000
vt -0.350000 0.150000 0.000000
vt -0.327164 0.035195 0.000000
vt -0.262132 -0.062132 0.000000
vt -0.164805 -0.127164 0.000000
vt -0.050000 -0.150000 0.000000
vt 0.350000 -0.150000 0.000000
vt 0.350000 0.150000 0.000000
vt -0.300000 0.350000 0.000000
vt -0.300000 -0.350000 0.000000
vt -0.000000 -0.350000 0.000000
vt -0.000000 0.350000 0.000000
vt 0.350000 0.471239 0.000000
vt -0.350000 0.471239 0.000000
vt -0.350000 0.353429 0.000000
vt -0.350000 0.235619 0.000000
vt -0.350000 0.117810 0.000000
vt -0.350000 0.000000 0.000000
vt 0.350000 0.000000 0.000000
vt 0.350000 0.117810 0.000000
vt 0.350000 0.235619 0.000000
vt 0.350000 0.353429 0.000000
vt 0.050000 -0.150000 0.000000
vt 0.164805 -0.127164 0.000000
vt 0.262132 -0.062132 0.000000
vt 0.327164 0.035195 0.000000
vt 0.350000 0.150000 0.000000
vt -0.350000 0.150000 0.000000
vt -0.350000 -0.150000 0.000000
vt -0.350000 0.150000 0.000000
vt -0.327164 0.035195 0.000000
vt -0.262132 -0.062132 0.000000
vt -0.164805 -0.127164 0.000000
vt -0.050000 -0.150000 0.000000
vt 0.350000 -0.150000 0.000000
vt 0.350000 0.150000 0.000000
vt -0.300000 0.350000 0.000000
vt -0.300000 -0.350000 0.000000
vt -0.000000 -0.350000 0.000000
vt -0.000000 0.350000 0.000000
vt 0.350000 0.471239 0.000000
vt -0.350000 0.471239 0.000000
vt -0.350000 0.353429 0.000000
vt -0.350000 0.235619 0.000000
vt -0.350000 0.117810 0.000000
vt -0.350000 0.000000 0.000000
vt 0.350000 0.000000 0.000000
vt 0.350000 0.117810 0.000000
vt 0.350000 0.235619 0.000000
vt 0.350000 0.353429 0.000000
vt 0.050000 -0.150000 0.000000
vt 0.164805 -0.127164 0.000000
vt 0.262132 -0.062132 0.000000
vt 0.327164 0.035195 0.000000
vt 0.350000 0.150000 0.000000
vt -0.350000 0.150000 0.000000
vt -0.350000 -0.150000 0.000000
vt -0.350000 0.150000 0.000000
vt -0.327164 0.035195 0.000000
vt -0.262132 -0.062132 0.000000
vt -0.164805 -0.127164 0.000000
vt -0.050000 -0.150000 0.000000
vt 0.350000 -0.150000 0.000000
vt 0.350000 0.150000 0.000000
vt -0.300000 0.350000 0.000000
vt -0.300000 -0.350000 0.000000
vt -0.000000 -0.350000 0.000000
vt -0.000000 0.350000 0.000000
vt 0.350000 0.471239 0.000000
vt -0.350000 0.471239 0.000000
vt -0.350000 0.353429 0.000000
vt -0.350000 0.235619 0.000000
vt -0.350000 0.117810 0.000000
vt -0.350000 0.000000 0.000000
vt 0.350000 0.000000 0.000000
vt 0.350000 0.117810 0.000000
vt 0.350000 0.235619 0.000000
vt 0.350000 0.353429 0.000000
vt 0.050000 -0.150000 0.000000
vt 0.164805 -0.127164 0.000000
vt 0.262132 -0.062132 0.000000
vt 0.327164 0.035195 0.000000
vt 0.350000 0.150000 0.000000
vt -0.350000 0.150000 0.000000
vt -0.350000 -0.150000 0.000000
vt -0.350000 0.150000 0.000000
vt -0.327164 0.035195 0.000000
vt -0.262132 -0.062132 0.000000
vt -0.164805 -0.127164 0.000000
vt -0.050000 -0.150000 0.000000
vt 0.350000 -0.150000 0.000000
vt 0.350000 0.150000 0.000000
vt -0.300000 0.350000 0.000000
vt -0.300000 -0.350000 0.000000
vt -0.000000 -0.350000 0.000000
vt -0.000000 0.350000 0.000000
vt 0.350000 0.471239 0.000000
vt -0.350000 0.471239 0.000000
vt -0.350000 0.353429 0.000000
vt -0.350000 0.235619 0.000000
vt -0.350000 0.117810 0.000000
vt -0.350000 0.000000 0.000000
vt 0.350000 0.000000 0.000000
vt 0.350000 0.117810 0.000000
vt 0.350000 0.235619 0.000000
vt 0.350000 0.353429 0.000000
vt 0.050000 -0.150000 0.000000
vt 0.164805 -0.127164 0.000000
vt 0.262132 -0.062132 0.000000
vt 0.327164 0.035195 0.000000
vt 0.350000 0.150000 0.000000
vt -0.350000 0.150000 0.000000
vt -0.350000 -0.150000 0.000000
vt -0.350000 0.150000 0.000000
vt -0.327164 0.035195 0.000000
vt -0.262132 -0.062132 0.000000
vt -0.164805 -0.127164 0.000000
vt -0.050000 -0.150000 0.000000
vt 0.350000 -0.150000 0.000000
vt 0.350000 0.150000 0.000000
vt -0.300000 0.350000 0.000000
vt -0.300000 -0.350000 0.000000
vt -0.000000 -0.350000 0.000000
vt -0.000000 0.350000 0.000000
vt 0.350000 0.471239 0.000000
vt -0.350000 0.471239 0.000000
vt -0.350000 0.353429 0.000000
vt -0.350000 0.235619 0.000000
vt -0.350000 0.117810 0.000000
vt -0.350000 0.000000 0.000000
vt 0.350000 0.000000 0.000000
vt 0.350000 0.117810 0.000000
vt 0.350000 0.235619 0.000000
vt 0.350000 0.353429 0.000000
vt 0.050000 -0.150000 0.000000
vt 0.164805 -0.127164 0.000000
vt 0.262132 -0.062132 0.000000
vt 0.327164 0.035195 0.000000
vt 0.350000 0.150000 0.000000
vt -0.350000 0.150000 0.000000
vt -0.350000 -0.150000 0.000000
vt 0.000000 0.157080 0.000000
vt 0.000000 0.052360 0.000000
vt 0.000000 -0.052360 0.000000
vt 0.000000 -0.157080 0.000000
vt 3.000000 -0.157080 0.000000
vt 3.000000 -0.052360 0.000000
vt 3.000000 0.052360 0.000000
vt 3.000000 0.157080 0.000000
vt 0.200000 3.000000 0.000000
vt 0.200000 0.000000 0.000000
vt 2.500000 0.000000 0.000000
vt 2.500000 3.000000 0.000000
vt 0.000000 0.157080 0.000000
vt 0.000000 0.052360 0.000000
vt 0.000000 -0.052360 0.000000
vt 0.000000 -0.157080 0.000000
vt 3.000000 -0.157080 0.000000
vt 3.000000 -0.052360 0.000000
vt 3.000000 0.052360 0.000000
vt 3.000000 0.157080 0.000000
vt 8.300000 1.150000 0.000000
vt 7.600000 1.150000 0.000000
vt 7.600000 1.850000 0.000000
vt 8.300000 1.850000 0.000000
vt 10.700000 1.150000 0.000000
vt 10.000000 1.150000 0.000000
vt 10.000000 1.850000 0.000000
vt 10.700000 1.850000 0.000000
vt 7.100000 1.150000 0.000000
vt 6.400000 1.150000 0.000000
vt 6.400000 1.850000 0.000000
vt 7.100000 1.850000 0.000000
vt 9.500000 1.150000 0.000000
vt 8.800000 1.150000 0.000000
vt 8.800000 1.850000 0.000000
vt 9.500000 1.850000 0.000000
vt 11.900000 1.150000 0.000000
vt 11.200000 1.150000 0.000000
vt 11.200000 1.850000 0.000000
vt 11.900000 1.850000 0.000000
vt 5.900000 1.150000 0.000000
vt 5.200000 1.150000 0.000000
vt 5.200000 1.850000 0.000000
vt 5.900000 1.850000 0.000000
vt 0.200000 3.000000 0.000000
vt 0.200000 0.000000 0.000000
vt 14.000000 0.000000 0.000000
vt 14.000000 3.000000 0.000000
vt 0.000000 0.000000 0.000000
vt 1.600000 0.000000 0.000000
vt 1.600000 1.000000 0.000000
vt 0.500000 1.000000 0.000000
vt 0.400000 1.026795 0.000000
vt 0.326795 1.100000 0.000000
vt 0.300000 1.200000 0.000000
vt 0.300000 3.000000 0.000000
vt 0.000000 3.000000 0.000000
vt 0.151669 0.000000 0.000000
vt 0.151669 3.000000 0.000000
vt 0.000000 3.000000 0.000000
vt 0.000000 0.000000 0.000000
vt -0.000000 0.000000 0.000000
vt -0.000000 0.242981 0.000000
vt -0.000000 0.485961 0.000000
vt -0.000000 0.728942 0.000000
vt -0.000000 0.971922 0.000000
vt -0.000000 1.214903 0.000000
vt -0.000000 1.457883 0.000000
vt -0.000000 1.700864 0.000000
vt -0.000000 1.943844 0.000000
vt -3.000000 1.943844 0.000000
vt -3.000000 1.700864 0.000000
vt -3.000000 1.457883 0.000000
vt -3.000000 1.214903 0.000000
vt -3.000000 0.971922 0.000000
vt -3.000000 0.728942 0.000000
vt -3.000000 0.485961 0.000000
vt -3.000000 0.242981 0.000000
vt -3.000000 0.000000 0.000000
vt 0.000000 0.000000 0.000000
vt 1.400000 0.000000 0.000000
vt 1.400000 3.000000 0.000000
vt 0.000000 3.000000 0.000000
vt 0.000000 0.000000 0.000000
vt 0.000000 -0.174533 0.000000
vt 0.000000 -0.349066 0.000000
vt 0.000000 -0.523599 0.000000
vt 0.000000 -0.698132 0.000000
vt 0.000000 -0.872665 0.000000
vt 0.000000 -1.047198 0.000000
vt 0.000000 -1.221730 0.000000
vt 0.000000 -1.396263 0.000000
vt 0.000000 -1.570796 0.000000
vt 3.000000 -1.570796 0.000000
vt 3.000000 -1.396263 0.000000
vt 3.000000 -1.221730 0.000000
vt 3.000000 -1.047198 0.000000
vt 3.000000 -0.872665 0.000000
vt 3.000000 -0.698132 0.000000
vt 3.000000 -0.523599 0.000000
vt 3.000000 -0.349066 0.000000
vt 3.000000 -0.174533 0.000000
vt 3.000000 0.000000 0.000000
vt 0.000000 0.000000 0.000000
vt 1.400000 0.000000 0.000000
vt 1.400000 3.000000 0.000000
vt 0.000000 3.000000 0.000000
vt -0.000000 0.000000 0.000000
vt -0.000000 0.235619 0.000000
vt -0.000000 0.471239 0.000000
vt -0.000000 0.706858 0.000000
vt -0.000000 0.942478 0.000000
vt -0.000000 1.178097 0.000000
vt -0.000000 1.413717 0.000000
vt -0.000000 1.649336 0.000000
vt -0.000000 1.884956 0.000000
vt -0.000000 2.120575 0.000000
vt -0.000000 2.356194 0.000000
vt -0.000000 2.591814 0.000000
vt -0.000000 2.827433 0.000000
vt -3.000000 2.827433 0.000000
vt -3.000000 2.591814 0.000000
vt -3.000000 2.356194 0.000000
vt -3.000000 2.120575 0.000000
vt -3.000000 1.884956 0.000000
vt -3.000000 1.649336 0.000000
vt -3.000000 1.413717 0.000000
vt -3.000000 1.178097 0.000000
vt -3.000000 0.942478 0.000000
vt -3.000000 0.706858 0.000000
vt -3.000000 0.471239 0.000000
vt -3.000000 0.235619 0.000000
vt -3.000000 0.000000 0.000000
vt 0.000000 0.000000 0.000000
vt 1.400000 0.000000 0.000000
vt 1.400000 3.000000 0.000000
vt 0.000000 3.000000 0.000000
vt 0.000000 0.000000 0.000000
vt 0.000000 -0.174533 0.000000
vt 0.000000 -0.349066 0.000000
vt 0.000000 -0.523599 0.000000
vt 0.000000 -0.698132 0.000000
vt 0.000000 -0.872665 0.000000
vt 0.000000 -1.047198 0.000000
vt 0.000000 -1.221730 0.000000
vt 0.000000 -1.396263 0.000000
vt 0.000000 -1.570796 0.000000
vt 3.000000 -1.570796 0.000000
vt 3.000000 -1.396263 0.000000
vt 3.000000 -1.221730 0.000000
vt 3.000000 -1.047198 0.000000
vt 3.000000 -0.872665 0.000000
vt 3.000000 -0.698132 0.000000
vt 3.000000 -0.523599 0.000000
vt 3.000000 -0.349066 0.000000
vt 3.000000 -0.174533 0.000000
vt 3.000000 0.000000 0.000000
vt 0.000000 0.000000 0.000000
vt 1.400000 0.000000 0.000000
vt 1.400000 3.000000 0.000000
vt 0.000000 3.000000 0.000000
vt -0.000000 0.000000 0.000000
vt -0.000000 0.235619 0.000000
vt -0.000000 0.471239 0.000000
vt -0.000000 0.706858 0.000000
vt -0.000000 0.942478 0.000000
vt -0.000000 1.178097 0.000000
vt -0.000000 1.413717 0.000000
vt -0.000000 1.649336 0.000000
vt -0.000000 1.884956 0.000000
vt -0.000000 2.120575 0.000000
vt -0.000000 2.356194 0.000000
vt -0.000000 2.591814 0.000000
vt -0.000000 2.827433 0.000000
vt -3.000000 2.827433 0.000000
vt -3.000000 2.591814 0.000000
vt -3.000000 2.356194 0.000000
vt -3.000000 2.120575 0.000000
vt -3.000000 1.884956 0.000000
vt -3.000000 1.649336 0.000000
vt -3.000000 1.413717 0.000000
vt -3.000000 1.178097 0.000000
vt -3.000000 0.942478 0.000000
vt -3.000000 0.706858 0.000000
vt -3.000000 0.471239 0.000000
vt -3.000000 0.235619 0.000000
vt -3.000000 0.000000 0.000000
vt 0.000000 0.000000 0.000000
vt 1.400000 0.000000 0.000000
vt 1.400000 3.000000 0.000000
vt 0.000000 3.000000 0.000000
vt 0.000000 0.000000 0.000000
vt 0.000000 -0.174533 0.000000
vt 0.000000 -0.349066 0.000000
vt 0.000000 -0.523599 0.000000
vt 0.000000 -0.698132 0.000000
vt 0.000000 -0.872665 0.000000
vt 0.000000 -1.047198 0.000000
vt 0.000000 -1.221730 0.000000
vt 0.000000 -1.396263 0.000000
vt 0.000000 -1.570796 0.000000
vt 3.000000 -1.570796 0.000000
vt 3.000000 -1.396263 0.000000
vt 3.000000 -1.221730 0.000000
vt 3.000000 -1.047198 0.000000
vt 3.000000 -0.872665 0.000000
vt 3.000000 -0.698132 0.000000
vt 3.000000 -0.523599 0.000000
vt 3.000000 -0.349066 0.000000
vt 3.000000 -0.174533 0.000000
vt 3.000000 0.000000 0.000000
vt 0.000000 0.000000 0.000000
vt 1.400000 0.000000 0.000000
vt 1.400000 3.000000 0.000000
vt 0.000000 3.000000 0.000000
vt -0.000000 0.000000 0.000000
vt -0.000000 0.235619 0.000000
vt -0.000000 0.471239 0.000000
vt -0.000000 0.706858 0.000000
vt -0.000000 0.942478 0.000000
vt -0.000000 1.178097 0.000000
vt -0.000000 1.413717 0.000000
vt -0.000000 1.649336 0.000000
vt -0.000000 1.884956 0.000000
vt -0.000000 2.120575 0.000000
vt -0.000000 2.356194 0.000000
vt -0.000000 2.591814 0.000000
vt -0.000000 2.827433 0.000000
vt -3.000000 2.827433 0.000000
vt -3.000000 2.591814 0.000000
vt -3.000000 2.356194 0.000000
vt -3.000000 2.120575 0.000000
vt -3.000000 1.884956 0.000000
vt -3.000000 1.649336 0.000000
vt -3.000000 1.413717 0.000000
vt -3.000000 1.178097 0.000000
vt -3.000000 0.942478 0.000000
vt -3.000000 0.706858 0.000000
vt -3.000000 0.471239 0.000000
vt -3.000000 0.235619 0.000000
vt -3.000000 0.000000 0.000000
vt 0.000000 0.000000 0.000000
vt 1.400000 0.000000 0.000000
vt 1.400000 3.000000 0.000000
vt 0.000000 3.000000 0.000000
vt 0.000000 0.000000 0.000000
vt 0.000000 -0.174533 0.000000
vt 0.000000 -0.349066 0.000000
vt 0.000000 -0.523599 0.000000
vt 0.000000 -0.698132 0.000000
vt 0.000000 -0.872665 0.000000
vt 0.000000 -1.047198 0.000000
vt 0.000000 -1.221730 0.000000
vt 0.000000 -1.396263 0.000000
vt 0.000000 -1.570796 0.000000
vt 3.000000 -1.570796 0.000000
vt 3.000000 -1.396263 0.000000
vt 3.000000 -1.221730 0.000000
vt 3.000000 -1.047198 0.000000
vt 3.000000 -0.872665 0.000000
vt 3.000000 -0.698132 0.000000
vt 3.000000 -0.523599 0.000000
vt 3.000000 -0.349066 0.000000
vt 3.000000 -0.174533 0.000000
vt 3.000000 0.000000 0.000000
vt 0.000000 0.000000 0.000000
vt 1.400000 0.000000 0.000000
vt 1.400000 3.000000 0.000000
vt 0.000000 3.000000 0.000000
vt -0.000000 0.000000 0.000000
vt -0.000000 0.235619 0.000000
vt -0.000000 0.471239 0.000000
vt -0.000000 0.706858 0.000000
vt -0.000000 0.942478 0.000000
vt -0.000000 1.178097 0.000000
vt -0.000000 1.413717 0.000000
vt -0.000000 1.649336 0.000000
vt -0.000000 1.884956 0.000000
vt -0.000000 2.120575 0.000000
vt -0.000000 2.356194 0.000000
vt -0.000000 2.591814 0.000000
vt -0.000000 2.827433 0.000000
vt -3.000000 2.827433 0.000000
vt -3.000000 2.591814 0.000000
vt -3.000000 2.356194 0.000000
vt -3.000000 2.120575 0.000000
vt -3.000000 1.884956 0.000000
vt -3.000000 1.649336 0.000000
vt -3.000000 1.413717 0.000000
vt -3.000000 1.178097 0.000000
vt -3.000000 0.942478 0.000000
vt -3.000000 0.706858 0.000000
vt -3.000000 0.471239 0.000000
vt -3.000000 0.235619 0.000000
vt -3.000000 0.000000 0.000000
vt 0.000000 0.000000 0.000000
vt 1.400000 0.000000 0.000000
vt 1.400000 3.000000 0.000000
vt 0.000000 3.000000 0.000000
vt 0.000000 0.000000 0.000000
vt 0.000000 -0.174533 0.000000
vt 0.000000 -0.349066 0.000000
vt 0.000000 -0.523599 0.000000
vt 0.000000 -0.698132 0.000000
vt 0.000000 -0.872665 0.000000
vt 0.000000 -1.047198 0.000000
vt 0.000000 -1.221730 0.000000
vt 0.000000 -1.396263 0.000000
vt 0.000000 -1.570796 0.000000
vt 3.000000 -1.570796 0.000000
vt 3.000000 -1.396263 0.000000
vt 3.000000 -1.221730 0.000000
vt 3.000000 -1.047198 0.000000
vt 3.000000 -0.872665 0.000000
vt 3.000000 -0.698132 0.000000
vt 3.000000 -0.523599 0.000000
vt 3.000000 -0.349066 0.000000
vt 3.000000 -0.174533 0.000000
vt 3.000000 0.000000 0.000000
vt 0.000000 0.000000 0.000000
vt 0.800000 0.000000 0.000000
vt 0.800000 3.000000 0.000000
vt 0.000000 3.000000 0.000000
vt -0.000000 0.000000 0.000000
vt -0.000000 0.253221 0.000000
vt -0.000000 0.506441 0.000000
vt -0.000000 0.759662 0.000000
vt -0.000000 1.012883 0.000000
vt -0.000000 1.266104 0.000000
vt -3.000000 1.266104 0.000000
vt -3.000000 1.012883 0.000000
vt -3.000000 0.759662 0.000000
vt -3.000000 0.506441 0.000000
vt -3.000000 0.253221 0.000000
vt -3.000000 0.000000 0.000000
vt 0.000000 0.000000 0.000000
vt 0.546061 0.000000 0.000000
vt 0.546061 3.000000 0.000000
vt 0.000000 3.000000 0.000000
vt 0.000000 1.737500 0.000000
vt -0.500000 1.737500 0.000000
vt -0.500000 1.262500 0.000000
vt 0.000000 1.262500 0.000000
vt 0.000000 1.737500 0.000000
vt 0.300000 1.737500 0.000000
vt 0.300000 3.000000 0.000000
vt 0.000000 3.000000 0.000000
vt 1.344332 1.262500 0.000000
vt 1.344332 1.737500 0.000000
vt 0.844332 1.737500 0.000000
vt 0.844332 3.000000 0.000000
vt 0.000000 3.000000 0.000000
vt 0.000000 0.000000 0.000000
vt 0.844332 0.000000 0.000000
vt 0.844332 1.262500 0.000000
vt 0.000000 0.000000 0.000000
vt 0.300000 0.000000 0.000000
vt 0.300000 3.000000 0.000000
vt 0.000000 3.000000 0.000000
vt 0.000000 0.000000 0.000000
vt 0.055668 0.000000 0.000000
vt 0.055668 3.000000 0.000000
vt 0.000000 3.000000 0.000000
vt -0.000000 0.000000 0.000000
vt -0.000000 0.173240 0.000000
vt -0.000000 0.346479 0.000000
vt -0.000000 0.519719 0.000000
vt -0.000000 0.692959 0.000000
vt -0.000000 0.866199 0.000000
vt -0.000000 1.039438 0.000000
vt -0.000000 1.212678 0.000000
vt -0.000000 1.385918 0.000000
vt -0.000000 1.559158 0.000000
vt -0.000000 1.732397 0.000000
vt -0.000000 1.905637 0.000000
vt -0.000000 2.078877 0.000000
vt -0.000000 2.252116 0.000000
vt -0.000000 2.425356 0.000000
vt -0.000000 2.598596 0.000000
vt -0.000000 2.771836 0.000000
vt -0.000000 2.827433 0.000000
vt -3.000000 2.827433 0.000000
vt -3.000000 2.771836 0.000000
vt -3.000000 2.598596 0.000000
vt -3.000000 2.425356 0.000000
vt -3.000000 2.252116 0.000000
vt -3.000000 2.078877 0.000000
vt -3.000000 1.905637 0.000000
vt -3.000000 1.732397 0.000000
vt -3.000000 1.559158 0.000000
vt -3.000000 1.385918 0.000000
vt -3.000000 1.212678 0.000000
vt -3.000000 1.039438 0.000000
vt -3.000000 0.866199 0.000000
vt -3.000000 0.692959 0.000000
vt -3.000000 0.519719 0.000000
vt -3.000000 0.346479 0.000000
vt -3.000000 0.173240 0.000000
vt -3.000000 0.000000 0.000000
vt 0.000000 0.000000 0.000000
vt 1.400000 0.000000 0.000000
vt 1.400000 3.000000 0.000000
vt 0.000000 3.000000 0.000000
vt 0.000000 0.000000 0.000000
vt 0.000000 -0.174533 0.000000
vt 0.000000 -0.349066 0.000000
vt 0.000000 -0.523599 0.000000
vt 0.000000 -0.698132 0.000000
vt 0.000000 -0.872665 0.000000
vt 0.000000 -1.047198 0.000000
vt 0.000000 -1.221730 0.000000
vt 0.000000 -1.396263 0.000000
vt 0.000000 -1.570796 0.000000
vt 3.000000 -1.570796 0.000000
vt 3.000000 -1.396263 0.000000
vt 3.000000 -1.221730 0.000000
vt 3.000000 -1.047198 0.000000
vt 3.000000 -0.872665 0.000000
vt 3.000000 -0.698132 0.000000
vt 3.000000 -0.523599 0.000000
vt 3.000000 -0.349066 0.000000
vt 3.000000 -0.174533 0.000000
vt 3.000000 0.000000 0.000000
vt 0.000000 0.000000 0.000000
vt 1.400000 0.000000 0.000000
vt 1.400000 3.000000 0.000000
vt 0.000000 3.000000 0.000000
vt -0.000000 0.000000 0.000000
vt -0.000000 0.235619 0.000000
vt -0.000000 0.471239 0.000000
vt -0.000000 0.706858 0.000000
vt -0.000000 0.942478 0.000000
vt -0.000000 1.178097 0.000000
vt -0.000000 1.413717 0.000000
vt -0.000000 1.649336 0.000000
vt -0.000000 1.884956 0.000000
vt -0.000000 2.120575 0.000000
vt -0.000000 2.356194 0.000000
vt -0.000000 2.591814 0.000000
vt -0.000000 2.827433 0.000000
vt -3.000000 2.827433 0.000000
vt -3.000000 2.591814 0.000000
vt -3.000000 2.356194 0.000000
vt -3.000000 2.120575 0.000000
vt -3.000000 1.884956 0.000000
vt -3.000000 1.649336 0.000000
vt -3.000000 1.413717 0.000000
vt -3.000000 1.178097 0.000000
vt -3.000000 0.942478 0.000000
vt -3.000000 0.706858 0.000000
vt -3.000000 0.471239 0.000000
vt -3.000000 0.235619 0.000000
vt -3.000000 0.000000 0.000000
vt 0.000000 0.000000 0.000000
vt 1.400000 0.000000 0.000000
vt 1.400000 3.000000 0.000000
vt 0.000000 3.000000 0.000000
vt 0.000000 0.000000 0.000000
vt 0.000000 -0.174533 0.000000
vt 0.000000 -0.349066 0.000000
vt 0.000000 -0.523599 0.000000
vt 0.000000 -0.698132 0.000000
vt 0.000000 -0.872665 0.000000
vt 0.000000 -1.047198 0.000000
vt 0.000000 -1.221730 0.000000
vt 0.000000 -1.396263 0.000000
vt 0.000000 -1.570796 0.000000
vt 3.000000 -1.570796 0.000000
vt 3.000000 -1.396263 0.000000
vt 3.000000 -1.221730 0.000000
vt 3.000000 -1.047198 0.000000
vt 3.000000 -0.872665 0.000000
vt 3.000000 -0.698132 0.000000
vt 3.000000 -0.523599 0.000000
vt 3.000000 -0.349066 0.000000
vt 3.000000 -0.174533 0.000000
vt 3.000000 0.000000 0.000000
vt 0.000000 0.000000 0.000000
vt 1.400000 0.000000 0.000000
vt 1.400000 3.000000 0.000000
vt 0.000000 3.000000 0.000000
vt -0.000000 0.000000 0.000000
vt -0.000000 0.235619 0.000000
vt -0.000000 0.471239 0.000000
vt -0.000000 0.706858 0.000000
vt -0.000000 0.942478 0.000000
vt -0.000000 1.178097 0.000000
vt -0.000000 1.413717 0.000000
vt -0.000000 1.649336 0.000000
vt -0.000000 1.884956 0.000000
vt -0.000000 2.120575 0.000000
vt -0.000000 2.356194 0.000000
vt -0.000000 2.591814 0.000000
vt -0.000000 2.827433 0.000000
vt -3.000000 2.827433 0.000000
vt -3.000000 2.591814 0.000000
vt -3.000000 2.356194 0.000000
vt -3.000000 2.120575 0.000000
vt -3.000000 1.884956 0.000000
vt -3.000000 1.649336 0.000000
vt -3.000000 1.413717 0.000000
vt -3.000000 1.178097 0.000000
vt -3.000000 0.942478 0.000000
vt -3.000000 0.706858 0.000000
vt -3.000000 0.471239 0.000000
vt -3.000000 0.235619 0.000000
vt -3.000000 0.000000 0.000000
vt 0.000000 0.000000 0.000000
vt 1.400000 0.000000 0.000000
vt 1.400000 3.000000 0.000000
vt 0.000000 3.000000 0.000000
vt 0.000000 0.000000 0.000000
vt 0.000000 -0.174533 0.000000
vt 0.000000 -0.349066 0.000000
vt 0.000000 -0.523599 0.000000
vt 0.000000 -0.698132 0.000000
vt 0.000000 -0.872665 0.000000
vt 0.000000 -1.047198 0.000000
vt 0.000000 -1.221730 0.000000
vt 0.000000 -1.396263 0.000000
vt 0.000000 -1.570796 0.000000
vt 3.000000 -1.570796 0.000000
vt 3.000000 -1.396263 0.000000
vt 3.000000 -1.221730 0.000000
vt 3.000000 -1.047198 0.000000
vt 3.000000 -0.872665 0.000000
vt 3.000000 -0.698132 0.000000
vt 3.000000 -0.523599 0.000000
vt 3.000000 -0.349066 0.000000
vt 3.000000 -0.174533 0.000000
vt 3.000000 0.000000 0.000000
vt 0.000000 0.000000 0.000000
vt 1.400000 0.000000 0.000000
vt 1.400000 3.000000 0.000000
vt 0.000000 3.000000 0.000000
vt -0.000000 0.000000 0.000000
vt -0.000000 0.235619 0.000000
vt -0.000000 0.471239 0.000000
vt -0.000000 0.706858 0.000000
vt -0.000000 0.942478 0.000000
vt -0.000000 1.178097 0.000000
vt -0.000000 1.413717 0.000000
vt -0.000000 1.649336 0.000000
vt -0.000000 1.884956 0.000000
vt -0.000000 2.120575 0.000000
vt -0.000000 2.356194 0.000000
vt -0.000000 2.591814 0.000000
vt -0.000000 2.827433 0.000000
vt -3.000000 2.827433 0.000000
vt -3.000000 2.591814 0.000000
vt -3.000000 2.356194 0.000000
vt -3.000000 2.120575 0.000000
vt -3.000000 1.884956 0.000000
vt -3.000000 1.649336 0.000000
vt -3.000000 1.413717 0.000000
vt -3.000000 1.178097 0.000000
vt -3.000000 0.942478 0.000000
vt -3.000000 0.706858 0.000000
vt -3.000000 0.471239 0.000000
vt -3.000000 0.235619 0.000000
vt -3.000000 0.000000 0.000000
vt 0.000000 0.000000 0.000000
vt 1.400000 0.000000 0.000000
vt 1.400000 3.000000 0.000000
vt 0.000000 3.000000 0.000000
vt 0.000000 0.000000 0.000000
vt 0.000000 -0.174533 0.000000
vt 0.000000 -0.349066 0.000000
vt 0.000000 -0.523599 0.000000
vt 0.000000 -0.698132 0.000000
vt 0.000000 -0.872665 0.000000
vt 0.000000 -1.047198 0.000000
vt 0.000000 -1.221730 0.000000
vt 0.000000 -1.396263 0.000000
vt 0.000000 -1.570796 0.000000
vt 3.000000 -1.570796 0.000000
vt 3.000000 -1.396263 0.000000
vt 3.000000 -1.221730 0.000000
vt 3.000000 -1.047198 0.000000
vt 3.000000 -0.872665 0.000000
vt 3.000000 -0.698132 0.000000
vt 3.000000 -0.523599 0.000000
vt 3.000000 -0.349066 0.000000
vt 3.000000 -0.174533 0.000000
vt 3.000000 0.000000 0.000000
vt 0.000000 0.000000 0.000000
vt 1.400000 0.000000 0.000000
vt 1.400000 3.000000 0.000000
vt 0.000000 3.000000 0.000000
vt -0.000000 0.000000 0.000000
vt -0.000000 0.235619 0.000000
vt -0.000000 0.471239 0.000000
vt -0.000000 0.706858 0.000000
vt -0.000000 0.942478 0.000000
vt -0.000000 1.178097 0.000000
vt -0.000000 1.413717 0.000000
vt -0.000000 1.649336 0.000000
vt -0.000000 1.884956 0.000000
vt -0.000000 2.120575 0.000000
vt -0.000000 2.356194 0.000000
vt -0.000000 2.591814 0.000000
vt -0.000000 2.827433 0.000000
vt -3.000000 2.827433 0.000000
vt -3.000000 2.591814 0.000000
vt -3.000000 2.356194 0.000000
vt -3.000000 2.120575 0.000000
vt -3.000000 1.884956 0.000000
vt -3.000000 1.649336 0.000000
vt -3.000000 1.413717 0.000000
vt -3.000000 1.178097 0.000000
vt -3.000000 0.942478 0.000000
vt -3.000000 0.706858 0.000000
vt -3.000000 0.471239 0.000000
vt -3.000000 0.235619 0.000000
vt -3.000000 0.000000 0.000000
vt 0.000000 0.000000 0.000000
vt 1.400000 0.000000 0.000000
vt 1.400000 3.000000 0.000000
vt 0.000000 3.000000 0.000000
vt 0.000000 0.000000 0.000000
vt 0.000000 -0.174533 0.000000
vt 0.000000 -0.349066 0.000000
vt 0.000000 -0.523599 0.000000
vt 0.000000 -0.698132 0.000000
vt 0.000000 -0.872665 0.000000
vt 0.000000 -1.047198 0.000000
vt 0.000000 -1.221730 0.000000
vt 0.000000 -1.396263 0.000000
vt 0.000000 -1.570796 0.000000
vt 3.000000 -1.570796 0.000000
vt 3.000000 -1.396263 0.000000
vt 3.000000 -1.221730 0.000000
vt 3.000000 -1.047198 0.000000
vt 3.000000 -0.872665 0.000000
vt 3.000000 -0.698132 0.000000
vt 3.000000 -0.523599 0.000000
vt 3.000000 -0.349066 0.000000
vt 3.000000 -0.174533 0.000000
vt 3.000000 0.000000 0.000000
vt 6.400000 1.150000 0.000000
vt 5.700000 1.150000 0.000000
vt 5.700000 1.850000 0.000000
vt 6.400000 1.850000 0.000000
vt 4.000000 1.150000 0.000000
vt 3.300000 1.150000 0.000000
vt 3.300000 1.850000 0.000000
vt 4.000000 1.850000 0.000000
vt 7.600000 1.150000 0.000000
vt 6.900000 1.150000 0.000000
vt 6.900000 1.850000 0.000000
vt 7.600000 1.850000 0.000000
vt 5.200000 1.150000 0.000000
vt 4.500000 1.150000 0.000000
vt 4.500000 1.850000 0.000000
vt 5.200000 1.850000 0.000000
vt 2.800000 1.150000 0.000000
vt 2.100000 1.150000 0.000000
vt 2.100000 1.850000 0.000000
vt 2.800000 1.850000 0.000000
vt 8.800000 1.150000 0.000000
vt 8.100000 1.150000 0.000000
vt 8.100000 1.850000 0.000000
vt 8.800000 1.850000 0.000000
vt 13.800000 0.000000 0.000000
vt 13.800000 3.000000 0.000000
vt 0.000000 3.000000 0.000000
vt 0.000000 0.000000 0.000000
vt -1.300000 0.000000 0.000000
vt 0.300000 0.000000 0.000000
vt 0.300000 3.000000 0.000000
vt 0.000000 3.000000 0.000000
vt 0.000000 1.200000 0.000000
vt -0.026795 1.100000 0.000000
vt -0.100000 1.026795 0.000000
vt -0.200000 1.000000 0.000000
vt -1.300000 1.000000 0.000000
vt -7.300000 2.100000 0.000000
vt -7.400000 2.073205 0.000000
vt -7.473205 2.000000 0.000000
vt -7.500000 1.900000 0.000000
vt -7.500000 -1.900000 0.000000
vt -7.473205 -2.000000 0.000000
vt -7.400000 -2.073205 0.000000
vt -7.300000 -2.100000 0.000000
vt 6.900000 -2.100000 0.000000
vt 6.900000 -1.800000 0.000000
vt -6.900000 -1.800000 0.000000
vt -7.000000 -1.773205 0.000000
vt -7.073205 -1.700000 0.000000
vt -7.100000 -1.600000 0.000000
vt -7.100000 0.700000 0.000000
vt -7.069846 0.871010 0.000000
vt -6.983022 1.021394 0.000000
vt -6.850000 1.133013 0.000000
vt -6.686824 1.192404 0.000000
vt -6.513176 1.192404 0.000000
vt -6.350000 1.133013 0.000000
vt -6.216978 1.021394 0.000000
vt -6.130154 0.871010 0.000000
vt -6.100000 0.700000 0.000000
vt -6.100000 -0.700000 0.000000
vt -6.069333 -0.932937 0.000000
vt -5.979423 -1.150000 0.000000
vt -5.836396 -1.336396 0.000000
vt -5.650000 -1.479423 0.000000
vt -5.432937 -1.569333 0.000000
vt -5.200000 -1.600000 0.000000
vt -4.967063 -1.569333 0.000000
vt -4.750000 -1.479423 0.000000
vt -4.563604 -1.336396 0.000000
vt -4.420577 -1.150000 0.000000
vt -4.330667 -0.932937 0.000000
vt -4.300000 -0.700000 0.000000
vt -4.300000 0.700000 0.000000
vt -4.269846 0.871010 0.000000
vt -4.183022 1.021394 0.000000
vt -4.050000 1.133013 0.000000
vt -3.886824 1.192404 0.000000
vt -3.713176 1.192404 0.000000
vt -3.550000 1.133013 0.000000
vt -3.416978 1.021394 0.000000
vt -3.330154 0.871010 0.000000
vt -3.300000 0.700000 0.000000
vt -3.300000 -0.700000 0.000000
vt -3.269333 -0.932937 0.000000
vt -3.179423 -1.150000 0.000000
vt -3.036396 -1.336396 0.000000
vt -2.850000 -1.479423 0.000000
vt -2.632937 -1.569333 0.000000
vt -2.400000 -1.600000 0.000000
vt -2.167063 -1.569333 0.000000
vt -1.950000 -1.479423 0.000000
vt -1.763604 -1.336396 0.000000
vt -1.620577 -1.150000 0.000000
vt -1.530667 -0.932937 0.000000
vt -1.500000 -0.700000 0.000000
vt -1.500000 0.700000 0.000000
vt -1.469846 0.871010 0.000000
vt -1.383022 1.021394 0.000000
vt -1.250000 1.133013 0.000000
vt -1.086824 1.192404 0.000000
vt -0.913176 1.192404 0.000000
vt -0.750000 1.133013 0.000000
vt -0.616978 1.021394 0.000000
vt -0.530154 0.871010 0.000000
vt -0.500000 0.700000 0.000000
vt -0.500000 -0.700000 0.000000
vt -0.469333 -0.932937 0.000000
vt -0.379423 -1.150000 0.000000
vt -0.236396 -1.336396 0.000000
vt -0.050000 -1.479423 0.000000
vt 0.167063 -1.569333 0.000000
vt 0.400000 -1.600000 0.000000
vt 0.632937 -1.569333 0.000000
vt 0.850000 -1.479423 0.000000
vt 1.036396 -1.336396 0.000000
vt 1.179423 -1.150000 0.000000
vt 1.269333 -0.932937 0.000000
vt 1.300000 -0.700000 0.000000
vt 1.300000 0.700000 0.000000
vt 1.330154 0.871010 0.000000
vt 1.416978 1.021394 0.000000
vt 1.550000 1.133013 0.000000
vt 1.713176 1.192404 0.000000
vt 1.886824 1.192404 0.000000
vt 2.050000 1.133013 0.000000
vt 2.183022 1.021394 0.000000
vt 2.269846 0.871010 0.000000
vt 2.300000 0.700000 0.000000
vt 2.300000 -0.700000 0.000000
vt 2.330667 -0.932937 0.000000
vt 2.420577 -1.150000 0.000000
vt 2.563604 -1.336396 0.000000
vt 2.750000 -1.479423 0.000000
vt 2.967063 -1.569333 0.000000
vt 3.200000 -1.600000 0.000000
vt 3.432937 -1.569333 0.000000
vt 3.650000 -1.479423 0.000000
vt 3.836396 -1.336396 0.000000
vt 3.979423 -1.150000 0.000000
vt 4.069333 -0.932937 0.000000
vt 4.100000 -0.700000 0.000000
vt 4.100000 0.700000 0.000000
vt 4.130154 0.871010 0.000000
vt 4.216978 1.021394 0.000000
vt 4.350000 1.133013 0.000000
vt 4.513176 1.192404 0.000000
vt 4.686824 1.192404 0.000000
vt 4.850000 1.133013 0.000000
vt 4.983022 1.021394 0.000000
vt 5.069846 0.871010 0.000000
vt 5.100000 0.700000 0.000000
vt 5.100000 -0.700000 0.000000
vt 5.116622 -0.872172 0.000000
vt 5.165874 -1.037984 0.000000
vt 5.245936 -1.191312 0.000000
vt 5.353852 -1.326492 0.000000
vt 5.485635 -1.438531 0.000000
vt 5.636417 -1.523291 0.000000
vt 5.800629 -1.577640 0.000000
vt 5.972206 -1.599571 0.000000
vt 6.144809 -1.588274 0.000000
vt 6.312063 -1.544166 0.000000
vt 6.467791 -1.468877 0.000000
vt 6.606239 -1.365188 0.000000
vt 6.722294 -1.236928 0.000000
vt 6.811669 -1.088835 0.000000
vt 6.871064 -0.926380 0.000000
vt 6.898283 -0.755562 0.000000
vt 6.900000 -0.700000 0.000000
vt 6.900000 -0.755668 0.000000
vt 7.200000 -0.755668 0.000000
vt 7.200000 -1.600000 0.000000
vt 7.500000 -1.600000 0.000000
vt 7.500000 1.600000 0.000000
vt 7.200000 1.600000 0.000000
vt 7.200000 1.053939 0.000000
vt 6.970583 0.948362 0.000000
vt 6.774931 0.788677 0.000000
vt 6.625524 0.585068 0.000000
vt 6.531889 0.350523 0.000000
vt 6.500000 0.100000 0.000000
vt 6.500000 -0.700000 0.000000
vt 6.469846 -0.871010 0.000000
vt 6.383022 -1.021394 0.000000
vt 6.250000 -1.133013 0.000000
vt 6.086824 -1.192404 0.000000
vt 5.913176 -1.192404 0.000000
vt 5.750000 -1.133013 0.000000
vt 5.616978 -1.021394 0.000000
vt 5.530154 -0.871010 0.000000
vt 5.500000 -0.700000 0.000000
vt 5.500000 0.700000 0.000000
vt 5.469333 0.932937 0.000000
vt 5.379423 1.150000 0.000000
vt 5.236396 1.336396 0.000000
vt 5.050000 1.479423 0.000000
vt 4.832937 1.569333 0.000000
vt 4.600000 1.600000 0.000000
vt 4.367063 1.569333 0.000000
vt 4.150000 1.479423 0.000000
vt 3.963604 1.336396 0.000000
vt 3.820577 1.150000 0.000000
vt 3.730667 0.932937 0.000000
vt 3.700000 0.700000 0.000000
vt 3.700000 -0.700000 0.000000
vt 3.669846 -0.871010 0.000000
vt 3.583022 -1.021394 0.000000
vt 3.450000 -1.133013 0.000000
vt 3.286824 -1.192404 0.000000
vt 3.113176 -1.192404 0.000000
vt 2.950000 -1.133013 0.000000
vt 2.816978 -1.021394 0.000000
vt 2.730154 -0.871010 0.000000
vt 2.700000 -0.700000 0.000000
vt 2.700000 0.700000 0.000000
vt 2.669333 0.932937 0.000000
vt 2.579423 1.150000 0.000000
vt 2.436396 1.336396 0.000000
vt 2.250000 1.479423 0.000000
vt 2.032937 1.569333 0.000000
vt 1.800000 1.600000 0.000000
vt 1.567063 1.569333 0.000000
vt 1.350000 1.479423 0.000000
vt 1.163604 1.336396 0.000000
vt 1.020577 1.150000 0.000000
vt 0.930667 0.932937 0.000000
vt 0.900000 0.700000 0.000000
vt 0.900000 -0.700000 0.000000
vt 0.869846 -0.871010 0.000000
vt 0.783022 -1.021394 0.000000
vt 0.650000 -1.133013 0.000000
vt 0.486824 -1.192404 0.000000
vt 0.313176 -1.192404 0.000000
vt 0.150000 -1.133013 0.000000
vt 0.016978 -1.021394 0.000000
vt -0.069846 -0.871010 0.000000
vt -0.100000 -0.700000 0.000000
vt -0.100000 0.700000 0.000000
vt -0.130667 0.932937 0.000000
vt -0.220577 1.150000 0.000000
vt -0.363604 1.336396 0.000000
vt -0.550000 1.479423 0.000000
vt -0.767063 1.569333 0.000000
vt -1.000000 1.600000 0.000000
vt -1.232937 1.569333 0.000000
vt -1.450000 1.479423 0.000000
vt -1.636396 1.336396 0.000000
vt -1.779423 1.150000 0.000000
vt -1.869333 0.932937 0.000000
vt -1.900000 0.700000 0.000000
vt -1.900000 -0.700000 0.000000
vt -1.930154 -0.871010 0.000000
vt -2.016978 -1.021394 0.000000
vt -2.150000 -1.133013 0.000000
vt -2.313176 -1.192404 0.000000
vt -2.486824 -1.192404 0.000000
vt -2.650000 -1.133013 0.000000
vt -2.783022 -1.021394 0.000000
vt -2.869846 -0.871010 0.000000
vt -2.900000 -0.700000 0.000000
vt -2.900000 0.700000 0.000000
vt -2.930667 0.932937 0.000000
vt -3.020577 1.150000 0.000000
vt -3.163604 1.336396 0.000000
vt -3.350000 1.479423 0.000000
vt -3.567063 1.569333 0.000000
vt -3.800000 1.600000 0.000000
vt -4.032937 1.569333 0.000000
vt -4.250000 1.479423 0.000000
vt -4.436396 1.336396 0.000000
vt -4.579423 1.150000 0.000000
vt -4.669333 0.932937 0.000000
vt -4.700000 0.700000 0.000000
vt -4.700000 -0.700000 0.000000
vt -4.730154 -0.871010 0.000000
vt -4.816978 -1.021394 0.000000
vt -4.950000 -1.133013 0.000000
vt -5.113176 -1.192404 0.000000
vt -5.286824 -1.192404 0.000000
vt -5.450000 -1.133013 0.000000
vt -5.583022 -1.021394 0.000000
vt -5.669847 -0.871010 0.000000
vt -5.700000 -0.700000 0.000000
vt -5.700000 0.700000 0.000000
vt -5.732601 0.940040 0.000000
vt -5.828042 1.162689 0.000000
vt -5.979409 1.351818 0.000000
vt -6.175736 1.493725 0.000000
vt -6.402799 1.578130 0.000000
vt -6.644149 1.598917 0.000000
vt -6.882300 1.554580 0.000000
vt -7.100000 1.448331 0.000000
vt -7.100000 1.600000 0.000000
vt -7.073205 1.700000 0.000000
vt -7.000000 1.773205 0.000000
vt -6.900000 1.800000 0.000000
vt 6.900000 1.800000 0.000000
vt 6.900000 2.100000 0.000000
vn 0.000000 0.000000 0.100000
vn 0.000000 0.050000 0.086603
vn 0.000000 0.086603 0.050000
vn 0.000000 0.100000 0.000000
vn 0.000000 0.100000 0.000000
vn 0.000000 0.086603 0.050000
vn 0.000000 0.050000 0.086603
vn 0.000000 0.000000 0.100000
vn 0.000000 0.000000 0.100000
vn 0.000000 0.000000 0.100000
vn 0.000000 0.000000 0.100000
vn 0.000000 0.000000 0.100000
vn -0.100000 0.000000 0.000000
vn -0.100000 0.000000 0.000000
vn -0.100000 0.000000 0.000000
vn -0.100000 0.000000 0.000000
vn -0.100000 0.000000 0.000000
vn -0.100000 0.000000 0.000000
vn -0.100000 0.000000 0.000000
vn -0.100000 0.000000 0.000000
vn -0.100000 0.000000 0.000000
vn -0.100000 0.000000 0.000000
vn -0.100000 0.000000 0.000000
vn -0.100000 0.000000 0.000000
vn -0.100000 0.000000 0.000000
vn -0.100000 0.000000 0.000000
vn -0.100000 0.000000 0.000000
vn -0.100000 0.000000 0.000000
vn -0.100000 0.000000 0.000000
vn -0.100000 0.000000 0.000000
vn -0.100000 0.000000 0.000000
vn -0.100000 0.000000 0.000000
vn -0.100000 0.000000 0.000000
vn -0.100000 0.000000 0.000000
vn -0.100000 0.000000 0.000000
vn -0.100000 0.000000 0.000000
vn -0.100000 0.000000 0.000000
vn -0.100000 0.000000 0.000000
vn -0.100000 0.000000 0.000000
vn -0.100000 0.000000 0.000000
vn -0.100000 0.000000 0.000000
vn -0.100000 0.000000 0.000000
vn -0.100000 0.000000 0.000000
vn -0.100000 0.000000 0.000000
vn -0.100000 0.000000 0.000000
vn -0.100000 0.000000 0.000000
vn -0.100000 0.000000 0.000000
vn -0.100000 0.000000 0.000000
vn -0.100000 0.000000 0.000000
vn -0.100000 0.000000 0.000000
vn -0.100000 0.000000 0.000000
vn -0.100000 0.000000 0.000000
vn -0.100000 0.000000 0.000000
vn -0.100000 0.000000 0.000000
vn -0.100000 0.000000 0.000000
vn -0.100000 0.000000 0.000000
vn -0.100000 0.000000 0.000000
vn -0.100000 0.000000 0.000000
vn -0.100000 0.000000 0.000000
vn -0.100000 0.000000 0.000000
vn -0.100000 0.000000 0.000000
vn -0.100000 0.000000 0.000000
vn -0.100000 0.000000 0.000000
vn -0.100000 0.000000 0.000000
vn -0.100000 0.000000 0.000000
vn -0.100000 0.000000 0.000000
vn -0.100000 0.000000 0.000000
vn -0.100000 0.000000 0.000000
vn -0.100000 0.000000 0.000000
vn -0.100000 0.000000 0.000000
vn -0.100000 0.000000 0.000000
vn -0.100000 0.000000 0.000000
vn -0.100000 0.000000 0.000000
vn -0.100000 0.000000 0.000000
vn -0.100000 0.000000 0.000000
vn -0.100000 0.000000 0.000000
vn -0.100000 0.000000 0.000000
vn -0.100000 0.000000 0.000000
vn -0.100000 0.000000 0.000000
vn -0.100000 0.000000 0.000000
vn -0.100000 0.000000 0.000000
vn -0.100000 0.000000 0.000000
vn -0.100000 0.000000 0.000000
vn -0.100000 0.000000 0.000000
vn -0.100000 0.000000 0.000000
vn -0.100000 0.000000 0.000000
vn -0.100000 0.000000 0.000000
vn -0.100000 0.000000 0.000000
vn -0.100000 0.000000 0.000000
vn -0.100000 0.000000 0.000000
vn -0.100000 0.000000 0.000000
vn -0.100000 0.000000 0.000000
vn -0.100000 0.000000 0.000000
vn -0.100000 0.000000 0.000000
vn -0.100000 0.000000 0.000000
vn -0.100000 0.000000 0.000000
vn -0.100000 0.000000 0.000000
vn -0.100000 0.000000 0.000000
vn -0.100000 0.000000 0.000000
vn -0.100000 0.000000 0.000000
vn -0.100000 0.000000 0.000000
vn -0.100000 0.000000 0.000000
vn -0.100000 0.000000 0.000000
vn -0.100000 0.000000 0.000000
vn -0.100000 0.000000 0.000000
vn -0.100000 0.000000 0.000000
vn -0.100000 0.000000 0.000000
vn -0.100000 0.000000 0.000000
vn -0.100000 0.000000 0.000000
vn -0.100000 0.000000 0.000000
vn -0.100000 0.000000 0.000000
vn -0.100000 0.000000 0.000000
vn -0.100000 0.000000 0.000000
vn -0.100000 0.000000 0.000000
vn -0.100000 0.000000 0.000000
vn -0.100000 0.000000 0.000000
vn -0.100000 0.000000 0.000000
vn -0.100000 0.000000 0.000000
vn -0.100000 0.000000 0.000000
vn -0.100000 0.000000 0.000000
vn -0.100000 0.000000 0.000000
vn -0.100000 0.000000 0.000000
vn -0.100000 0.000000 0.000000
vn -0.100000 0.000000 0.000000
vn -0.100000 0.000000 0.000000
vn -0.100000 0.000000 0.000000
vn -0.100000 0.000000 0.000000
vn -0.100000 0.000000 0.000000
vn -0.100000 0.000000 0.000000
vn -0.100000 0.000000 0.000000
vn -0.100000 0.000000 0.000000
vn -0.100000 0.000000 0.000000
vn -0.100000 0.000000 0.000000
vn -0.100000 0.000000 0.000000
vn -0.100000 0.000000 0.000000
vn -0.100000 0.000000 0.000000
vn -0.100000 0.000000 0.000000
vn -0.100000 0.000000 0.000000
vn -0.100000 0.000000 0.000000
vn -0.100000 0.000000 0.000000
vn -0.100000 0.000000 0.000000
vn -0.100000 0.000000 0.000000
vn -0.100000 0.000000 0.000000
vn -0.100000 0.000000 0.000000
vn -0.100000 0.000000 0.000000
vn -0.100000 0.000000 0.000000
vn -0.100000 0.000000 0.000000
vn -0.100000 0.000000 0.000000
vn -0.100000 0.000000 0.000000
vn -0.100000 0.000000 0.000000
vn -0.100000 0.000000 0.000000
vn -0.100000 0.000000 0.000000
vn -0.100000 0.000000 0.000000
vn -0.100000 0.000000 0.000000
vn -0.100000 0.000000 0.000000
vn -0.100000 0.000000 0.000000
vn -0.100000 0.000000 0.000000
vn -0.100000 0.000000 0.000000
vn -0.100000 0.000000 0.000000
vn -0.100000 0.000000 0.000000
vn -0.100000 0.000000 0.000000
vn -0.100000 0.000000 0.000000
vn -0.100000 0.000000 0.000000
vn -0.100000 0.000000 0.000000
vn -0.100000 0.000000 0.000000
vn -0.100000 0.000000 0.000000
vn -0.100000 0.000000 0.000000
vn -0.100000 0.000000 0.000000
vn -0.100000 0.000000 0.000000
vn -0.100000 0.000000 0.000000
vn -0.100000 0.000000 0.000000
vn -0.100000 0.000000 0.000000
vn -0.100000 0.000000 0.000000
vn -0.100000 0.000000 0.000000
vn -0.100000 0.000000 0.000000
vn -0.100000 0.000000 0.000000
vn -0.100000 0.000000 0.000000
vn -0.100000 0.000000 0.000000
vn -0.100000 0.000000 0.000000
vn -0.100000 0.000000 0.000000
vn -0.100000 0.000000 0.000000
vn -0.100000 0.000000 0.000000
vn -0.100000 0.000000 0.000000
vn -0.100000 0.000000 0.000000
vn -0.100000 0.000000 0.000000
vn -0.100000 0.000000 0.000000
vn -0.100000 0.000000 0.000000
vn -0.100000 0.000000 0.000000
vn -0.100000 0.000000 0.000000
vn -0.100000 0.000000 0.000000
vn -0.100000 0.000000 0.000000
vn -0.100000 0.000000 0.000000
vn -0.100000 0.000000 0.000000
vn -0.100000 0.000000 0.000000
vn -0.100000 0.000000 0.000000
vn -0.100000 0.000000 0.000000
vn -0.100000 0.000000 0.000000
vn -0.100000 0.000000 0.000000
vn -0.100000 0.000000 0.000000
vn -0.100000 0.000000 0.000000
vn -0.100000 0.000000 0.000000
vn -0.100000 0.000000 0.000000
vn -0.100000 0.000000 0.000000
vn -0.100000 0.000000 0.000000
vn -0.100000 0.000000 0.000000
vn -0.100000 0.000000 0.000000
vn -0.100000 0.000000 0.000000
vn -0.100000 0.000000 0.000000
vn -0.100000 0.000000 0.000000
vn -0.100000 0.000000 0.000000
vn -0.100000 0.000000 0.000000
vn -0.100000 0.000000 0.000000
vn -0.100000 0.000000 0.000000
vn -0.100000 0.000000 0.000000
vn -0.100000 0.000000 0.000000
vn -0.100000 0.000000 0.000000
vn -0.100000 0.000000 0.000000
vn -0.100000 0.000000 0.000000
vn -0.100000 0.000000 0.000000
vn -0.100000 0.000000 0.000000
vn -0.100000 0.000000 0.000000
vn -0.100000 0.000000 0.000000
vn -0.100000 0.000000 0.000000
vn -0.100000 0.000000 0.000000
vn -0.100000 0.000000 0.000000
vn -0.100000 0.000000 0.000000
vn -0.100000 0.000000 0.000000
vn -0.100000 0.000000 0.000000
vn -0.100000 0.000000 0.000000
vn -0.100000 0.000000 0.000000
vn -0.100000 0.000000 0.000000
vn -0.100000 0.000000 0.000000
vn -0.100000 0.000000 0.000000
vn -0.100000 0.000000 0.000000
vn -0.100000 0.000000 0.000000
vn -0.100000 0.000000 0.000000
vn -0.100000 0.000000 0.000000
vn -0.100000 0.000000 0.000000
vn -0.100000 0.000000 0.000000
vn -0.100000 0.000000 0.000000
vn -0.100000 0.000000 0.000000
vn -0.100000 0.000000 0.000000
vn -0.100000 0.000000 0.000000
vn -0.100000 0.000000 0.000000
vn -0.100000 0.000000 0.000000
vn -0.100000 0.000000 0.000000
vn -0.100000 0.000000 0.000000
vn -0.100000 0.000000 0.000000
vn -0.100000 0.000000 0.000000
vn -0.100000 0.000000 0.000000
vn -0.100000 0.000000 0.000000
vn -0.100000 0.000000 0.000000
vn -0.100000 0.000000 0.000000
vn -0.100000 0.000000 0.000000
vn -0.100000 0.000000 0.000000
vn -0.100000 0.000000 0.000000
vn -0.100000 0.000000 0.000000
vn -0.100000 0.000000 0.000000
vn -0.100000 0.000000 0.000000
vn -0.100000 0.000000 0.000000
vn -0.100000 0.000000 0.000000
vn -0.100000 0.000000 0.000000
vn -0.100000 0.000000 0.000000
vn -0.100000 0.000000 0.000000
vn -0.100000 0.000000 0.000000
vn -0.100000 0.000000 0.000000
vn -0.100000 0.000000 0.000000
vn -0.100000 0.000000 0.000000
vn -0.100000 0.000000 0.000000
vn -0.100000 0.000000 0.000000
vn -0.100000 0.000000 0.000000
vn -0.100000 0.000000 0.000000
vn -0.100000 0.000000 0.000000
vn -0.100000 0.000000 0.000000
vn -0.100000 0.000000 0.000000
vn -0.100000 0.000000 0.000000
vn -0.100000 0.000000 0.000000
vn -0.100000 0.000000 0.000000
vn -0.100000 0.000000 0.000000
vn -0.100000 0.000000 0.000000
vn -0.100000 0.000000 0.000000
vn -0.100000 0.000000 0.000000
vn -0.100000 0.000000 0.000000
vn -0.100000 0.000000 0.000000
vn -0.100000 0.000000 0.000000
vn -0.100000 0.000000 0.000000
vn -0.100000 0.000000 0.000000
vn -0.100000 0.000000 0.000000
vn -0.100000 0.000000 0.000000
vn -0.100000 0.000000 0.000000
vn -0.100000 0.000000 0.000000
vn -0.100000 0.000000 0.000000
vn -0.100000 0.000000 0.000000
vn -0.100000 0.000000 0.000000
vn -0.100000 0.000000 0.000000
vn -0.100000 0.000000 0.000000
vn -0.100000 0.000000 0.000000
vn -0.100000 0.000000 0.000000
vn -0.100000 0.000000 0.000000
vn -0.100000 0.000000 0.000000
vn -0.100000 0.000000 0.000000
vn 0.000000 -0.100000 0.000000
vn 0.000000 -0.086603 0.050000
vn 0.000000 -0.050000 0.086603
vn 0.000000 0.000000 0.100000
vn 0.000000 0.000000 0.100000
vn 0.000000 -0.050000 0.086603
vn 0.000000 -0.086603 0.050000
vn 0.000000 -0.100000 0.000000
vn 0.100000 0.000000 0.000000
vn 0.092388 0.038268 0.000000
vn 0.070711 0.070711 0.000000
vn 0.038268 0.092388 0.000000
vn 0.000000 0.100000 0.000000
vn 0.000000 0.100000 0.000000
vn 0.050000 0.086603 0.000000
vn 0.086603 0.050000 0.000000
vn 0.100000 0.000000 0.000000
vn 0.000000 0.100000 0.000000
vn 0.000000 0.100000 0.000000
vn 0.000000 0.100000 0.000000
vn 0.000000 0.100000 0.000000
vn 0.000000 0.100000 0.000000
vn 0.000000 0.100000 0.000000
vn 0.000000 0.100000 0.000000
vn 0.000000 0.100000 0.000000
vn 0.000000 0.100000 0.000000
vn 0.000000 0.100000 0.000000
vn 0.000000 0.100000 0.000000
vn 0.000000 0.100000 0.000000
vn 0.000000 0.100000 0.000000
vn 0.000000 0.100000 0.000000
vn 0.000000 0.100000 0.000000
vn 0.000000 0.100000 0.000000
vn 0.000000 0.100000 0.000000
vn 0.000000 0.100000 0.000000
vn 0.000000 0.100000 0.000000
vn 0.000000 0.100000 0.000000
vn 0.000000 0.100000 0.000000
vn 0.000000 0.100000 0.000000
vn 0.000000 0.100000 0.000000
vn 0.000000 0.100000 0.000000
vn 0.000000 0.100000 0.000000
vn 0.000000 0.100000 0.000000
vn 0.000000 0.100000 0.000000
vn 0.000000 0.100000 0.000000
vn 0.000000 0.100000 0.000000
vn 0.000000 0.100000 0.000000
vn 0.000000 -0.100000 0.000000
vn 0.038268 -0.092388 0.000000
vn 0.070711 -0.070711 0.000000
vn 0.092388 -0.038268 0.000000
vn 0.100000 0.000000 0.000000
vn 0.100000 0.000000 0.000000
vn 0.086603 -0.050000 0.000000
vn 0.050000 -0.086603 0.000000
vn 0.000000 -0.100000 0.000000
vn 0.100000 0.000000 0.000000
vn 0.100000 0.000000 0.000000
vn 0.100000 0.000000 0.000000
vn 0.100000 0.000000 0.000000
vn 0.100000 0.000000 0.000000
vn 0.100000 0.000000 0.000000
vn 0.100000 0.000000 0.000000
vn 0.100000 0.000000 0.000000
vn 0.100000 0.000000 0.000000
vn 0.100000 0.000000 0.000000
vn 0.100000 0.000000 0.000000
vn 0.100000 0.000000 0.000000
vn 0.000000 0.000000 0.100000
vn 0.000000 0.000000 0.100000
vn 0.000000 0.000000 0.100000
vn 0.000000 0.000000 0.100000
vn 0.000000 -0.100000 0.000000
vn 0.000000 -0.100000 0.000000
vn 0.000000 -0.100000 0.000000
vn 0.000000 -0.100000 0.000000
vn 0.000000 -0.100000 0.000000
vn 0.000000 -0.086603 0.050000
vn 0.000000 -0.050000 0.086603
vn 0.000000 0.000000 0.100000
vn 0.000000 0.000000 0.100000
vn 0.000000 -0.050000 0.086603
vn 0.000000 -0.086603 0.050000
vn 0.000000 -0.100000 0.000000
vn 0.000000 0.000000 0.100000
vn 0.000000 0.000000 0.100000
vn 0.000000 0.000000 0.100000
vn 0.000000 0.000000 0.100000
vn 0.000000 0.000000 0.100000
vn 0.000000 0.050000 0.086603
vn 0.000000 0.086603 0.050000
vn 0.000000 0.100000 0.000000
vn 0.000000 0.100000 0.000000
vn 0.000000 0.092388 0.038268
vn 0.000000 0.070711 0.070711
vn 0.000000 0.038268 0.092388
vn 0.000000 0.000000 0.100000
vn 0.000000 0.000000 -0.100000
vn 0.000000 0.050000 -0.086603
vn 0.000000 0.086603 -0.050000
vn 0.000000 0.100000 0.000000
vn 0.000000 0.100000 0.000000
vn 0.000000 0.086603 -0.050000
vn 0.000000 0.050000 -0.086603
vn 0.000000 0.000000 -0.100000
vn 0.000000 0.100000 0.000000
vn 0.000000 0.100000 0.000000
vn 0.000000 0.100000 0.000000
vn 0.000000 0.100000 0.000000
vn 0.100000 0.000000 0.000000
vn 0.100000 0.000000 0.000000
vn 0.100000 0.000000 0.000000
vn 0.100000 0.000000 0.000000
vn 0.100000 0.000000 0.000000
vn 0.100000 0.000000 0.000000
vn 0.100000 0.000000 0.000000
vn 0.100000 0.000000 0.000000
vn 0.100000 0.000000 0.000000
vn 0.100000 0.000000 0.000000
vn 0.100000 0.000000 0.000000
vn 0.100000 0.000000 0.000000
vn 0.000000 0.100000 0.000000
vn 0.000000 0.100000 0.000000
vn -0.070711 0.070711 0.000000
vn -0.092388 0.038268 0.000000
vn -0.100000 0.000000 0.000000
vn -0.100000 0.000000 0.000000
vn -0.092388 0.038268 0.000000
vn -0.070711 0.070711 0.000000
vn 0.000000 0.100000 0.000000
vn 0.000000 0.100000 0.000000
vn 0.000000 0.070711 0.070711
vn 0.000000 0.038268 0.092388
vn 0.000000 0.000000 0.100000
vn 0.000000 0.000000 0.100000
vn 0.000000 0.038268 0.092388
vn 0.000000 0.070711 0.070711
vn 0.000000 0.100000 0.000000
vn 0.000000 0.100000 0.000000
vn 0.070711 0.070711 0.000000
vn 0.092388 0.038268 0.000000
vn 0.100000 0.000000 0.000000
vn 0.100000 0.000000 0.000000
vn 0.092388 0.038268 0.000000
vn 0.070711 0.070711 0.000000
vn 0.000000 0.000000 -0.100000
vn 0.000000 0.000000 -0.100000
vn 0.000000 0.038268 -0.092388
vn 0.000000 0.070711 -0.070711
vn 0.000000 0.100000 0.000000
vn 0.000000 0.100000 0.000000
vn 0.000000 0.070711 -0.070711
vn 0.000000 0.038268 -0.092388
vn -0.100000 0.000000 0.000000
vn -0.100000 0.000000 0.000000
vn -0.100000 0.000000 0.000000
vn -0.100000 0.000000 0.000000
vn 0.000000 0.100000 0.000000
vn 0.000000 0.100000 0.000000
vn 0.000000 0.100000 0.000000
vn 0.000000 0.100000 0.000000
vn 0.100000 0.000000 0.000000
vn 0.100000 0.000000 0.000000
vn 0.100000 0.000000 0.000000
vn 0.100000 0.000000 0.000000
vn 0.000000 0.100000 0.000000
vn 0.000000 0.100000 0.000000
vn 0.000000 0.100000 0.000000
vn 0.000000 0.100000 0.000000
vn 0.100000 0.000000 0.000000
vn 0.100000 0.000000 0.000000
vn 0.100000 0.000000 0.000000
vn 0.100000 0.000000 0.000000
vn 0.100000 0.000000 0.000000
vn 0.100000 0.000000 0.000000
vn 0.100000 0.000000 0.000000
vn 0.000000 0.000000 0.100000
vn 0.000000 0.000000 0.100000
vn 0.000000 0.000000 0.100000
vn 0.000000 0.000000 0.100000
vn 0.000000 -0.100000 0.000000
vn 0.000000 -0.100000 0.000000
vn 0.000000 -0.092388 -0.038268
vn 0.000000 -0.070711 -0.070711
vn 0.000000 -0.038268 -0.092388
vn 0.000000 0.000000 -0.100000
vn 0.000000 0.000000 -0.100000
vn 0.000000 -0.038268 -0.092388
vn 0.000000 -0.070711 -0.070711
vn 0.000000 -0.092388 -0.038268
vn -0.100000 0.000000 0.000000
vn -0.100000 0.000000 0.000000
vn -0.100000 0.000000 0.000000
vn -0.100000 0.000000 0.000000
vn -0.100000 0.000000 0.000000
vn -0.100000 0.000000 0.000000
vn -0.100000 0.000000 0.000000
vn 0.100000 0.000000 0.000000
vn 0.100000 0.000000 0.000000
vn 0.100000 0.000000 0.000000
vn 0.100000 0.000000 0.000000
vn 0.100000 0.000000 0.000000
vn 0.100000 0.000000 0.000000
vn 0.100000 0.000000 0.000000
vn 0.000000 0.000000 0.100000
vn 0.000000 0.000000 0.100000
vn 0.000000 0.000000 0.100000
vn 0.000000 0.000000 0.100000
vn 0.000000 -0.100000 0.000000
vn 0.000000 -0.100000 0.000000
vn 0.000000 -0.092388 -0.038268
vn 0.000000 -0.070711 -0.070711
vn 0.000000 -0.038268 -0.092388
vn 0.000000 0.000000 -0.100000
vn 0.000000 0.000000 -0.100000
vn 0.000000 -0.038268 -0.092388
vn 0.000000 -0.070711 -0.070711
vn 0.000000 -0.092388 -0.038268
vn -0.100000 0.000000 0.000000
vn -0.100000 0.000000 0.000000
vn -0.100000 0.000000 0.000000
vn -0.100000 0.000000 0.000000
vn -0.100000 0.000000 0.000000
vn -0.100000 0.000000 0.000000
vn -0.100000 0.000000 0.000000
vn 0.100000 0.000000 0.000000
vn 0.100000 0.000000 0.000000
vn 0.100000 0.000000 0.000000
vn 0.100000 0.000000 0.000000
vn 0.100000 0.000000 0.000000
vn 0.100000 0.000000 0.000000
vn 0.100000 0.000000 0.000000
vn 0.000000 0.000000 0.100000
vn 0.000000 0.000000 0.100000
vn 0.000000 0.000000 0.100000
vn 0.000000 0.000000 0.100000
vn 0.000000 -0.100000 0.000000
vn 0.000000 -0.100000 0.000000
vn 0.000000 -0.092388 -0.038268
vn 0.000000 -0.070711 -0.070711
vn 0.000000 -0.038268 -0.092388
vn 0.000000 0.000000 -0.100000
vn 0.000000 0.000000 -0.100000
vn 0.000000 -0.038268 -0.092388
vn 0.000000 -0.070711 -0.070711
vn 0.000000 -0.092388 -0.038268
vn -0.100000 0.000000 0.000000
vn -0.100000 0.000000 0.000000
vn -0.100000 0.000000 0.000000
vn -0.100000 0.000000 0.000000
vn -0.100000 0.000000 0.000000
vn -0.100000 0.000000 0.000000
vn -0.100000 0.000000 0.000000
vn 0.100000 0.000000 0.000000
vn 0.100000 0.000000 0.000000
vn 0.100000 0.000000 0.000000
vn 0.100000 0.000000 0.000000
vn 0.100000 0.000000 0.000000
vn 0.100000 0.000000 0.000000
vn 0.100000 0.000000 0.000000
vn 0.000000 0.000000 0.100000
vn 0.000000 0.000000 0.100000
vn 0.000000 0.000000 0.100000
vn 0.000000 0.000000 0.100000
vn 0.000000 -0.100000 0.000000
vn 0.000000 -0.100000 0.000000
vn 0.000000 -0.092388 -0.038268
vn 0.000000 -0.070711 -0.070711
vn 0.000000 -0.038268 -0.092388
vn 0.000000 0.000000 -0.100000
vn 0.000000 0.000000 -0.100000
vn 0.000000 -0.038268 -0.092388
vn 0.000000 -0.070711 -0.070711
vn 0.000000 -0.092388 -0.038268
vn -0.100000 0.000000 0.000000
vn -0.100000 0.000000 0.000000
vn -0.100000 0.000000 0.000000
vn -0.100000 0.000000 0.000000
vn -0.100000 0.000000 0.000000
vn -0.100000 0.000000 0.000000
vn -0.100000 0.000000 0.000000
vn 0.100000 0.000000 0.000000
vn 0.100000 0.000000 0.000000
vn 0.100000 0.000000 0.000000
vn 0.100000 0.000000 0.000000
vn 0.100000 0.000000 0.000000
vn 0.100000 0.000000 0.000000
vn 0.100000 0.000000 0.000000
vn 0.000000 0.000000 0.100000
vn 0.000000 0.000000 0.100000
vn 0.000000 0.000000 0.100000
vn 0.000000 0.000000 0.100000
vn 0.000000 -0.100000 0.000000
vn 0.000000 -0.100000 0.000000
vn 0.000000 -0.092388 -0.038268
vn 0.000000 -0.070711 -0.070711
vn 0.000000 -0.038268 -0.092388
vn 0.000000 0.000000 -0.100000
vn 0.000000 0.000000 -0.100000
vn 0.000000 -0.038268 -0.092388
vn 0.000000 -0.070711 -0.070711
vn 0.000000 -0.092388 -0.038268
vn -0.100000 0.000000 0.000000
vn -0.100000 0.000000 0.000000
vn -0.100000 0.000000 0.000000
vn -0.100000 0.000000 0.000000
vn -0.100000 0.000000 0.000000
vn -0.100000 0.000000 0.000000
vn -0.100000 0.000000 0.000000
vn 0.100000 0.000000 0.000000
vn 0.100000 0.000000 0.000000
vn 0.100000 0.000000 0.000000
vn 0.100000 0.000000 0.000000
vn 0.100000 0.000000 0.000000
vn 0.100000 0.000000 0.000000
vn 0.100000 0.000000 0.000000
vn 0.000000 0.000000 0.100000
vn 0.000000 0.000000 0.100000
vn 0.000000 0.000000 0.100000
vn 0.000000 0.000000 0.100000
vn 0.000000 -0.100000 0.000000
vn 0.000000 -0.100000 0.000000
vn 0.000000 -0.092388 -0.038268
vn 0.000000 -0.070711 -0.070711
vn 0.000000 -0.038268 -0.092388
vn 0.000000 0.000000 -0.100000
vn 0.000000 0.000000 -0.100000
vn 0.000000 -0.038268 -0.092388
vn 0.000000 -0.070711 -0.070711
vn 0.000000 -0.092388 -0.038268
vn -0.100000 0.000000 0.000000
vn -0.100000 0.000000 0.000000
vn -0.100000 0.000000 0.000000
vn -0.100000 0.000000 0.000000
vn -0.100000 0.000000 0.000000
vn -0.100000 0.000000 0.000000
vn -0.100000 0.000000 0.000000
vn 0.000000 0.000000 0.100000
vn 0.000000 0.000000 0.100000
vn 0.000000 0.000000 0.100000
vn 0.000000 0.000000 0.100000
vn 0.000000 0.100000 0.000000
vn 0.000000 0.100000 0.000000
vn 0.000000 0.100000 0.000000
vn 0.000000 0.100000 0.000000
vn 0.000000 0.000000 0.100000
vn 0.000000 0.050000 0.086603
vn 0.000000 0.086603 0.050000
vn 0.000000 0.100000 0.000000
vn 0.000000 0.100000 0.000000
vn 0.000000 0.086603 0.050000
vn 0.000000 0.050000 0.086603
vn 0.000000 0.000000 0.100000
vn 0.000000 0.000000 0.100000
vn 0.000000 0.000000 0.100000
vn 0.000000 0.000000 0.100000
vn 0.000000 0.000000 0.100000
vn 0.000000 -0.100000 0.000000
vn 0.000000 -0.086603 0.050000
vn 0.000000 -0.050000 0.086603
vn 0.000000 0.000000 0.100000
vn 0.000000 0.000000 0.100000
vn 0.000000 -0.038268 0.092388
vn 0.000000 -0.070711 0.070711
vn 0.000000 -0.092388 0.038268
vn 0.000000 -0.100000 0.000000
vn 0.000000 -0.100000 0.000000
vn 0.000000 -0.086603 -0.050000
vn 0.000000 -0.050000 -0.086603
vn 0.000000 0.000000 -0.100000
vn 0.000000 0.000000 -0.100000
vn 0.000000 -0.050000 -0.086603
vn 0.000000 -0.086603 -0.050000
vn 0.000000 -0.100000 0.000000
vn 0.000000 -0.100000 0.000000
vn 0.000000 -0.100000 0.000000
vn 0.000000 -0.100000 0.000000
vn 0.000000 -0.100000 0.000000
vn 0.000000 -0.100000 0.000000
vn 0.000000 -0.100000 0.000000
vn 0.000000 -0.100000 0.000000
vn 0.000000 -0.100000 0.000000
vn 0.000000 -0.100000 0.000000
vn 0.000000 -0.100000 0.000000
vn 0.000000 -0.100000 0.000000
vn 0.000000 -0.100000 0.000000
vn 0.000000 -0.100000 0.000000
vn 0.000000 -0.100000 0.000000
vn 0.000000 -0.100000 0.000000
vn 0.000000 -0.100000 0.000000
vn 0.000000 -0.100000 0.000000
vn 0.000000 -0.100000 0.000000
vn 0.000000 -0.100000 0.000000
vn 0.000000 -0.100000 0.000000
vn 0.000000 -0.100000 0.000000
vn 0.000000 -0.100000 0.000000
vn 0.000000 -0.100000 0.000000
vn 0.000000 -0.100000 0.000000
vn 0.000000 -0.100000 0.000000
vn 0.000000 -0.100000 0.000000
vn 0.000000 -0.100000 0.000000
vn 0.000000 -0.100000 0.000000
vn 0.000000 -0.100000 0.000000
vn 0.000000 -0.100000 0.000000
vn 0.000000 -0.100000 0.000000
vn 0.000000 -0.100000 0.000000
vn 0.000000 -0.100000 0.000000
vn 0.000000 -0.100000 0.000000
vn 0.000000 -0.100000 0.000000
vn 0.000000 -0.100000 0.000000
vn -0.070711 -0.070711 0.000000
vn -0.092388 -0.038268 0.000000
vn -0.100000 0.000000 0.000000
vn -0.100000 0.000000 0.000000
vn -0.092388 -0.038268 0.000000
vn -0.070711 -0.070711 0.000000
vn 0.000000 -0.100000 0.000000
vn 0.000000 -0.100000 0.000000
vn 0.000000 -0.070711 0.070711
vn 0.000000 -0.038268 0.092388
vn 0.000000 0.000000 0.100000
vn 0.000000 0.000000 0.100000
vn 0.000000 -0.038268 0.092388
vn 0.000000 -0.070711 0.070711
vn 0.000000 -0.100000 0.000000
vn 0.000000 -0.100000 0.000000
vn 0.070711 -0.070711 0.000000
vn 0.092388 -0.038268 0.000000
vn 0.100000 0.000000 0.000000
vn 0.100000 0.000000 0.000000
vn 0.092388 -0.038268 0.000000
vn 0.070711 -0.070711 0.000000
vn 0.000000 0.000000 -0.100000
vn 0.000000 0.000000 -0.100000
vn 0.000000 -0.038268 -0.092388
vn 0.000000 -0.070711 -0.070711
vn 0.000000 -0.100000 0.000000
vn 0.000000 -0.100000 0.000000
vn 0.000000 -0.070711 -0.070711
vn 0.000000 -0.038268 -0.092388
vn 0.000000 0.000000 -0.100000
vn 0.000000 0.000000 -0.100000
vn 0.000000 0.000000 -0.100000
vn 0.000000 0.000000 -0.100000
vn 0.000000 0.000000 -0.100000
vn 0.000000 0.000000 -0.100000
vn 0.000000 0.000000 -0.100000
vn 0.000000 0.000000 -0.100000
vn 0.000000 0.000000 -0.100000
vn 0.000000 0.000000 -0.100000
vn 0.000000 0.000000 -0.100000
vn 0.000000 0.000000 -0.100000
vn -0.100000 0.000000 0.000000
vn -0.100000 0.000000 0.000000
vn -0.100000 0.000000 0.000000
vn -0.100000 0.000000 0.000000
vn 0.000000 -0.100000 0.000000
vn 0.000000 -0.100000 0.000000
vn 0.000000 -0.100000 0.000000
vn 0.000000 -0.100000 0.000000
vn 0.100000 0.000000 0.000000
vn 0.100000 0.000000 0.000000
vn 0.100000 0.000000 0.000000
vn 0.100000 0.000000 0.000000
vn 0.000000 -0.100000 0.000000
vn 0.000000 -0.100000 0.000000
vn 0.000000 -0.100000 0.000000
vn 0.000000 -0.100000 0.000000
vn 0.000000 -0.100000 0.000000
vn 0.000000 -0.100000 0.000000
vn 0.000000 -0.100000 0.000000
vn 0.000000 -0.100000 0.000000
vn 0.100000 0.000000 0.000000
vn 0.100000 0.000000 0.000000
vn 0.100000 0.000000 0.000000
vn 0.100000 0.000000 0.000000
vn 0.100000 0.000000 0.000000
vn 0.100000 0.000000 0.000000
vn 0.100000 0.000000 0.000000
vn 0.000000 0.000000 0.100000
vn 0.000000 0.000000 0.100000
vn 0.000000 0.000000 0.100000
vn 0.000000 0.000000 0.100000
vn 0.000000 0.100000 0.000000
vn 0.000000 0.100000 0.000000
vn 0.000000 0.092388 -0.038268
vn 0.000000 0.070711 -0.070711
vn 0.000000 0.038268 -0.092388
vn 0.000000 0.000000 -0.100000
vn 0.000000 0.000000 -0.100000
vn 0.000000 0.038268 -0.092388
vn 0.000000 0.070711 -0.070711
vn 0.000000 0.092388 -0.038268
vn -0.100000 0.000000 0.000000
vn -0.100000 0.000000 0.000000
vn -0.100000 0.000000 0.000000
vn -0.100000 0.000000 0.000000
vn -0.100000 0.000000 0.000000
vn -0.100000 0.000000 0.000000
vn -0.100000 0.000000 0.000000
vn 0.100000 0.000000 0.000000
vn 0.100000 0.000000 0.000000
vn 0.100000 0.000000 0.000000
vn 0.100000 0.000000 0.000000
vn 0.100000 0.000000 0.000000
vn 0.100000 0.000000 0.000000
vn 0.100000 0.000000 0.000000
vn 0.000000 0.000000 0.100000
vn 0.000000 0.000000 0.100000
vn 0.000000 0.000000 0.100000
vn 0.000000 0.000000 0.100000
vn 0.000000 0.100000 0.000000
vn 0.000000 0.100000 0.000000
vn 0.000000 0.092388 -0.038268
vn 0.000000 0.070711 -0.070711
vn 0.000000 0.038268 -0.092388
vn 0.000000 0.000000 -0.100000
vn 0.000000 0.000000 -0.100000
vn 0.000000 0.038268 -0.092388
vn 0.000000 0.070711 -0.070711
vn 0.000000 0.092388 -0.038268
vn -0.100000 0.000000 0.000000
vn -0.100000 0.000000 0.000000
vn -0.100000 0.000000 0.000000
vn -0.100000 0.000000 0.000000
vn -0.100000 0.000000 0.000000
vn -0.100000 0.000000 0.000000
vn -0.100000 0.000000 0.000000
vn 0.100000 0.000000 0.000000
vn 0.100000 0.000000 0.000000
vn 0.100000 0.000000 0.000000
vn 0.100000 0.000000 0.000000
vn 0.100000 0.000000 0.000000
vn 0.100000 0.000000 0.000000
vn 0.100000 0.000000 0.000000
vn 0.000000 0.000000 0.100000
vn 0.000000 0.000000 0.100000
vn 0.000000 0.000000 0.100000
vn 0.000000 0.000000 0.100000
vn 0.000000 0.100000 0.000000
vn 0.000000 0.100000 0.000000
vn 0.000000 0.092388 -0.038268
vn 0.000000 0.070711 -0.070711
vn 0.000000 0.038268 -0.092388
vn 0.000000 0.000000 -0.100000
vn 0.000000 0.000000 -0.100000
vn 0.000000 0.038268 -0.092388
vn 0.000000 0.070711 -0.070711
vn 0.000000 0.092388 -0.038268
vn -0.100000 0.000000 0.000000
vn -0.100000 0.000000 0.000000
vn -0.100000 0.000000 0.000000
vn -0.100000 0.000000 0.000000
vn -0.100000 0.000000 0.000000
vn -0.100000 0.000000 0.000000
vn -0.100000 0.000000 0.000000
vn 0.100000 0.000000 0.000000
vn 0.100000 0.000000 0.000000
vn 0.100000 0.000000 0.000000
vn 0.100000 0.000000 0.000000
vn 0.100000 0.000000 0.000000
vn 0.100000 0.000000 0.000000
vn 0.100000 0.000000 0.000000
vn 0.000000 0.000000 0.100000
vn 0.000000 0.000000 0.100000
vn 0.000000 0.000000 0.100000
vn 0.000000 0.000000 0.100000
vn 0.000000 0.100000 0.000000
vn 0.000000 0.100000 0.000000
vn 0.000000 0.092388 -0.038268
vn 0.000000 0.070711 -0.070711
vn 0.000000 0.038268 -0.092388
vn 0.000000 0.000000 -0.100000
vn 0.000000 0.000000 -0.100000
vn 0.000000 0.038268 -0.092388
vn 0.000000 0.070711 -0.070711
vn 0.000000 0.092388 -0.038268
vn -0.100000 0.000000 0.000000
vn -0.100000 0.000000 0.000000
vn -0.100000 0.000000 0.000000
vn -0.100000 0.000000 0.000000
vn -0.100000 0.000000 0.000000
vn -0.100000 0.000000 0.000000
vn -0.100000 0.000000 0.000000
vn 0.100000 0.000000 0.000000
vn 0.100000 0.000000 0.000000
vn 0.100000 0.000000 0.000000
vn 0.100000 0.000000 0.000000
vn 0.100000 0.000000 0.000000
vn 0.100000 0.000000 0.000000
vn 0.100000 0.000000 0.000000
vn 0.000000 0.000000 0.100000
vn 0.000000 0.000000 0.100000
vn 0.000000 0.000000 0.100000
vn 0.000000 0.000000 0.100000
vn 0.000000 0.100000 0.000000
vn 0.000000 0.100000 0.000000
vn 0.000000 0.092388 -0.038268
vn 0.000000 0.070711 -0.070711
vn 0.000000 0.038268 -0.092388
vn 0.000000 0.000000 -0.100000
vn 0.000000 0.000000 -0.100000
vn 0.000000 0.038268 -0.092388
vn 0.000000 0.070711 -0.070711
vn 0.000000 0.092388 -0.038268
vn -0.100000 0.000000 0.000000
vn -0.100000 0.000000 0.000000
vn -0.100000 0.000000 0.000000
vn -0.100000 0.000000 0.000000
vn -0.100000 0.000000 0.000000
vn -0.100000 0.000000 0.000000
vn -0.100000 0.000000 0.000000
vn 0.100000 0.000000 0.000000
vn 0.100000 0.000000 0.000000
vn 0.100000 0.000000 0.000000
vn 0.100000 0.000000 0.000000
vn 0.100000 0.000000 0.000000
vn 0.100000 0.000000 0.000000
vn 0.100000 0.000000 0.000000
vn 0.000000 0.000000 0.100000
vn 0.000000 0.000000 0.100000
vn 0.000000 0.000000 0.100000
vn 0.000000 0.000000 0.100000
vn 0.000000 0.100000 0.000000
vn 0.000000 0.100000 0.000000
vn 0.000000 0.092388 -0.038268
vn 0.000000 0.070711 -0.070711
vn 0.000000 0.038268 -0.092388
vn 0.000000 0.000000 -0.100000
vn 0.000000 0.000000 -0.100000
vn 0.000000 0.038268 -0.092388
vn 0.000000 0.070711 -0.070711
vn 0.000000 0.092388 -0.038268
vn -0.100000 0.000000 0.000000
vn -0.100000 0.000000 0.000000
vn -0.100000 0.000000 0.000000
vn -0.100000 0.000000 0.000000
vn -0.100000 0.000000 0.000000
vn -0.100000 0.000000 0.000000
vn -0.100000 0.000000 0.000000
vn 0.000000 0.100000 0.000000
vn 0.000000 0.086603 -0.050000
vn 0.000000 0.050000 -0.086603
vn 0.000000 0.000000 -0.100000
vn 0.000000 0.000000 -0.100000
vn 0.000000 0.050000 -0.086603
vn 0.000000 0.086603 -0.050000
vn 0.000000 0.100000 0.000000
vn 0.000000 0.000000 -0.100000
vn 0.000000 0.000000 -0.100000
vn 0.000000 0.000000 -0.100000
vn 0.000000 0.000000 -0.100000
vn 0.000000 0.000000 -0.100000
vn 0.000000 -0.050000 -0.086603
vn 0.000000 -0.086603 -0.050000
vn 0.000000 -0.100000 0.000000
vn 0.000000 -0.100000 0.000000
vn 0.000000 -0.086603 -0.050000
vn 0.000000 -0.050000 -0.086603
vn 0.000000 0.000000 -0.100000
vn 0.000000 -0.100000 0.000000
vn 0.000000 -0.100000 0.000000
vn 0.000000 -0.100000 0.000000
vn 0.000000 -0.100000 0.000000
vn 0.000000 -0.100000 0.000000
vn 0.000000 -0.100000 0.000000
vn 0.000000 -0.100000 0.000000
vn 0.000000 -0.100000 0.000000
vn 0.000000 -0.100000 0.000000
vn 0.000000 -0.100000 0.000000
vn 0.000000 -0.100000 0.000000
vn 0.000000 -0.100000 0.000000
vn 0.000000 -0.100000 0.000000
vn 0.000000 -0.100000 0.000000
vn 0.000000 -0.100000 0.000000
vn 0.000000 -0.100000 0.000000
vn 0.000000 -0.100000 0.000000
vn 0.000000 -0.100000 0.000000
vn 0.000000 -0.100000 0.000000
vn 0.000000 -0.100000 0.000000
vn 0.000000 -0.100000 0.000000
vn 0.000000 -0.100000 0.000000
vn 0.000000 -0.100000 0.000000
vn 0.000000 -0.100000 0.000000
vn 0.000000 -0.100000 0.000000
vn 0.000000 -0.100000 0.000000
vn 0.000000 -0.100000 0.000000
vn 0.000000 -0.100000 0.000000
vn 0.000000 0.000000 -0.100000
vn 0.000000 0.000000 -0.100000
vn 0.000000 0.000000 -0.100000
vn 0.000000 0.000000 -0.100000
vn 0.000000 0.000000 -0.100000
vn 0.000000 0.000000 -0.100000
vn 0.000000 0.000000 -0.100000
vn 0.000000 0.000000 -0.100000
vn 0.000000 0.000000 -0.100000
vn 0.000000 0.000000 -0.100000
vn 0.000000 0.000000 -0.100000
vn 0.000000 0.000000 -0.100000
vn 0.000000 0.000000 -0.100000
vn 0.000000 0.000000 -0.100000
vn 0.000000 0.026671 -0.096378
vn 0.000000 0.051410 -0.085773
vn 0.000000 0.072424 -0.068955
vn 0.000000 0.088192 -0.047140
vn 0.000000 0.097570 -0.021911
vn 0.000000 0.099880 0.004905
vn 0.000000 0.094953 0.031367
vn 0.000000 0.083148 0.055556
vn 0.000000 0.083148 0.055556
vn 0.000000 0.094953 0.031367
vn 0.000000 0.099880 0.004905
vn 0.000000 0.097570 -0.021911
vn 0.000000 0.088192 -0.047140
vn 0.000000 0.072424 -0.068955
vn 0.000000 0.051410 -0.085773
vn 0.000000 0.026671 -0.096378
vn 0.000000 0.000000 -0.100000
vn 0.000000 0.000000 -0.100000
vn 0.000000 0.000000 -0.100000
vn 0.000000 0.000000 -0.100000
vn 0.000000 0.000000 -0.100000
vn 0.000000 0.000000 0.100000
vn 0.000000 0.034202 0.093969
vn 0.000000 0.064279 0.076604
vn 0.000000 0.086603 0.050000
vn 0.000000 0.098481 0.017365
vn 0.000000 0.098481 -0.017365
vn 0.000000 0.086603 -0.050000
vn 0.000000 0.064279 -0.076604
vn 0.000000 0.034202 -0.093969
vn 0.000000 0.000000 -0.100000
vn 0.000000 0.000000 -0.100000
vn 0.000000 0.034202 -0.093969
vn 0.000000 0.064279 -0.076604
vn 0.000000 0.086603 -0.050000
vn 0.000000 0.098481 -0.017365
vn 0.000000 0.098481 0.017365
vn 0.000000 0.086603 0.050000
vn 0.000000 0.064279 0.076604
vn 0.000000 0.034202 0.093969
vn 0.000000 0.000000 0.100000
vn 0.000000 0.000000 0.100000
vn 0.000000 0.000000 0.100000
vn 0.000000 0.000000 0.100000
vn 0.000000 0.000000 0.100000
vn 0.000000 0.000000 -0.100000
vn 0.000000 0.025882 -0.096593
vn 0.000000 0.050000 -0.086603
vn 0.000000 0.070711 -0.070711
vn 0.000000 0.086603 -0.050000
vn 0.000000 0.096593 -0.025882
vn 0.000000 0.100000 0.000000
vn 0.000000 0.096593 0.025882
vn 0.000000 0.086603 0.050000
vn 0.000000 0.070711 0.070711
vn 0.000000 0.050000 0.086603
vn 0.000000 0.025882 0.096593
vn 0.000000 0.000000 0.100000
vn 0.000000 0.000000 0.100000
vn 0.000000 0.025882 0.096593
vn 0.000000 0.050000 0.086603
vn 0.000000 0.070711 0.070711
vn 0.000000 0.086603 0.050000
vn 0.000000 0.096593 0.025882
vn 0.000000 0.100000 0.000000
vn 0.000000 0.096593 -0.025882
vn 0.000000 0.086603 -0.050000
vn 0.000000 0.070711 -0.070711
vn 0.000000 0.050000 -0.086603
vn 0.000000 0.025882 -0.096593
vn 0.000000 0.000000 -0.100000
vn 0.000000 0.000000 -0.100000
vn 0.000000 0.000000 -0.100000
vn 0.000000 0.000000 -0.100000
vn 0.000000 0.000000 -0.100000
vn 0.000000 0.000000 0.100000
vn 0.000000 0.034202 0.093969
vn 0.000000 0.064279 0.076604
vn 0.000000 0.086603 0.050000
vn 0.000000 0.098481 0.017365
vn 0.000000 0.098481 -0.017365
vn 0.000000 0.086603 -0.050000
vn 0.000000 0.064279 -0.076604
vn 0.000000 0.034202 -0.093969
vn 0.000000 0.000000 -0.100000
vn 0.000000 0.000000 -0.100000
vn 0.000000 0.034202 -0.093969
vn 0.000000 0.064279 -0.076604
vn 0.000000 0.086603 -0.050000
vn 0.000000 0.098481 -0.017365
vn 0.000000 0.098481 0.017365
vn 0.000000 0.086603 0.050000
vn 0.000000 0.064279 0.076604
vn 0.000000 0.034202 0.093969
vn 0.000000 0.000000 0.100000
vn 0.000000 0.000000 0.100000
vn 0.000000 0.000000 0.100000
vn 0.000000 0.000000 0.100000
vn 0.000000 0.000000 0.100000
vn 0.000000 0.000000 -0.100000
vn 0.000000 0.025882 -0.096593
vn 0.000000 0.050000 -0.086603
vn 0.000000 0.070711 -0.070711
vn 0.000000 0.086603 -0.050000
vn 0.000000 0.096593 -0.025882
vn 0.000000 0.100000 0.000000
vn 0.000000 0.096593 0.025882
vn 0.000000 0.086603 0.050000
vn 0.000000 0.070711 0.070711
vn 0.000000 0.050000 0.086603
vn 0.000000 0.025882 0.096593
vn 0.000000 0.000000 0.100000
vn 0.000000 0.000000 0.100000
vn 0.000000 0.025882 0.096593
vn 0.000000 0.050000 0.086603
vn 0.000000 0.070711 0.070711
vn 0.000000 0.086603 0.050000
vn 0.000000 0.096593 0.025882
vn 0.000000 0.100000 0.000000
vn 0.000000 0.096593 -0.025882
vn 0.000000 0.086603 -0.050000
vn 0.000000 0.070711 -0.070711
vn 0.000000 0.050000 -0.086603
vn 0.000000 0.025882 -0.096593
vn 0.000000 0.000000 -0.100000
vn 0.000000 0.000000 -0.100000
vn 0.000000 0.000000 -0.100000
vn 0.000000 0.000000 -0.100000
vn 0.000000 0.000000 -0.100000
vn 0.000000 0.000000 0.100000
vn 0.000000 0.034202 0.093969
vn 0.000000 0.064279 0.076604
vn 0.000000 0.086603 0.050000
vn 0.000000 0.098481 0.017365
vn 0.000000 0.098481 -0.017365
vn 0.000000 0.086603 -0.050000
vn 0.000000 0.064279 -0.076604
vn 0.000000 0.034202 -0.093969
vn 0.000000 0.000000 -0.100000
vn 0.000000 0.000000 -0.100000
vn 0.000000 0.034202 -0.093969
vn 0.000000 0.064279 -0.076604
vn 0.000000 0.086603 -0.050000
vn 0.000000 0.098481 -0.017365
vn 0.000000 0.098481 0.017365
vn 0.000000 0.086603 0.050000
vn 0.000000 0.064279 0.076604
vn 0.000000 0.034202 0.093969
vn 0.000000 0.000000 0.100000
vn 0.000000 0.000000 0.100000
vn 0.000000 0.000000 0.100000
vn 0.000000 0.000000 0.100000
vn 0.000000 0.000000 0.100000
vn 0.000000 0.000000 -0.100000
vn 0.000000 0.025882 -0.096593
vn 0.000000 0.050000 -0.086603
vn 0.000000 0.070711 -0.070711
vn 0.000000 0.086603 -0.050000
vn 0.000000 0.096593 -0.025882
vn 0.000000 0.100000 0.000000
vn 0.000000 0.096593 0.025882
vn 0.000000 0.086603 0.050000
vn 0.000000 0.070711 0.070711
vn 0.000000 0.050000 0.086603
vn 0.000000 0.025882 0.096593
vn 0.000000 0.000000 0.100000
vn 0.000000 0.000000 0.100000
vn 0.000000 0.025882 0.096593
vn 0.000000 0.050000 0.086603
vn 0.000000 0.070711 0.070711
vn 0.000000 0.086603 0.050000
vn 0.000000 0.096593 0.025882
vn 0.000000 0.100000 0.000000
vn 0.000000 0.096593 -0.025882
vn 0.000000 0.086603 -0.050000
vn 0.000000 0.070711 -0.070711
vn 0.000000 0.050000 -0.086603
vn 0.000000 0.025882 -0.096593
vn 0.000000 0.000000 -0.100000
vn 0.000000 0.000000 -0.100000
vn 0.000000 0.000000 -0.100000
vn 0.000000 0.000000 -0.100000
vn 0.000000 0.000000 -0.100000
vn 0.000000 0.000000 0.100000
vn 0.000000 0.034202 0.093969
vn 0.000000 0.064279 0.076604
vn 0.000000 0.086603 0.050000
vn 0.000000 0.098481 0.017365
vn 0.000000 0.098481 -0.017365
vn 0.000000 0.086603 -0.050000
vn 0.000000 0.064279 -0.076604
vn 0.000000 0.034202 -0.093969
vn 0.000000 0.000000 -0.100000
vn 0.000000 0.000000 -0.100000
vn 0.000000 0.034202 -0.093969
vn 0.000000 0.064279 -0.076604
vn 0.000000 0.086603 -0.050000
vn 0.000000 0.098481 -0.017365
vn 0.000000 0.098481 0.017365
vn 0.000000 0.086603 0.050000
vn 0.000000 0.064279 0.076604
vn 0.000000 0.034202 0.093969
vn 0.000000 0.000000 0.100000
vn 0.000000 0.000000 0.100000
vn 0.000000 0.000000 0.100000
vn 0.000000 0.000000 0.100000
vn 0.000000 0.000000 0.100000
vn 0.000000 0.000000 -0.100000
vn 0.000000 0.025882 -0.096593
vn 0.000000 0.050000 -0.086603
vn 0.000000 0.070711 -0.070711
vn 0.000000 0.086603 -0.050000
vn 0.000000 0.096593 -0.025882
vn 0.000000 0.100000 0.000000
vn 0.000000 0.096593 0.025882
vn 0.000000 0.086603 0.050000
vn 0.000000 0.070711 0.070711
vn 0.000000 0.050000 0.086603
vn 0.000000 0.025882 0.096593
vn 0.000000 0.000000 0.100000
vn 0.000000 0.000000 0.100000
vn 0.000000 0.025882 0.096593
vn 0.000000 0.050000 0.086603
vn 0.000000 0.070711 0.070711
vn 0.000000 0.086603 0.050000
vn 0.000000 0.096593 0.025882
vn 0.000000 0.100000 0.000000
vn 0.000000 0.096593 -0.025882
vn 0.000000 0.086603 -0.050000
vn 0.000000 0.070711 -0.070711
vn 0.000000 0.050000 -0.086603
vn 0.000000 0.025882 -0.096593
vn 0.000000 0.000000 -0.100000
vn 0.000000 0.000000 -0.100000
vn 0.000000 0.000000 -0.100000
vn 0.000000 0.000000 -0.100000
vn 0.000000 0.000000 -0.100000
vn 0.000000 0.000000 0.100000
vn 0.000000 0.034202 0.093969
vn 0.000000 0.064279 0.076604
vn 0.000000 0.086603 0.050000
vn 0.000000 0.098481 0.017365
vn 0.000000 0.098481 -0.017365
vn 0.000000 0.086603 -0.050000
vn 0.000000 0.064279 -0.076604
vn 0.000000 0.034202 -0.093969
vn 0.000000 0.000000 -0.100000
vn 0.000000 0.000000 -0.100000
vn 0.000000 0.034202 -0.093969
vn 0.000000 0.064279 -0.076604
vn 0.000000 0.086603 -0.050000
vn 0.000000 0.098481 -0.017365
vn 0.000000 0.098481 0.017365
vn 0.000000 0.086603 0.050000
vn 0.000000 0.064279 0.076604
vn 0.000000 0.034202 0.093969
vn 0.000000 0.000000 0.100000
vn 0.000000 0.000000 0.100000
vn 0.000000 0.000000 0.100000
vn 0.000000 0.000000 0.100000
vn 0.000000 0.000000 0.100000
vn 0.000000 0.095394 0.030000
vn 0.000000 0.084836 0.052942
vn 0.000000 0.068868 0.072507
vn 0.000000 0.048507 0.087448
vn 0.000000 0.025052 0.096811
vn 0.000000 0.000000 0.100000
vn 0.000000 0.000000 0.100000
vn 0.000000 0.025052 0.096811
vn 0.000000 0.048507 0.087448
vn 0.000000 0.068868 0.072507
vn 0.000000 0.084836 0.052942
vn 0.000000 0.095394 0.030000
vn 0.000000 0.000000 0.100000
vn 0.000000 0.000000 0.100000
vn 0.000000 0.000000 0.100000
vn 0.000000 0.000000 0.100000
vn 0.000000 0.000000 0.100000
vn 0.000000 0.000000 0.100000
vn 0.000000 0.000000 0.100000
vn 0.000000 0.000000 0.100000
vn 0.000000 0.100000 0.000000
vn 0.000000 0.100000 0.000000
vn 0.000000 0.100000 0.000000
vn 0.000000 0.100000 0.000000
vn 0.000000 0.000000 0.100000
vn 0.000000 0.000000 0.100000
vn 0.000000 0.000000 0.100000
vn 0.000000 0.000000 0.100000
vn 0.000000 0.000000 0.100000
vn 0.000000 0.000000 0.100000
vn 0.000000 0.000000 0.100000
vn 0.000000 0.000000 0.100000
vn 0.000000 -0.100000 0.000000
vn 0.000000 -0.100000 0.000000
vn 0.000000 -0.100000 0.000000
vn 0.000000 -0.100000 0.000000
vn 0.000000 0.000000 0.100000
vn 0.000000 0.000000 0.100000
vn 0.000000 0.000000 0.100000
vn 0.000000 0.000000 0.100000
vn 0.000000 0.000000 0.100000
vn 0.000000 -0.019130 0.098153
vn 0.000000 -0.037554 0.092681
vn 0.000000 -0.054590 0.083785
vn 0.000000 -0.069610 0.071794
vn 0.000000 -0.082059 0.057152
vn 0.000000 -0.091477 0.040398
vn 0.000000 -0.097516 0.022152
vn 0.000000 -0.099952 0.003088
vn 0.000000 -0.098697 -0.016090
vn 0.000000 -0.093796 -0.034674
vn 0.000000 -0.085431 -0.051977
vn 0.000000 -0.073910 -0.067360
vn 0.000000 -0.059659 -0.080255
vn 0.000000 -0.043204 -0.090186
vn 0.000000 -0.025153 -0.096785
vn 0.000000 -0.006174 -0.099809
vn 0.000000 0.000000 -0.100000
vn 0.000000 0.000000 -0.100000
vn 0.000000 -0.006174 -0.099809
vn 0.000000 -0.025153 -0.096785
vn 0.000000 -0.043204 -0.090186
vn 0.000000 -0.059659 -0.080255
vn 0.000000 -0.073910 -0.067360
vn 0.000000 -0.085431 -0.051977
vn 0.000000 -0.093796 -0.034674
vn 0.000000 -0.098697 -0.016090
vn 0.000000 -0.099952 0.003088
vn 0.000000 -0.097516 0.022152
vn 0.000000 -0.091477 0.040398
vn 0.000000 -0.082059 0.057152
vn 0.000000 -0.069610 0.071794
vn 0.000000 -0.054590 0.083785
vn 0.000000 -0.037554 0.092681
vn 0.000000 -0.019130 0.098153
vn 0.000000 0.000000 0.100000
vn 0.000000 0.000000 0.100000
vn 0.000000 0.000000 0.100000
vn 0.000000 0.000000 0.100000
vn 0.000000 0.000000 0.100000
vn 0.000000 0.000000 -0.100000
vn 0.000000 -0.034202 -0.093969
vn 0.000000 -0.064279 -0.076604
vn 0.000000 -0.086603 -0.050000
vn 0.000000 -0.098481 -0.017365
vn 0.000000 -0.098481 0.017365
vn 0.000000 -0.086603 0.050000
vn 0.000000 -0.064279 0.076604
vn 0.000000 -0.034202 0.093969
vn 0.000000 0.000000 0.100000
vn 0.000000 0.000000 0.100000
vn 0.000000 -0.034202 0.093969
vn 0.000000 -0.064279 0.076604
vn 0.000000 -0.086603 0.050000
vn 0.000000 -0.098481 0.017365
vn 0.000000 -0.098481 -0.017365
vn 0.000000 -0.086603 -0.050000
vn 0.000000 -0.064279 -0.076604
vn 0.000000 -0.034202 -0.093969
vn 0.000000 0.000000 -0.100000
vn 0.000000 0.000000 -0.100000
vn 0.000000 0.000000 -0.100000
vn 0.000000 0.000000 -0.100000
vn 0.000000 0.000000 -0.100000
vn 0.000000 0.000000 0.100000
vn 0.000000 -0.025882 0.096593
vn 0.000000 -0.050000 0.086603
vn 0.000000 -0.070711 0.070711
vn 0.000000 -0.086603 0.050000
vn 0.000000 -0.096593 0.025882
vn 0.000000 -0.100000 0.000000
vn 0.000000 -0.096593 -0.025882
vn 0.000000 -0.086603 -0.050000
vn 0.000000 -0.070711 -0.070711
vn 0.000000 -0.050000 -0.086603
vn 0.000000 -0.025882 -0.096593
vn 0.000000 0.000000 -0.100000
vn 0.000000 0.000000 -0.100000
vn 0.000000 -0.025882 -0.096593
vn 0.000000 -0.050000 -0.086603
vn 0.000000 -0.070711 -0.070711
vn 0.000000 -0.086603 -0.050000
vn 0.000000 -0.096593 -0.025882
vn 0.000000 -0.100000 0.000000
vn 0.000000 -0.096593 0.025882
vn 0.000000 -0.086603 0.050000
vn 0.000000 -0.070711 0.070711
vn 0.000000 -0.050000 0.086603
vn 0.000000 -0.025882 0.096593
vn 0.000000 0.000000 0.100000
vn 0.000000 0.000000 0.100000
vn 0.000000 0.000000 0.100000
vn 0.000000 0.000000 0.100000
vn 0.000000 0.000000 0.100000
vn 0.000000 0.000000 -0.100000
vn 0.000000 -0.034202 -0.093969
vn 0.000000 -0.064279 -0.076604
vn 0.000000 -0.086603 -0.050000
vn 0.000000 -0.098481 -0.017365
vn 0.000000 -0.098481 0.017365
vn 0.000000 -0.086603 0.050000
vn 0.000000 -0.064279 0.076604
vn 0.000000 -0.034202 0.093969
vn 0.000000 0.000000 0.100000
vn 0.000000 0.000000 0.100000
vn 0.000000 -0.034202 0.093969
vn 0.000000 -0.064279 0.076604
vn 0.000000 -0.086603 0.050000
vn 0.000000 -0.098481 0.017365
vn 0.000000 -0.098481 -0.017365
vn 0.000000 -0.086603 -0.050000
vn 0.000000 -0.064279 -0.076604
vn 0.000000 -0.034202 -0.093969
vn 0.000000 0.000000 -0.100000
vn 0.000000 0.000000 -0.100000
vn 0.000000 0.000000 -0.100000
vn 0.000000 0.000000 -0.100000
vn 0.000000 0.000000 -0.100000
vn 0.000000 0.000000 0.100000
vn 0.000000 -0.025882 0.096593
vn 0.000000 -0.050000 0.086603
vn 0.000000 -0.070711 0.070711
vn 0.000000 -0.086603 0.050000
vn 0.000000 -0.096593 0.025882
vn 0.000000 -0.100000 0.000000
vn 0.000000 -0.096593 -0.025882
vn 0.000000 -0.086603 -0.050000
vn 0.000000 -0.070711 -0.070711
vn 0.000000 -0.050000 -0.086603
vn 0.000000 -0.025882 -0.096593
vn 0.000000 0.000000 -0.100000
vn 0.000000 0.000000 -0.100000
vn 0.000000 -0.025882 -0.096593
vn 0.000000 -0.050000 -0.086603
vn 0.000000 -0.070711 -0.070711
vn 0.000000 -0.086603 -0.050000
vn 0.000000 -0.096593 -0.025882
vn 0.000000 -0.100000 0.000000
vn 0.000000 -0.096593 0.025882
vn 0.000000 -0.086603 0.050000
vn 0.000000 -0.070711 0.070711
vn 0.000000 -0.050000 0.086603
vn 0.000000 -0.025882 0.096593
vn 0.000000 0.000000 0.100000
vn 0.000000 0.000000 0.100000
vn 0.000000 0.000000 0.100000
vn 0.000000 0.000000 0.100000
vn 0.000000 0.000000 0.100000
vn 0.000000 0.000000 -0.100000
vn 0.000000 -0.034202 -0.093969
vn 0.000000 -0.064279 -0.076604
vn 0.000000 -0.086603 -0.050000
vn 0.000000 -0.098481 -0.017365
vn 0.000000 -0.098481 0.017365
vn 0.000000 -0.086603 0.050000
vn 0.000000 -0.064279 0.076604
vn 0.000000 -0.034202 0.093969
vn 0.000000 0.000000 0.100000
vn 0.000000 0.000000 0.100000
vn 0.000000 -0.034202 0.093969
vn 0.000000 -0.064279 0.076604
vn 0.000000 -0.086603 0.050000
vn 0.000000 -0.098481 0.017365
vn 0.000000 -0.098481 -0.017365
vn 0.000000 -0.086603 -0.050000
vn 0.000000 -0.064279 -0.076604
vn 0.000000 -0.034202 -0.093969
vn 0.000000 0.000000 -0.100000
vn 0.000000 0.000000 -0.100000
vn 0.000000 0.000000 -0.100000
vn 0.000000 0.000000 -0.100000
vn 0.000000 0.000000 -0.100000
vn 0.000000 0.000000 0.100000
vn 0.000000 -0.025882 0.096593
vn 0.000000 -0.050000 0.086603
vn 0.000000 -0.070711 0.070711
vn 0.000000 -0.086603 0.050000
vn 0.000000 -0.096593 0.025882
vn 0.000000 -0.100000 0.000000
vn 0.000000 -0.096593 -0.025882
vn 0.000000 -0.086603 -0.050000
vn 0.000000 -0.070711 -0.070711
vn 0.000000 -0.050000 -0.086603
vn 0.000000 -0.025882 -0.096593
vn 0.000000 0.000000 -0.100000
vn 0.000000 0.000000 -0.100000
vn 0.000000 -0.025882 -0.096593
vn 0.000000 -0.050000 -0.086603
vn 0.000000 -0.070711 -0.070711
vn 0.000000 -0.086603 -0.050000
vn 0.000000 -0.096593 -0.025882
vn 0.000000 -0.100000 0.000000
vn 0.000000 -0.096593 0.025882
vn 0.000000 -0.086603 0.050000
vn 0.000000 -0.070711 0.070711
vn 0.000000 -0.050000 0.086603
vn 0.000000 -0.025882 0.096593
vn 0.000000 0.000000 0.100000
vn 0.000000 0.000000 0.100000
vn 0.000000 0.000000 0.100000
vn 0.000000 0.000000 0.100000
vn 0.000000 0.000000 0.100000
vn 0.000000 0.000000 -0.100000
vn 0.000000 -0.034202 -0.093969
vn 0.000000 -0.064279 -0.076604
vn 0.000000 -0.086603 -0.050000
vn 0.000000 -0.098481 -0.017365
vn 0.000000 -0.098481 0.017365
vn 0.000000 -0.086603 0.050000
vn 0.000000 -0.064279 0.076604
vn 0.000000 -0.034202 0.093969
vn 0.000000 0.000000 0.100000
vn 0.000000 0.000000 0.100000
vn 0.000000 -0.034202 0.093969
vn 0.000000 -0.064279 0.076604
vn 0.000000 -0.086603 0.050000
vn 0.000000 -0.098481 0.017365
vn 0.000000 -0.098481 -0.017365
vn 0.000000 -0.086603 -0.050000
vn 0.000000 -0.064279 -0.076604
vn 0.000000 -0.034202 -0.093969
vn 0.000000 0.000000 -0.100000
vn 0.000000 0.000000 -0.100000
vn 0.000000 0.000000 -0.100000
vn 0.000000 0.000000 -0.100000
vn 0.000000 0.000000 -0.100000
vn 0.000000 0.000000 0.100000
vn 0.000000 -0.025882 0.096593
vn 0.000000 -0.050000 0.086603
vn 0.000000 -0.070711 0.070711
vn 0.000000 -0.086603 0.050000
vn 0.000000 -0.096593 0.025882
vn 0.000000 -0.100000 0.000000
vn 0.000000 -0.096593 -0.025882
vn 0.000000 -0.086603 -0.050000
vn 0.000000 -0.070711 -0.070711
vn 0.000000 -0.050000 -0.086603
vn 0.000000 -0.025882 -0.096593
vn 0.000000 0.000000 -0.100000
vn 0.000000 0.000000 -0.100000
vn 0.000000 -0.025882 -0.096593
vn 0.000000 -0.050000 -0.086603
vn 0.000000 -0.070711 -0.070711
vn 0.000000 -0.086603 -0.050000
vn 0.000000 -0.096593 -0.025882
vn 0.000000 -0.100000 0.000000
vn 0.000000 -0.096593 0.025882
vn 0.000000 -0.086603 0.050000
vn 0.000000 -0.070711 0.070711
vn 0.000000 -0.050000 0.086603
vn 0.000000 -0.025882 0.096593
vn 0.000000 0.000000 0.100000
vn 0.000000 0.000000 0.100000
vn 0.000000 0.000000 0.100000
vn 0.000000 0.000000 0.100000
vn 0.000000 0.000000 0.100000
vn 0.000000 0.000000 -0.100000
vn 0.000000 -0.034202 -0.093969
vn 0.000000 -0.064279 -0.076604
vn 0.000000 -0.086603 -0.050000
vn 0.000000 -0.098481 -0.017365
vn 0.000000 -0.098481 0.017365
vn 0.000000 -0.086603 0.050000
vn 0.000000 -0.064279 0.076604
vn 0.000000 -0.034202 0.093969
vn 0.000000 0.000000 0.100000
vn 0.000000 0.000000 0.100000
vn 0.000000 -0.034202 0.093969
vn 0.000000 -0.064279 0.076604
vn 0.000000 -0.086603 0.050000
vn 0.000000 -0.098481 0.017365
vn 0.000000 -0.098481 -0.017365
vn 0.000000 -0.086603 -0.050000
vn 0.000000 -0.064279 -0.076604
vn 0.000000 -0.034202 -0.093969
vn 0.000000 0.000000 -0.100000
vn 0.000000 0.100000 0.000000
vn 0.000000 0.100000 0.000000
vn 0.000000 0.100000 0.000000
vn 0.000000 0.100000 0.000000
vn 0.000000 0.100000 0.000000
vn 0.000000 0.100000 0.000000
vn 0.000000 0.100000 0.000000
vn 0.000000 0.100000 0.000000
vn 0.000000 0.100000 0.000000
vn 0.000000 0.100000 0.000000
vn 0.000000 0.100000 0.000000
vn 0.000000 0.100000 0.000000
vn 0.000000 0.100000 0.000000
vn 0.000000 0.100000 0.000000
vn 0.000000 0.100000 0.000000
vn 0.000000 0.100000 0.000000
vn 0.000000 0.100000 0.000000
vn 0.000000 0.100000 0.000000
vn 0.000000 0.100000 0.000000
vn 0.000000 0.100000 0.000000
vn 0.000000 0.100000 0.000000
vn 0.000000 0.100000 0.000000
vn 0.000000 0.100000 0.000000
vn 0.000000 0.100000 0.000000
vn 0.000000 0.100000 0.000000
vn 0.000000 0.100000 0.000000
vn 0.000000 0.100000 0.000000
vn 0.000000 0.100000 0.000000
vn 0.000000 0.000000 -0.100000
vn 0.000000 0.000000 -0.100000
vn 0.000000 0.000000 -0.100000
vn 0.000000 0.000000 -0.100000
vn 0.000000 0.000000 -0.100000
vn 0.000000 0.000000 -0.100000
vn 0.000000 0.000000 -0.100000
vn 0.000000 0.000000 -0.100000
vn 0.000000 0.000000 -0.100000
vn 0.100000 0.000000 0.000000
vn 0.100000 0.000000 0.000000
vn 0.100000 0.000000 0.000000
vn 0.100000 0.000000 0.000000
vn 0.100000 0.000000 0.000000
vn 0.100000 0.000000 0.000000
vn 0.100000 0.000000 0.000000
vn 0.100000 0.000000 0.000000
vn 0.100000 0.000000 0.000000
vn 0.100000 0.000000 0.000000
vn 0.100000 0.000000 0.000000
vn 0.100000 0.000000 0.000000
vn 0.100000 0.000000 0.000000
vn 0.100000 0.000000 0.000000
vn 0.100000 0.000000 0.000000
vn 0.100000 0.000000 0.000000
vn 0.100000 0.000000 0.000000
vn 0.100000 0.000000 0.000000
vn 0.100000 0.000000 0.000000
vn 0.100000 0.000000 0.000000
vn 0.100000 0.000000 0.000000
vn 0.100000 0.000000 0.000000
vn 0.100000 0.000000 0.000000
vn 0.100000 0.000000 0.000000
vn 0.100000 0.000000 0.000000
vn 0.100000 0.000000 0.000000
vn 0.100000 0.000000 0.000000
vn 0.100000 0.000000 0.000000
vn 0.100000 0.000000 0.000000
vn 0.100000 0.000000 0.000000
vn 0.100000 0.000000 0.000000
vn 0.100000 0.000000 0.000000
vn 0.100000 0.000000 0.000000
vn 0.100000 0.000000 0.000000
vn 0.100000 0.000000 0.000000
vn 0.100000 0.000000 0.000000
vn 0.100000 0.000000 0.000000
vn 0.100000 0.000000 0.000000
vn 0.100000 0.000000 0.000000
vn 0.100000 0.000000 0.000000
vn 0.100000 0.000000 0.000000
vn 0.100000 0.000000 0.000000
vn 0.100000 0.000000 0.000000
vn 0.100000 0.000000 0.000000
vn 0.100000 0.000000 0.000000
vn 0.100000 0.000000 0.000000
vn 0.100000 0.000000 0.000000
vn 0.100000 0.000000 0.000000
vn 0.100000 0.000000 0.000000
vn 0.100000 0.000000 0.000000
vn 0.100000 0.000000 0.000000
vn 0.100000 0.000000 0.000000
vn 0.100000 0.000000 0.000000
vn 0.100000 0.000000 0.000000
vn 0.100000 0.000000 0.000000
vn 0.100000 0.000000 0.000000
vn 0.100000 0.000000 0.000000
vn 0.100000 0.000000 0.000000
vn 0.100000 0.000000 0.000000
vn 0.100000 0.000000 0.000000
vn 0.100000 0.000000 0.000000
vn 0.100000 0.000000 0.000000
vn 0.100000 0.000000 0.000000
vn 0.100000 0.000000 0.000000
vn 0.100000 0.000000 0.000000
vn 0.100000 0.000000 0.000000
vn 0.100000 0.000000 0.000000
vn 0.100000 0.000000 0.000000
vn 0.100000 0.000000 0.000000
vn 0.100000 0.000000 0.000000
vn 0.100000 0.000000 0.000000
vn 0.100000 0.000000 0.000000
vn 0.100000 0.000000 0.000000
vn 0.100000 0.000000 0.000000
vn 0.100000 0.000000 0.000000
vn 0.100000 0.000000 0.000000
vn 0.100000 0.000000 0.000000
vn 0.100000 0.000000 0.000000
vn 0.100000 0.000000 0.000000
vn 0.100000 0.000000 0.000000
vn 0.100000 0.000000 0.000000
vn 0.100000 0.000000 0.000000
vn 0.100000 0.000000 0.000000
vn 0.100000 0.000000 0.000000
vn 0.100000 0.000000 0.000000
vn 0.100000 0.000000 0.000000
vn 0.100000 0.000000 0.000000
vn 0.100000 0.000000 0.000000
vn 0.100000 0.000000 0.000000
vn 0.100000 0.000000 0.000000
vn 0.100000 0.000000 0.000000
vn 0.100000 0.000000 0.000000
vn 0.100000 0.000000 0.000000
vn 0.100000 0.000000 0.000000
vn 0.100000 0.000000 0.000000
vn 0.100000 0.000000 0.000000
vn 0.100000 0.000000 0.000000
vn 0.100000 0.000000 0.000000
vn 0.100000 0.000000 0.000000
vn 0.100000 0.000000 0.000000
vn 0.100000 0.000000 0.000000
vn 0.100000 0.000000 0.000000
vn 0.100000 0.000000 0.000000
vn 0.100000 0.000000 0.000000
vn 0.100000 0.000000 0.000000
vn 0.100000 0.000000 0.000000
vn 0.100000 0.000000 0.000000
vn 0.100000 0.000000 0.000000
vn 0.100000 0.000000 0.000000
vn 0.100000 0.000000 0.000000
vn 0.100000 0.000000 0.000000
vn 0.100000 0.000000 0.000000
vn 0.100000 0.000000 0.000000
vn 0.100000 0.000000 0.000000
vn 0.100000 0.000000 0.000000
vn 0.100000 0.000000 0.000000
vn 0.100000 0.000000 0.000000
vn 0.100000 0.000000 0.000000
vn 0.100000 0.000000 0.000000
vn 0.100000 0.000000 0.000000
vn 0.100000 0.000000 0.000000
vn 0.100000 0.000000 0.000000
vn 0.100000 0.000000 0.000000
vn 0.100000 0.000000 0.000000
vn 0.100000 0.000000 0.000000
vn 0.100000 0.000000 0.000000
vn 0.100000 0.000000 0.000000
vn 0.100000 0.000000 0.000000
vn 0.100000 0.000000 0.000000
vn 0.100000 0.000000 0.000000
vn 0.100000 0.000000 0.000000
vn 0.100000 0.000000 0.000000
vn 0.100000 0.000000 0.000000
vn 0.100000 0.000000 0.000000
vn 0.100000 0.000000 0.000000
vn 0.100000 0.000000 0.000000
vn 0.100000 0.000000 0.000000
vn 0.100000 0.000000 0.000000
vn 0.100000 0.000000 0.000000
vn 0.100000 0.000000 0.000000
vn 0.100000 0.000000 0.000000
vn 0.100000 0.000000 0.000000
vn 0.100000 0.000000 0.000000
vn 0.100000 0.000000 0.000000
vn 0.100000 0.000000 0.000000
vn 0.100000 0.000000 0.000000
vn 0.100000 0.000000 0.000000
vn 0.100000 0.000000 0.000000
vn 0.100000 0.000000 0.000000
vn 0.100000 0.000000 0.000000
vn 0.100000 0.000000 0.000000
vn 0.100000 0.000000 0.000000
vn 0.100000 0.000000 0.000000
vn 0.100000 0.000000 0.000000
vn 0.100000 0.000000 0.000000
vn 0.100000 0.000000 0.000000
vn 0.100000 0.000000 0.000000
vn 0.100000 0.000000 0.000000
vn 0.100000 0.000000 0.000000
vn 0.100000 0.000000 0.000000
vn 0.100000 0.000000 0.000000
vn 0.100000 0.000000 0.000000
vn 0.100000 0.000000 0.000000
vn 0.100000 0.000000 0.000000
vn 0.100000 0.000000 0.000000
vn 0.100000 0.000000 0.000000
vn 0.100000 0.000000 0.000000
vn 0.100000 0.000000 0.000000
vn 0.100000 0.000000 0.000000
vn 0.100000 0.000000 0.000000
vn 0.100000 0.000000 0.000000
vn 0.100000 0.000000 0.000000
vn 0.100000 0.000000 0.000000
vn 0.100000 0.000000 0.000000
vn 0.100000 0.000000 0.000000
vn 0.100000 0.000000 0.000000
vn 0.100000 0.000000 0.000000
vn 0.100000 0.000000 0.000000
vn 0.100000 0.000000 0.000000
vn 0.100000 0.000000 0.000000
vn 0.100000 0.000000 0.000000
vn 0.100000 0.000000 0.000000
vn 0.100000 0.000000 0.000000
vn 0.100000 0.000000 0.000000
vn 0.100000 0.000000 0.000000
vn 0.100000 0.000000 0.000000
vn 0.100000 0.000000 0.000000
vn 0.100000 0.000000 0.000000
vn 0.100000 0.000000 0.000000
vn 0.100000 0.000000 0.000000
vn 0.100000 0.000000 0.000000
vn 0.100000 0.000000 0.000000
vn 0.100000 0.000000 0.000000
vn 0.100000 0.000000 0.000000
vn 0.100000 0.000000 0.000000
vn 0.100000 0.000000 0.000000
vn 0.100000 0.000000 0.000000
vn 0.100000 0.000000 0.000000
vn 0.100000 0.000000 0.000000
vn 0.100000 0.000000 0.000000
vn 0.100000 0.000000 0.000000
vn 0.100000 0.000000 0.000000
vn 0.100000 0.000000 0.000000
vn 0.100000 0.000000 0.000000
vn 0.100000 0.000000 0.000000
vn 0.100000 0.000000 0.000000
vn 0.100000 0.000000 0.000000
vn 0.100000 0.000000 0.000000
vn 0.100000 0.000000 0.000000
vn 0.100000 0.000000 0.000000
vn 0.100000 0.000000 0.000000
vn 0.100000 0.000000 0.000000
vn 0.100000 0.000000 0.000000
vn 0.100000 0.000000 0.000000
vn 0.100000 0.000000 0.000000
vn 0.100000 0.000000 0.000000
vn 0.100000 0.000000 0.000000
vn 0.100000 0.000000 0.000000
vn 0.100000 0.000000 0.000000
vn 0.100000 0.000000 0.000000
vn 0.100000 0.000000 0.000000
vn 0.100000 0.000000 0.000000
vn 0.100000 0.000000 0.000000
vn 0.100000 0.000000 0.000000
vn 0.100000 0.000000 0.000000
vn 0.100000 0.000000 0.000000
vn 0.100000 0.000000 0.000000
vn 0.100000 0.000000 0.000000
vn 0.100000 0.000000 0.000000
vn 0.100000 0.000000 0.000000
vn 0.100000 0.000000 0.000000
vn 0.100000 0.000000 0.000000
vn 0.100000 0.000000 0.000000
vn 0.100000 0.000000 0.000000
vn 0.100000 0.000000 0.000000
vn 0.100000 0.000000 0.000000
vn 0.100000 0.000000 0.000000
vn 0.100000 0.000000 0.000000
vn 0.100000 0.000000 0.000000
vn 0.100000 0.000000 0.000000
vn 0.100000 0.000000 0.000000
vn 0.100000 0.000000 0.000000
vn 0.100000 0.000000 0.000000
vn 0.100000 0.000000 0.000000
vn 0.100000 0.000000 0.000000
vn 0.100000 0.000000 0.000000
vn 0.100000 0.000000 0.000000
vn 0.100000 0.000000 0.000000
vn 0.100000 0.000000 0.000000
vn 0.100000 0.000000 0.000000
vn 0.100000 0.000000 0.000000
vn 0.100000 0.000000 0.000000
vn 0.100000 0.000000 0.000000
vn 0.100000 0.000000 0.000000
vn 0.100000 0.000000 0.000000
vn 0.100000 0.000000 0.000000
vn 0.100000 0.000000 0.000000
vn 0.100000 0.000000 0.000000
vn 0.100000 0.000000 0.000000
vn 0.100000 0.000000 0.000000
vn 0.100000 0.000000 0.000000
vn 0.100000 0.000000 0.000000
vn 0.100000 0.000000 0.000000
usemtl 13,157,13
f 272/8/8 794/1/1 273/7/7
f 273/7/7 794/1/1 795/2/2
f 273/7/7 795/2/2 274/6/6
f 274/6/6 795/2/2 796/3/3
f 274/6/6 796/3/3 276/5/5
f 276/5/5 796/3/3 798/4/4
f 272/10/10 18/11/11 794/9/9
f 794/9/9 18/11/11 540/12/12
f 273/14/14 269/33/33 272/13/13
f 272/13/13 269/33/33 268/34/34
f 272/13/13 268/34/34 267/35/35
f 274/15/15 276/16/16 273/14/14
f 273/14/14 276/16/16 271/32/32
f 273/14/14 271/32/32 269/33/33
f 276/16/16 275/17/17 271/32/32
f 271/32/32 275/17/17 270/31/31
f 270/31/31 275/17/17 277/18/18
f 270/31/31 277/18/18 278/19/19
f 278/19/19 279/20/20 270/31/31
f 270/31/31 279/20/20 285/30/30
f 285/30/30 279/20/20 280/21/21
f 285/30/30 280/21/21 281/22/22
f 281/22/22 282/23/23 285/30/30
f 285/30/30 282/23/23 283/24/24
f 285/30/30 283/24/24 286/29/29
f 286/29/29 283/24/24 288/27/27
f 286/29/29 288/27/27 287/28/28
f 284/25/25 289/26/26 283/24/24
f 283/24/24 289/26/26 288/27/27
f 267/35/35 240/36/36 272/13/13
f 272/13/13 240/36/36 180/277/277
f 272/13/13 180/277/277 169/278/278
f 250/37/37 230/274/274 240/36/36
f 240/36/36 230/274/274 211/275/275
f 240/36/36 211/275/275 200/276/276
f 250/37/37 260/38/38 230/274/274
f 230/274/274 260/38/38 229/273/273
f 229/273/273 260/38/38 259/39/39
f 229/273/273 259/39/39 249/40/40
f 249/40/40 239/41/41 229/273/273
f 229/273/273 239/41/41 210/272/272
f 210/272/272 239/41/41 220/42/42
f 210/272/272 220/42/42 199/271/271
f 199/271/271 220/42/42 189/43/43
f 199/271/271 189/43/43 179/270/270
f 179/270/270 189/43/43 167/44/44
f 179/270/270 167/44/44 168/269/269
f 168/269/269 167/44/44 147/268/268
f 147/268/268 167/44/44 146/45/45
f 147/268/268 146/45/45 124/46/46
f 147/268/268 124/46/46 112/267/267
f 112/267/267 124/46/46 104/47/47
f 112/267/267 104/47/47 82/266/266
f 82/266/266 104/47/47 92/48/48
f 82/266/266 92/48/48 61/265/265
f 61/265/265 92/48/48 73/49/49
f 61/265/265 73/49/49 50/264/264
f 50/264/264 73/49/49 40/263/263
f 40/263/263 73/49/49 28/262/262
f 28/262/262 73/49/49 72/50/50
f 28/262/262 72/50/50 39/261/261
f 39/261/261 72/50/50 49/260/260
f 49/260/260 72/50/50 60/259/259
f 60/259/259 72/50/50 91/51/51
f 60/259/259 91/51/51 81/258/258
f 81/258/258 91/51/51 103/52/52
f 81/258/258 103/52/52 111/257/257
f 111/257/257 103/52/52 123/53/53
f 111/257/257 123/53/53 144/256/256
f 144/256/256 123/53/53 145/54/54
f 144/256/256 145/54/54 165/255/255
f 165/255/255 145/54/54 166/55/55
f 165/255/255 166/55/55 178/254/254
f 178/254/254 166/55/55 188/56/56
f 178/254/254 188/56/56 198/253/253
f 198/253/253 188/56/56 219/57/57
f 198/253/253 219/57/57 209/252/252
f 209/252/252 219/57/57 238/58/58
f 209/252/252 238/58/58 228/251/251
f 228/251/251 238/58/58 248/59/59
f 228/251/251 248/59/59 258/60/60
f 258/60/60 266/61/61 228/251/251
f 228/251/251 266/61/61 227/250/250
f 227/250/250 266/61/61 257/62/62
f 227/250/250 257/62/62 247/63/63
f 247/63/63 237/64/64 227/250/250
f 227/250/250 237/64/64 208/249/249
f 208/249/249 237/64/64 218/65/65
f 208/249/249 218/65/65 197/248/248
f 197/248/248 218/65/65 187/66/66
f 197/248/248 187/66/66 177/247/247
f 177/247/247 187/66/66 163/67/67
f 177/247/247 163/67/67 164/246/246
f 164/246/246 163/67/67 143/245/245
f 143/245/245 163/67/67 142/68/68
f 143/245/245 142/68/68 122/69/69
f 143/245/245 122/69/69 110/244/244
f 110/244/244 122/69/69 102/70/70
f 110/244/244 102/70/70 80/243/243
f 80/243/243 102/70/70 90/71/71
f 80/243/243 90/71/71 59/242/242
f 59/242/242 90/71/71 71/72/72
f 59/242/242 71/72/72 48/241/241
f 48/241/241 71/72/72 38/240/240
f 38/240/240 71/72/72 27/239/239
f 27/239/239 71/72/72 70/73/73
f 27/239/239 70/73/73 37/238/238
f 37/238/238 70/73/73 47/237/237
f 47/237/237 70/73/73 58/236/236
f 58/236/236 70/73/73 89/74/74
f 58/236/236 89/74/74 79/235/235
f 79/235/235 89/74/74 101/75/75
f 79/235/235 101/75/75 109/234/234
f 109/234/234 101/75/75 121/76/76
f 109/234/234 121/76/76 140/233/233
f 140/233/233 121/76/76 141/77/77
f 140/233/233 141/77/77 161/232/232
f 161/232/232 141/77/77 162/78/78
f 161/232/232 162/78/78 176/231/231
f 176/231/231 162/78/78 186/79/79
f 176/231/231 186/79/79 196/230/230
f 196/230/230 186/79/79 217/80/80
f 196/230/230 217/80/80 207/229/229
f 207/229/229 217/80/80 236/81/81
f 207/229/229 236/81/81 226/228/228
f 226/228/228 236/81/81 246/82/82
f 226/228/228 246/82/82 256/83/83
f 256/83/83 265/84/84 226/228/228
f 226/228/228 265/84/84 225/227/227
f 225/227/227 265/84/84 255/85/85
f 225/227/227 255/85/85 245/86/86
f 245/86/86 235/87/87 225/227/227
f 225/227/227 235/87/87 206/226/226
f 206/226/226 235/87/87 216/88/88
f 206/226/226 216/88/88 195/225/225
f 195/225/225 216/88/88 185/89/89
f 195/225/225 185/89/89 175/224/224
f 175/224/224 185/89/89 159/90/90
f 175/224/224 159/90/90 160/223/223
f 160/223/223 159/90/90 139/222/222
f 139/222/222 159/90/90 138/91/91
f 139/222/222 138/91/91 120/92/92
f 139/222/222 120/92/92 108/221/221
f 108/221/221 120/92/92 100/93/93
f 108/221/221 100/93/93 78/220/220
f 78/220/220 100/93/93 88/94/94
f 78/220/220 88/94/94 57/219/219
f 57/219/219 88/94/94 69/95/95
f 57/219/219 69/95/95 46/218/218
f 46/218/218 69/95/95 36/217/217
f 36/217/217 69/95/95 26/216/216
f 26/216/216 69/95/95 68/96/96
f 26/216/216 68/96/96 35/215/215
f 35/215/215 68/96/96 45/214/214
f 45/214/214 68/96/96 56/213/213
f 56/213/213 68/96/96 87/97/97
f 56/213/213 87/97/97 77/212/212
f 77/212/212 87/97/97 99/98/98
f 77/212/212 99/98/98 107/211/211
f 107/211/211 99/98/98 119/99/99
f 107/211/211 119/99/99 136/210/210
f 136/210/210 119/99/99 137/100/100
f 136/210/210 137/100/100 157/209/209
f 157/209/209 137/100/100 158/101/101
f 157/209/209 158/101/101 174/208/208
f 174/208/208 158/101/101 184/102/102
f 174/208/208 184/102/102 194/207/207
f 194/207/207 184/102/102 215/103/103
f 194/207/207 215/103/103 205/206/206
f 205/206/206 215/103/103 234/104/104
f 205/206/206 234/104/104 224/205/205
f 224/205/205 234/104/104 244/105/105
f 224/205/205 244/105/105 254/106/106
f 254/106/106 264/107/107 224/205/205
f 224/205/205 264/107/107 223/204/204
f 223/204/204 264/107/107 253/108/108
f 223/204/204 253/108/108 243/109/109
f 243/109/109 233/110/110 223/204/204
f 223/204/204 233/110/110 204/203/203
f 204/203/203 233/110/110 214/111/111
f 204/203/203 214/111/111 193/202/202
f 193/202/202 214/111/111 183/112/112
f 193/202/202 183/112/112 173/201/201
f 173/201/201 183/112/112 155/113/113
f 173/201/201 155/113/113 156/200/200
f 156/200/200 155/113/113 135/199/199
f 135/199/199 155/113/113 134/114/114
f 135/199/199 134/114/114 118/115/115
f 135/199/199 118/115/115 106/198/198
f 106/198/198 118/115/115 98/116/116
f 106/198/198 98/116/116 76/197/197
f 76/197/197 98/116/116 86/117/117
f 76/197/197 86/117/117 55/196/196
f 55/196/196 86/117/117 67/118/118
f 55/196/196 67/118/118 44/195/195
f 44/195/195 67/118/118 34/194/194
f 34/194/194 67/118/118 25/193/193
f 25/193/193 67/118/118 66/119/119
f 25/193/193 66/119/119 33/192/192
f 33/192/192 66/119/119 43/191/191
f 43/191/191 66/119/119 54/190/190
f 54/190/190 66/119/119 85/120/120
f 54/190/190 85/120/120 75/189/189
f 75/189/189 85/120/120 97/121/121
f 75/189/189 97/121/121 105/188/188
f 105/188/188 97/121/121 117/122/122
f 105/188/188 117/122/122 132/187/187
f 132/187/187 117/122/122 133/123/123
f 132/187/187 133/123/123 153/186/186
f 153/186/186 133/123/123 154/124/124
f 153/186/186 154/124/124 172/185/185
f 172/185/185 154/124/124 182/125/125
f 172/185/185 182/125/125 192/184/184
f 192/184/184 182/125/125 213/126/126
f 192/184/184 213/126/126 203/183/183
f 203/183/183 213/126/126 232/127/127
f 203/183/183 232/127/127 222/182/182
f 222/182/182 232/127/127 242/128/128
f 222/182/182 242/128/128 252/129/129
f 252/129/129 263/130/130 222/182/182
f 222/182/182 263/130/130 221/181/181
f 221/181/181 263/130/130 251/131/131
f 221/181/181 251/131/131 241/132/132
f 241/132/132 231/133/133 221/181/181
f 221/181/181 231/133/133 202/180/180
f 202/180/180 231/133/133 212/134/134
f 202/180/180 212/134/134 191/179/179
f 191/179/179 212/134/134 181/135/135
f 191/179/179 181/135/135 171/178/178
f 171/178/178 181/135/135 151/136/136
f 171/178/178 151/136/136 152/177/177
f 152/177/177 151/136/136 131/176/176
f 131/176/176 151/136/136 130/137/137
f 131/176/176 130/137/137 114/175/175
f 114/175/175 130/137/137 116/138/138
f 114/175/175 116/138/138 94/174/174
f 94/174/174 116/138/138 96/139/139
f 94/174/174 96/139/139 74/173/173
f 74/173/173 96/139/139 84/140/140
f 74/173/173 84/140/140 62/172/172
f 62/172/172 84/140/140 65/141/141
f 62/172/172 65/141/141 52/171/171
f 52/171/171 65/141/141 42/170/170
f 42/170/170 65/141/141 32/169/169
f 32/169/169 65/141/141 30/168/168
f 30/168/168 65/141/141 64/142/142
f 30/168/168 64/142/142 31/167/167
f 31/167/167 64/142/142 41/166/166
f 41/166/166 64/142/142 51/165/165
f 51/165/165 64/142/142 53/164/164
f 53/164/164 64/142/142 83/143/143
f 53/164/164 83/143/143 63/163/163
f 63/163/163 83/143/143 95/144/144
f 63/163/163 95/144/144 93/162/162
f 93/162/162 95/144/144 113/161/161
f 113/161/161 95/144/144 115/145/145
f 113/161/161 115/145/145 127/160/160
f 127/160/160 115/145/145 129/146/146
f 127/160/160 129/146/146 128/159/159
f 128/159/159 129/146/146 148/147/147
f 128/159/159 148/147/147 125/157/157
f 125/157/157 148/147/147 149/148/148
f 125/157/157 149/148/148 201/152/152
f 201/152/152 149/148/148 150/149/149
f 201/152/152 150/149/149 170/150/150
f 170/150/150 190/151/151 201/152/152
f 262/153/153 261/154/154 201/152/152
f 201/152/152 261/154/154 125/157/157
f 261/154/154 23/155/155 125/157/157
f 125/157/157 23/155/155 24/156/156
f 125/157/157 126/158/158 128/159/159
f 200/276/276 180/277/277 240/36/36
f 272/13/13 169/278/278 18/301/301
f 18/301/301 169/278/278 29/279/279
f 18/301/301 29/279/279 22/280/280
f 22/280/280 21/281/281 18/301/301
f 18/301/301 21/281/281 17/300/300
f 17/300/300 21/281/281 20/282/282
f 17/300/300 20/282/282 15/298/298
f 15/298/298 20/282/282 14/297/297
f 14/297/297 20/282/282 19/283/283
f 14/297/297 19/283/283 13/296/296
f 13/296/296 19/283/283 12/295/295
f 12/295/295 19/283/283 11/294/294
f 11/294/294 19/283/283 5/284/284
f 11/294/294 5/284/284 10/293/293
f 10/293/293 5/284/284 9/292/292
f 9/292/292 5/284/284 8/291/291
f 8/291/291 5/284/284 6/290/290
f 6/290/290 5/284/284 4/285/285
f 6/290/290 4/285/285 1/287/287
f 1/287/287 4/285/285 3/286/286
f 1/287/287 2/288/288 6/290/290
f 6/290/290 2/288/288 7/289/289
f 15/298/298 16/299/299 17/300/300
f 15/309/309 537/302/302 16/308/308
f 16/308/308 537/302/302 538/303/303
f 16/308/308 538/303/303 17/307/307
f 17/307/307 538/303/303 539/304/304
f 17/307/307 539/304/304 18/306/306
f 18/306/306 539/304/304 540/305/305
f 303/310/310 315/311/311 302/318/318
f 302/318/318 315/311/311 317/317/317
f 317/317/317 315/311/311 319/312/312
f 317/317/317 319/312/312 321/316/316
f 321/316/316 319/312/312 323/313/313
f 321/316/316 323/313/313 410/315/315
f 410/315/315 323/313/313 411/314/314
f 798/320/320 535/328/328 276/319/319
f 276/319/319 535/328/328 407/325/325
f 276/319/319 407/325/325 406/326/326
f 797/321/321 532/339/339 798/320/320
f 798/320/320 532/339/339 533/340/340
f 798/320/320 533/340/340 534/327/327
f 534/327/327 533/340/340 406/326/326
f 406/326/326 533/340/340 405/337/337
f 406/326/326 405/337/337 276/319/319
f 276/319/319 405/337/337 275/324/324
f 275/324/324 405/337/337 404/338/338
f 275/324/324 404/338/338 403/345/345
f 403/345/345 404/338/338 531/348/348
f 531/348/348 404/338/338 532/339/339
f 531/348/348 532/339/339 797/321/321
f 410/322/322 524/331/331 797/321/321
f 797/321/321 524/331/331 525/332/332
f 797/321/321 525/332/332 526/343/343
f 526/343/343 525/332/332 398/342/342
f 398/342/342 525/332/332 397/329/329
f 398/342/342 397/329/329 275/324/324
f 275/324/324 397/329/329 396/330/330
f 275/324/324 396/330/330 411/323/323
f 411/323/323 396/330/330 524/331/331
f 411/323/323 524/331/331 410/322/322
f 534/327/327 535/328/328 798/320/320
f 400/334/334 275/324/324 401/333/333
f 401/333/333 275/324/324 402/346/346
f 401/333/333 402/346/346 529/336/336
f 529/336/336 402/346/346 530/347/347
f 529/336/336 530/347/347 797/321/321
f 797/321/321 530/347/347 531/348/348
f 528/335/335 527/344/344 400/334/334
f 400/334/334 527/344/344 399/341/341
f 400/334/334 399/341/341 275/324/324
f 275/324/324 399/341/341 398/342/342
f 527/344/344 528/335/335 797/321/321
f 797/321/321 528/335/335 529/336/336
f 526/343/343 527/344/344 797/321/321
f 403/345/345 402/346/346 275/324/324
f 409/349/349 322/350/350 408/357/357
f 408/357/357 322/350/350 320/356/356
f 320/356/356 322/350/350 318/351/351
f 320/356/356 318/351/351 316/355/355
f 316/355/355 318/351/351 314/352/352
f 316/355/355 314/352/352 300/354/354
f 300/354/354 314/352/352 301/353/353
f 301/359/359 299/360/360 300/358/358
f 300/358/358 299/360/360 294/369/369
f 294/369/369 299/360/360 298/361/361
f 294/369/369 298/361/361 297/362/362
f 295/363/363 290/366/366 297/362/362
f 297/362/362 290/366/366 292/367/367
f 297/362/362 292/367/367 293/368/368
f 296/364/364 291/365/365 295/363/363
f 295/363/363 291/365/365 290/366/366
f 293/368/368 294/369/369 297/362/362
f 289/370/370 284/371/371 313/373/373
f 313/373/373 284/371/371 308/372/372
f 284/374/374 283/375/375 308/377/377
f 308/377/377 283/375/375 307/376/376
f 307/385/385 283/378/378 306/384/384
f 306/384/384 283/378/378 282/379/379
f 306/384/384 282/379/379 305/383/383
f 305/383/383 282/379/379 281/380/380
f 305/383/383 281/380/380 304/382/382
f 304/382/382 281/380/380 280/381/381
f 280/386/386 279/387/387 304/389/389
f 304/389/389 279/387/387 303/388/388
f 303/398/398 279/390/390 315/397/397
f 315/397/397 279/390/390 278/391/391
f 315/397/397 278/391/391 319/396/396
f 319/396/396 278/391/391 277/392/392
f 319/396/396 277/392/392 323/395/395
f 323/395/395 277/392/392 275/393/393
f 323/395/395 275/393/393 411/394/394
f 309/406/406 285/399/399 310/405/405
f 310/405/405 285/399/399 286/400/400
f 310/405/405 286/400/400 311/404/404
f 311/404/404 286/400/400 287/401/401
f 311/404/404 287/401/401 312/403/403
f 312/403/403 287/401/401 288/402/402
f 288/407/407 289/408/408 312/410/410
f 312/410/410 289/408/408 313/409/409
f 303/411/411 302/412/412 304/422/422
f 304/422/422 302/412/412 309/413/413
f 304/422/422 309/413/413 305/421/421
f 305/421/421 309/413/413 306/420/420
f 306/420/420 309/413/413 310/414/414
f 306/420/420 310/414/414 311/415/415
f 311/415/415 312/416/416 306/420/420
f 306/420/420 312/416/416 307/419/419
f 307/419/419 312/416/416 313/417/417
f 307/419/419 313/417/417 308/418/418
f 430/424/424 426/425/425 431/423/423
f 431/423/423 426/425/425 427/430/430
f 427/430/430 426/425/425 422/426/426
f 427/430/430 422/426/426 423/429/429
f 423/429/429 422/426/426 419/428/428
f 419/428/428 422/426/426 418/427/427
f 431/432/432 427/433/433 435/431/431
f 435/431/431 427/433/433 439/438/438
f 439/438/438 427/433/433 423/434/434
f 439/438/438 423/434/434 443/437/437
f 443/437/437 423/434/434 451/436/436
f 451/436/436 423/434/434 419/435/435
f 435/440/440 439/441/441 434/439/439
f 434/439/439 439/441/441 438/446/446
f 438/446/446 439/441/441 443/442/442
f 438/446/446 443/442/442 442/445/445
f 442/445/445 443/442/442 450/444/444
f 450/444/444 443/442/442 451/443/443
f 450/447/447 418/448/448 442/454/454
f 442/454/454 418/448/448 422/449/449
f 442/454/454 422/449/449 426/450/450
f 442/454/454 426/450/450 438/453/453
f 438/453/453 426/450/450 430/451/451
f 438/453/453 430/451/451 434/452/452
f 419/455/455 418/456/456 417/458/458
f 417/458/458 418/456/456 416/457/457
f 430/459/459 431/460/460 434/462/462
f 434/462/462 431/460/460 435/461/461
f 450/463/463 451/464/464 448/466/466
f 448/466/466 451/464/464 449/465/465
f 416/468/468 261/469/469 417/467/467
f 417/467/467 261/469/469 262/470/470
f 393/472/472 387/473/473 403/471/471
f 403/471/471 387/473/473 372/476/476
f 403/471/471 372/476/476 402/477/477
f 387/473/473 381/474/474 372/476/476
f 372/476/476 381/474/474 373/475/475
f 500/479/479 530/480/480 372/478/478
f 372/478/478 530/480/480 402/481/481
f 403/482/482 531/483/483 393/491/491
f 393/491/491 531/483/483 521/484/484
f 393/491/491 521/484/484 387/490/490
f 387/490/490 521/484/484 515/485/485
f 387/490/490 515/485/485 381/489/489
f 381/489/489 515/485/485 509/486/486
f 381/489/489 509/486/486 373/488/488
f 373/488/488 509/486/486 501/487/487
f 501/492/492 509/493/493 500/498/498
f 500/498/498 509/493/493 515/494/494
f 500/498/498 515/494/494 531/496/496
f 531/496/496 515/494/494 521/495/495
f 531/496/496 530/497/497 500/498/498
f 391/500/500 385/501/501 399/499/499
f 399/499/499 385/501/501 368/504/504
f 399/499/499 368/504/504 398/505/505
f 385/501/501 379/502/502 368/504/504
f 368/504/504 379/502/502 369/503/503
f 496/507/507 526/508/508 368/506/506
f 368/506/506 526/508/508 398/509/509
f 399/510/510 527/511/511 391/519/519
f 391/519/519 527/511/511 519/512/512
f 391/519/519 519/512/512 385/518/518
f 385/518/518 519/512/512 513/513/513
f 385/518/518 513/513/513 379/517/517
f 379/517/517 513/513/513 507/514/514
f 379/517/517 507/514/514 369/516/516
f 369/516/516 507/514/514 497/515/515
f 497/520/520 507/521/521 496/526/526
f 496/526/526 507/521/521 513/522/522
f 496/526/526 513/522/522 527/524/524
f 527/524/524 513/522/522 519/523/523
f 527/524/524 526/525/525 496/526/526
f 394/528/528 388/529/529 405/527/527
f 405/527/527 388/529/529 374/532/532
f 405/527/527 374/532/532 404/533/533
f 388/529/529 382/530/530 374/532/532
f 374/532/532 382/530/530 375/531/531
f 502/535/535 532/536/536 374/534/534
f 374/534/534 532/536/536 404/537/537
f 405/538/538 533/539/539 394/547/547
f 394/547/547 533/539/539 522/540/540
f 394/547/547 522/540/540 388/546/546
f 388/546/546 522/540/540 516/541/541
f 388/546/546 516/541/541 382/545/545
f 382/545/545 516/541/541 510/542/542
f 382/545/545 510/542/542 375/544/544
f 375/544/544 510/542/542 503/543/543
f 503/548/548 510/549/549 502/554/554
f 502/554/554 510/549/549 516/550/550
f 502/554/554 516/550/550 533/552/552
f 533/552/552 516/550/550 522/551/551
f 533/552/552 532/553/553 502/554/554
f 392/556/556 386/557/557 401/555/555
f 401/555/555 386/557/557 370/560/560
f 401/555/555 370/560/560 400/561/561
f 386/557/557 380/558/558 370/560/560
f 370/560/560 380/558/558 371/559/559
f 498/563/563 528/564/564 370/562/562
f 370/562/562 528/564/564 400/565/565
f 401/566/566 529/567/567 392/575/575
f 392/575/575 529/567/567 520/568/568
f 392/575/575 520/568/568 386/574/574
f 386/574/574 520/568/568 514/569/569
f 386/574/574 514/569/569 380/573/573
f 380/573/573 514/569/569 508/570/570
f 380/573/573 508/570/570 371/572/572
f 371/572/572 508/570/570 499/571/571
f 499/576/576 508/577/577 498/582/582
f 498/582/582 508/577/577 514/578/578
f 498/582/582 514/578/578 529/580/580
f 529/580/580 514/578/578 520/579/579
f 529/580/580 528/581/581 498/582/582
f 390/584/584 384/585/585 397/583/583
f 397/583/583 384/585/585 366/588/588
f 397/583/583 366/588/588 396/589/589
f 384/585/585 378/586/586 366/588/588
f 366/588/588 378/586/586 367/587/587
f 494/591/591 524/592/592 366/590/590
f 366/590/590 524/592/592 396/593/593
f 397/594/594 525/595/595 390/603/603
f 390/603/603 525/595/595 518/596/596
f 390/603/603 518/596/596 384/602/602
f 384/602/602 518/596/596 512/597/597
f 384/602/602 512/597/597 378/601/601
f 378/601/601 512/597/597 506/598/598
f 378/601/601 506/598/598 367/600/600
f 367/600/600 506/598/598 495/599/599
f 495/604/604 506/605/605 494/610/610
f 494/610/610 506/605/605 512/606/606
f 494/610/610 512/606/606 525/608/608
f 525/608/608 512/606/606 518/607/607
f 525/608/608 524/609/609 494/610/610
f 395/612/612 389/613/613 407/611/611
f 407/611/611 389/613/613 376/616/616
f 407/611/611 376/616/616 406/617/617
f 389/613/613 383/614/614 376/616/616
f 376/616/616 383/614/614 377/615/615
f 504/619/619 534/620/620 376/618/618
f 376/618/618 534/620/620 406/621/621
f 407/622/622 535/623/623 395/631/631
f 395/631/631 535/623/623 523/624/624
f 395/631/631 523/624/624 389/630/630
f 389/630/630 523/624/624 517/625/625
f 389/630/630 517/625/625 383/629/629
f 383/629/629 517/625/625 511/626/626
f 383/629/629 511/626/626 377/628/628
f 377/628/628 511/626/626 505/627/627
f 505/632/632 511/633/633 504/638/638
f 504/638/638 511/633/633 517/634/634
f 504/638/638 517/634/634 535/636/636
f 535/636/636 517/634/634 523/635/635
f 535/636/636 534/637/637 504/638/638
f 7/639/639 2/640/640 296/642/642
f 296/642/642 2/640/640 291/641/641
f 6/643/643 7/644/644 295/646/646
f 295/646/646 7/644/644 296/645/645
f 299/654/654 10/647/647 298/653/653
f 298/653/653 10/647/647 9/648/648
f 298/653/653 9/648/648 297/652/652
f 297/652/652 9/648/648 8/649/649
f 297/652/652 8/649/649 295/651/651
f 295/651/651 8/649/649 6/650/650
f 11/655/655 10/656/656 301/658/658
f 301/658/658 10/656/656 299/657/657
f 409/667/667 14/659/659 322/666/666
f 322/666/666 14/659/659 13/660/660
f 322/666/666 13/660/660 318/665/665
f 318/665/665 13/660/660 12/661/661
f 318/665/665 12/661/661 314/664/664
f 314/664/664 12/661/661 11/662/662
f 314/664/664 11/662/662 301/663/663
f 290/675/675 1/668/668 292/674/674
f 292/674/674 1/668/668 3/669/669
f 292/674/674 3/669/669 293/673/673
f 293/673/673 3/669/669 4/670/670
f 293/673/673 4/670/670 294/672/672
f 294/672/672 4/670/670 5/671/671
f 2/676/676 1/677/677 291/679/679
f 291/679/679 1/677/677 290/678/678
f 15/681/681 463/688/688 537/680/680
f 537/680/680 463/688/688 462/689/689
f 537/680/680 462/689/689 461/700/700
f 461/700/700 462/689/689 333/699/699
f 333/699/699 462/689/689 334/686/686
f 333/699/699 334/686/686 15/681/681
f 15/681/681 334/686/686 335/687/687
f 15/681/681 335/687/687 463/688/688
f 15/681/681 14/682/682 333/699/699
f 333/699/699 14/682/682 332/698/698
f 332/698/698 14/682/682 331/707/707
f 332/698/698 331/707/707 460/701/701
f 460/701/701 331/707/707 459/708/708
f 460/701/701 459/708/708 536/685/685
f 536/685/685 459/708/708 458/709/709
f 536/685/685 458/709/709 457/696/696
f 457/696/696 458/709/709 329/695/695
f 329/695/695 458/709/709 330/706/706
f 329/695/695 330/706/706 14/682/682
f 14/682/682 330/706/706 331/707/707
f 409/683/683 324/690/690 14/682/682
f 14/682/682 324/690/690 325/691/691
f 14/682/682 325/691/691 326/702/702
f 326/702/702 325/691/691 454/705/705
f 454/705/705 325/691/691 453/692/692
f 454/705/705 453/692/692 536/685/685
f 536/685/685 453/692/692 452/693/693
f 536/685/685 452/693/693 408/684/684
f 408/684/684 452/693/693 409/683/683
f 409/683/683 452/693/693 324/690/690
f 536/685/685 537/680/680 460/701/701
f 460/701/701 537/680/680 461/700/700
f 329/695/695 14/682/682 328/694/694
f 328/694/694 14/682/682 327/703/703
f 328/694/694 327/703/703 456/697/697
f 456/697/697 327/703/703 455/704/704
f 456/697/697 455/704/704 536/685/685
f 536/685/685 455/704/704 454/705/705
f 457/696/696 456/697/697 536/685/685
f 326/702/702 327/703/703 14/682/682
f 428/710/710 429/711/711 424/717/717
f 424/717/717 429/711/711 425/712/712
f 424/717/717 425/712/712 420/716/716
f 420/716/716 425/712/712 421/713/713
f 420/716/716 421/713/713 412/715/715
f 412/715/715 421/713/713 413/714/714
f 429/718/718 433/719/719 425/725/725
f 425/725/725 433/719/719 437/720/720
f 425/725/725 437/720/720 421/724/724
f 421/724/724 437/720/720 441/721/721
f 421/724/724 441/721/721 413/723/723
f 413/723/723 441/721/721 445/722/722
f 432/727/727 436/728/728 433/726/726
f 433/726/726 436/728/728 437/733/733
f 437/733/733 436/728/728 440/729/729
f 437/733/733 440/729/729 441/732/732
f 441/732/732 440/729/729 444/730/730
f 441/732/732 444/730/730 445/731/731
f 444/735/735 440/736/736 412/734/734
f 412/734/734 440/736/736 420/741/741
f 420/741/741 440/736/736 436/737/737
f 420/741/741 436/737/737 424/740/740
f 424/740/740 436/737/737 432/738/738
f 424/740/740 432/738/738 428/739/739
f 412/743/743 414/744/744 444/742/742
f 444/742/742 414/744/744 446/753/753
f 446/753/753 414/744/744 416/747/747
f 446/753/753 416/747/747 448/750/750
f 448/750/750 416/747/747 418/748/748
f 448/750/750 418/748/748 450/749/749
f 414/744/744 23/745/745 416/747/747
f 416/747/747 23/745/745 261/746/746
f 783/751/751 545/752/752 448/750/750
f 448/750/750 545/752/752 446/753/753
f 412/754/754 413/755/755 414/757/757
f 414/757/757 413/755/755 415/756/756
f 429/758/758 428/759/759 433/761/761
f 433/761/761 428/759/759 432/760/760
f 445/762/762 444/763/763 447/765/765
f 447/765/765 444/763/763 446/764/764
f 414/766/766 415/767/767 23/769/769
f 23/769/769 415/767/767 24/768/768
f 446/771/771 545/772/772 447/770/770
f 447/770/770 545/772/772 546/773/773
f 361/774/774 351/775/775 360/780/780
f 360/780/780 351/775/775 345/776/776
f 360/780/780 345/776/776 331/778/778
f 331/778/778 345/776/776 339/777/777
f 331/778/778 330/779/779 360/780/780
f 360/782/782 330/783/783 488/781/781
f 488/781/781 330/783/783 458/784/784
f 459/785/785 331/786/786 467/794/794
f 467/794/794 331/786/786 339/787/787
f 467/794/794 339/787/787 473/793/793
f 473/793/793 339/787/787 345/788/788
f 473/793/793 345/788/788 479/792/792
f 479/792/792 345/788/788 351/789/789
f 479/792/792 351/789/789 489/791/791
f 489/791/791 351/789/789 361/790/790
f 467/796/796 473/797/797 459/795/795
f 459/795/795 473/797/797 488/800/800
f 459/795/795 488/800/800 458/801/801
f 473/797/797 479/798/798 488/800/800
f 488/800/800 479/798/798 489/799/799
f 357/802/802 349/803/803 356/808/808
f 356/808/808 349/803/803 343/804/804
f 356/808/808 343/804/804 327/806/806
f 327/806/806 343/804/804 337/805/805
f 327/806/806 326/807/807 356/808/808
f 356/810/810 326/811/811 484/809/809
f 484/809/809 326/811/811 454/812/812
f 455/813/813 327/814/814 465/822/822
f 465/822/822 327/814/814 337/815/815
f 465/822/822 337/815/815 471/821/821
f 471/821/821 337/815/815 343/816/816
f 471/821/821 343/816/816 477/820/820
f 477/820/820 343/816/816 349/817/817
f 477/820/820 349/817/817 485/819/819
f 485/819/819 349/817/817 357/818/818
f 465/824/824 471/825/825 455/823/823
f 455/823/823 471/825/825 484/828/828
f 455/823/823 484/828/828 454/829/829
f 471/825/825 477/826/826 484/828/828
f 484/828/828 477/826/826 485/827/827
f 363/830/830 352/831/831 362/836/836
f 362/836/836 352/831/831 346/832/832
f 362/836/836 346/832/832 333/834/834
f 333/834/834 346/832/832 340/833/833
f 333/834/834 332/835/835 362/836/836
f 362/838/838 332/839/839 490/837/837
f 490/837/837 332/839/839 460/840/840
f 461/841/841 333/842/842 468/850/850
f 468/850/850 333/842/842 340/843/843
f 468/850/850 340/843/843 474/849/849
f 474/849/849 340/843/843 346/844/844
f 474/849/849 346/844/844 480/848/848
f 480/848/848 346/844/844 352/845/845
f 480/848/848 352/845/845 491/847/847
f 491/847/847 352/845/845 363/846/846
f 468/852/852 474/853/853 461/851/851
f 461/851/851 474/853/853 490/856/856
f 461/851/851 490/856/856 460/857/857
f 474/853/853 480/854/854 490/856/856
f 490/856/856 480/854/854 491/855/855
f 359/858/858 350/859/859 358/864/864
f 358/864/864 350/859/859 344/860/860
f 358/864/864 344/860/860 329/862/862
f 329/862/862 344/860/860 338/861/861
f 329/862/862 328/863/863 358/864/864
f 358/866/866 328/867/867 486/865/865
f 486/865/865 328/867/867 456/868/868
f 457/869/869 329/870/870 466/878/878
f 466/878/878 329/870/870 338/871/871
f 466/878/878 338/871/871 472/877/877
f 472/877/877 338/871/871 344/872/872
f 472/877/877 344/872/872 478/876/876
f 478/876/876 344/872/872 350/873/873
f 478/876/876 350/873/873 487/875/875
f 487/875/875 350/873/873 359/874/874
f 466/880/880 472/881/881 457/879/879
f 457/879/879 472/881/881 486/884/884
f 457/879/879 486/884/884 456/885/885
f 472/881/881 478/882/882 486/884/884
f 486/884/884 478/882/882 487/883/883
f 355/886/886 348/887/887 354/892/892
f 354/892/892 348/887/887 342/888/888
f 354/892/892 342/888/888 325/890/890
f 325/890/890 342/888/888 336/889/889
f 325/890/890 324/891/891 354/892/892
f 354/894/894 324/895/895 482/893/893
f 482/893/893 324/895/895 452/896/896
f 453/897/897 325/898/898 464/906/906
f 464/906/906 325/898/898 336/899/899
f 464/906/906 336/899/899 470/905/905
f 470/905/905 336/899/899 342/900/900
f 470/905/905 342/900/900 476/904/904
f 476/904/904 342/900/900 348/901/901
f 476/904/904 348/901/901 483/903/903
f 483/903/903 348/901/901 355/902/902
f 464/908/908 470/909/909 453/907/907
f 453/907/907 470/909/909 482/912/912
f 453/907/907 482/912/912 452/913/913
f 470/909/909 476/910/910 482/912/912
f 482/912/912 476/910/910 483/911/911
f 365/914/914 353/915/915 364/920/920
f 364/920/920 353/915/915 347/916/916
f 364/920/920 347/916/916 335/918/918
f 335/918/918 347/916/916 341/917/917
f 335/918/918 334/919/919 364/920/920
f 364/922/922 334/923/923 492/921/921
f 492/921/921 334/923/923 462/924/924
f 463/925/925 335/926/926 469/934/934
f 469/934/934 335/926/926 341/927/927
f 469/934/934 341/927/927 475/933/933
f 475/933/933 341/927/927 347/928/928
f 475/933/933 347/928/928 481/932/932
f 481/932/932 347/928/928 353/929/929
f 481/932/932 353/929/929 493/931/931
f 493/931/931 353/929/929 365/930/930
f 469/936/936 475/937/937 463/935/935
f 463/935/935 475/937/937 492/940/940
f 463/935/935 492/940/940 462/941/941
f 475/937/937 481/938/938 492/940/940
f 492/940/940 481/938/938 493/939/939
f 542/949/949 20/942/942 543/948/948
f 543/948/948 20/942/942 21/943/943
f 543/948/948 21/943/943 544/947/947
f 544/947/947 21/943/943 22/944/944
f 544/947/947 22/944/944 551/946/946
f 551/946/946 22/944/944 29/945/945
f 29/951/951 169/952/952 551/950/950
f 551/950/950 169/952/952 691/953/953
f 789/961/961 267/954/954 790/960/960
f 790/960/960 267/954/954 268/955/955
f 790/960/960 268/955/955 791/959/959
f 791/959/959 268/955/955 269/956/956
f 791/959/959 269/956/956 793/958/958
f 793/958/958 269/956/956 271/957/957
f 373/963/963 270/988/988 372/962/962
f 372/962/962 270/988/988 371/975/975
f 372/962/962 371/975/975 500/965/965
f 500/965/965 371/975/975 499/976/976
f 500/965/965 499/976/976 792/989/989
f 792/989/989 499/976/976 498/977/977
f 792/989/989 498/977/977 497/968/968
f 497/968/968 498/977/977 369/967/967
f 369/967/967 498/977/977 370/974/974
f 369/967/967 370/974/974 270/988/988
f 270/988/988 370/974/974 371/975/975
f 501/964/964 502/973/973 373/963/963
f 373/963/963 502/973/973 374/970/970
f 373/963/963 374/970/970 270/988/988
f 270/988/988 374/970/970 271/987/987
f 271/987/987 374/970/970 375/971/971
f 271/987/987 375/971/971 376/982/982
f 376/982/982 375/971/971 504/985/985
f 504/985/985 375/971/971 503/972/972
f 504/985/985 503/972/972 793/986/986
f 793/986/986 503/972/972 502/973/973
f 793/986/986 502/973/973 792/989/989
f 792/989/989 502/973/973 501/964/964
f 792/989/989 501/964/964 500/965/965
f 369/967/967 270/988/988 368/966/966
f 368/966/966 270/988/988 367/979/979
f 368/966/966 367/979/979 496/969/969
f 496/969/969 367/979/979 495/980/980
f 496/969/969 495/980/980 792/989/989
f 792/989/989 495/980/980 494/981/981
f 792/989/989 494/981/981 270/988/988
f 270/988/988 494/981/981 366/978/978
f 270/988/988 366/978/978 367/979/979
f 497/968/968 496/969/969 792/989/989
f 376/982/982 377/983/983 271/987/987
f 271/987/987 377/983/983 505/984/984
f 271/987/987 505/984/984 793/986/986
f 793/986/986 505/984/984 504/985/985
f 285/991/991 302/993/993 270/990/990
f 270/990/990 302/993/993 317/994/994
f 270/990/990 317/994/994 321/995/995
f 285/991/991 309/992/992 302/993/993
f 321/995/995 410/996/996 270/990/990
f 270/990/990 410/996/996 792/998/998
f 792/998/998 410/996/996 797/997/997
f 789/1000/1000 762/1001/1001 267/999/999
f 267/999/999 762/1001/1001 240/1002/1002
f 689/1020/1020 167/1003/1003 711/1019/1019
f 711/1019/1019 167/1003/1003 189/1004/1004
f 711/1019/1019 189/1004/1004 742/1018/1018
f 742/1018/1018 189/1004/1004 220/1005/1005
f 742/1018/1018 220/1005/1005 761/1017/1017
f 761/1017/1017 220/1005/1005 239/1006/1006
f 761/1017/1017 239/1006/1006 771/1016/1016
f 771/1016/1016 239/1006/1006 249/1007/1007
f 771/1016/1016 249/1007/1007 781/1015/1015
f 781/1015/1015 249/1007/1007 259/1008/1008
f 781/1015/1015 259/1008/1008 782/1014/1014
f 782/1014/1014 259/1008/1008 260/1009/1009
f 782/1014/1014 260/1009/1009 772/1013/1013
f 772/1013/1013 260/1009/1009 250/1010/1010
f 772/1013/1013 250/1010/1010 762/1012/1012
f 762/1012/1012 250/1010/1010 240/1011/1011
f 146/1021/1021 167/1022/1022 668/1024/1024
f 668/1024/1024 167/1022/1022 689/1023/1023
f 667/1044/1044 145/1025/1025 645/1043/1043
f 645/1043/1043 145/1025/1025 123/1026/1026
f 645/1043/1043 123/1026/1026 625/1042/1042
f 625/1042/1042 123/1026/1026 103/1027/1027
f 625/1042/1042 103/1027/1027 613/1041/1041
f 613/1041/1041 103/1027/1027 91/1028/1028
f 613/1041/1041 91/1028/1028 594/1040/1040
f 594/1040/1040 91/1028/1028 72/1029/1029
f 594/1040/1040 72/1029/1029 595/1039/1039
f 595/1039/1039 72/1029/1029 73/1030/1030
f 595/1039/1039 73/1030/1030 614/1038/1038
f 614/1038/1038 73/1030/1030 92/1031/1031
f 614/1038/1038 92/1031/1031 626/1037/1037
f 626/1037/1037 92/1031/1031 104/1032/1032
f 626/1037/1037 104/1032/1032 646/1036/1036
f 646/1036/1036 104/1032/1032 124/1033/1033
f 646/1036/1036 124/1033/1033 668/1035/1035
f 668/1035/1035 124/1033/1033 146/1034/1034
f 166/1045/1045 145/1046/1046 688/1048/1048
f 688/1048/1048 145/1046/1046 667/1047/1047
f 685/1074/1074 163/1049/1049 709/1073/1073
f 709/1073/1073 163/1049/1049 187/1050/1050
f 709/1073/1073 187/1050/1050 740/1072/1072
f 740/1072/1072 187/1050/1050 218/1051/1051
f 740/1072/1072 218/1051/1051 759/1071/1071
f 759/1071/1071 218/1051/1051 237/1052/1052
f 759/1071/1071 237/1052/1052 769/1070/1070
f 769/1070/1070 237/1052/1052 247/1053/1053
f 769/1070/1070 247/1053/1053 779/1069/1069
f 779/1069/1069 247/1053/1053 257/1054/1054
f 779/1069/1069 257/1054/1054 788/1068/1068
f 788/1068/1068 257/1054/1054 266/1055/1055
f 788/1068/1068 266/1055/1055 780/1067/1067
f 780/1067/1067 266/1055/1055 258/1056/1056
f 780/1067/1067 258/1056/1056 770/1066/1066
f 770/1066/1066 258/1056/1056 248/1057/1057
f 770/1066/1066 248/1057/1057 760/1065/1065
f 760/1065/1065 248/1057/1057 238/1058/1058
f 760/1065/1065 238/1058/1058 741/1064/1064
f 741/1064/1064 238/1058/1058 219/1059/1059
f 741/1064/1064 219/1059/1059 710/1063/1063
f 710/1063/1063 219/1059/1059 188/1060/1060
f 710/1063/1063 188/1060/1060 688/1062/1062
f 688/1062/1062 188/1060/1060 166/1061/1061
f 142/1075/1075 163/1076/1076 664/1078/1078
f 664/1078/1078 163/1076/1076 685/1077/1077
f 663/1098/1098 141/1079/1079 643/1097/1097
f 643/1097/1097 141/1079/1079 121/1080/1080
f 643/1097/1097 121/1080/1080 623/1096/1096
f 623/1096/1096 121/1080/1080 101/1081/1081
f 623/1096/1096 101/1081/1081 611/1095/1095
f 611/1095/1095 101/1081/1081 89/1082/1082
f 611/1095/1095 89/1082/1082 592/1094/1094
f 592/1094/1094 89/1082/1082 70/1083/1083
f 592/1094/1094 70/1083/1083 593/1093/1093
f 593/1093/1093 70/1083/1083 71/1084/1084
f 593/1093/1093 71/1084/1084 612/1092/1092
f 612/1092/1092 71/1084/1084 90/1085/1085
f 612/1092/1092 90/1085/1085 624/1091/1091
f 624/1091/1091 90/1085/1085 102/1086/1086
f 624/1091/1091 102/1086/1086 644/1090/1090
f 644/1090/1090 102/1086/1086 122/1087/1087
f 644/1090/1090 122/1087/1087 664/1089/1089
f 664/1089/1089 122/1087/1087 142/1088/1088
f 162/1099/1099 141/1100/1100 684/1102/1102
f 684/1102/1102 141/1100/1100 663/1101/1101
f 681/1128/1128 159/1103/1103 707/1127/1127
f 707/1127/1127 159/1103/1103 185/1104/1104
f 707/1127/1127 185/1104/1104 738/1126/1126
f 738/1126/1126 185/1104/1104 216/1105/1105
f 738/1126/1126 216/1105/1105 757/1125/1125
f 757/1125/1125 216/1105/1105 235/1106/1106
f 757/1125/1125 235/1106/1106 767/1124/1124
f 767/1124/1124 235/1106/1106 245/1107/1107
f 767/1124/1124 245/1107/1107 777/1123/1123
f 777/1123/1123 245/1107/1107 255/1108/1108
f 777/1123/1123 255/1108/1108 787/1122/1122
f 787/1122/1122 255/1108/1108 265/1109/1109
f 787/1122/1122 265/1109/1109 778/1121/1121
f 778/1121/1121 265/1109/1109 256/1110/1110
f 778/1121/1121 256/1110/1110 768/1120/1120
f 768/1120/1120 256/1110/1110 246/1111/1111
f 768/1120/1120 246/1111/1111 758/1119/1119
f 758/1119/1119 246/1111/1111 236/1112/1112
f 758/1119/1119 236/1112/1112 739/1118/1118
f 739/1118/1118 236/1112/1112 217/1113/1113
f 739/1118/1118 217/1113/1113 708/1117/1117
f 708/1117/1117 217/1113/1113 186/1114/1114
f 708/1117/1117 186/1114/1114 684/1116/1116
f 684/1116/1116 186/1114/1114 162/1115/1115
f 138/1129/1129 159/1130/1130 660/1132/1132
f 660/1132/1132 159/1130/1130 681/1131/1131
f 659/1152/1152 137/1133/1133 641/1151/1151
f 641/1151/1151 137/1133/1133 119/1134/1134
f 641/1151/1151 119/1134/1134 621/1150/1150
f 621/1150/1150 119/1134/1134 99/1135/1135
f 621/1150/1150 99/1135/1135 609/1149/1149
f 609/1149/1149 99/1135/1135 87/1136/1136
f 609/1149/1149 87/1136/1136 590/1148/1148
f 590/1148/1148 87/1136/1136 68/1137/1137
f 590/1148/1148 68/1137/1137 591/1147/1147
f 591/1147/1147 68/1137/1137 69/1138/1138
f 591/1147/1147 69/1138/1138 610/1146/1146
f 610/1146/1146 69/1138/1138 88/1139/1139
f 610/1146/1146 88/1139/1139 622/1145/1145
f 622/1145/1145 88/1139/1139 100/1140/1140
f 622/1145/1145 100/1140/1140 642/1144/1144
f 642/1144/1144 100/1140/1140 120/1141/1141
f 642/1144/1144 120/1141/1141 660/1143/1143
f 660/1143/1143 120/1141/1141 138/1142/1142
f 158/1153/1153 137/1154/1154 680/1156/1156
f 680/1156/1156 137/1154/1154 659/1155/1155
f 677/1182/1182 155/1157/1157 705/1181/1181
f 705/1181/1181 155/1157/1157 183/1158/1158
f 705/1181/1181 183/1158/1158 736/1180/1180
f 736/1180/1180 183/1158/1158 214/1159/1159
f 736/1180/1180 214/1159/1159 755/1179/1179
f 755/1179/1179 214/1159/1159 233/1160/1160
f 755/1179/1179 233/1160/1160 765/1178/1178
f 765/1178/1178 233/1160/1160 243/1161/1161
f 765/1178/1178 243/1161/1161 775/1177/1177
f 775/1177/1177 243/1161/1161 253/1162/1162
f 775/1177/1177 253/1162/1162 786/1176/1176
f 786/1176/1176 253/1162/1162 264/1163/1163
f 786/1176/1176 264/1163/1163 776/1175/1175
f 776/1175/1175 264/1163/1163 254/1164/1164
f 776/1175/1175 254/1164/1164 766/1174/1174
f 766/1174/1174 254/1164/1164 244/1165/1165
f 766/1174/1174 244/1165/1165 756/1173/1173
f 756/1173/1173 244/1165/1165 234/1166/1166
f 756/1173/1173 234/1166/1166 737/1172/1172
f 737/1172/1172 234/1166/1166 215/1167/1167
f 737/1172/1172 215/1167/1167 706/1171/1171
f 706/1171/1171 215/1167/1167 184/1168/1168
f 706/1171/1171 184/1168/1168 680/1170/1170
f 680/1170/1170 184/1168/1168 158/1169/1169
f 134/1183/1183 155/1184/1184 656/1186/1186
f 656/1186/1186 155/1184/1184 677/1185/1185
f 655/1206/1206 133/1187/1187 639/1205/1205
f 639/1205/1205 133/1187/1187 117/1188/1188
f 639/1205/1205 117/1188/1188 619/1204/1204
f 619/1204/1204 117/1188/1188 97/1189/1189
f 619/1204/1204 97/1189/1189 607/1203/1203
f 607/1203/1203 97/1189/1189 85/1190/1190
f 607/1203/1203 85/1190/1190 588/1202/1202
f 588/1202/1202 85/1190/1190 66/1191/1191
f 588/1202/1202 66/1191/1191 589/1201/1201
f 589/1201/1201 66/1191/1191 67/1192/1192
f 589/1201/1201 67/1192/1192 608/1200/1200
f 608/1200/1200 67/1192/1192 86/1193/1193
f 608/1200/1200 86/1193/1193 620/1199/1199
f 620/1199/1199 86/1193/1193 98/1194/1194
f 620/1199/1199 98/1194/1194 640/1198/1198
f 640/1198/1198 98/1194/1194 118/1195/1195
f 640/1198/1198 118/1195/1195 656/1197/1197
f 656/1197/1197 118/1195/1195 134/1196/1196
f 154/1207/1207 133/1208/1208 676/1210/1210
f 676/1210/1210 133/1208/1208 655/1209/1209
f 673/1236/1236 151/1211/1211 703/1235/1235
f 703/1235/1235 151/1211/1211 181/1212/1212
f 703/1235/1235 181/1212/1212 734/1234/1234
f 734/1234/1234 181/1212/1212 212/1213/1213
f 734/1234/1234 212/1213/1213 753/1233/1233
f 753/1233/1233 212/1213/1213 231/1214/1214
f 753/1233/1233 231/1214/1214 763/1232/1232
f 763/1232/1232 231/1214/1214 241/1215/1215
f 763/1232/1232 241/1215/1215 773/1231/1231
f 773/1231/1231 241/1215/1215 251/1216/1216
f 773/1231/1231 251/1216/1216 785/1230/1230
f 785/1230/1230 251/1216/1216 263/1217/1217
f 785/1230/1230 263/1217/1217 774/1229/1229
f 774/1229/1229 263/1217/1217 252/1218/1218
f 774/1229/1229 252/1218/1218 764/1228/1228
f 764/1228/1228 252/1218/1218 242/1219/1219
f 764/1228/1228 242/1219/1219 754/1227/1227
f 754/1227/1227 242/1219/1219 232/1220/1220
f 754/1227/1227 232/1220/1220 735/1226/1226
f 735/1226/1226 232/1220/1220 213/1221/1221
f 735/1226/1226 213/1221/1221 704/1225/1225
f 704/1225/1225 213/1221/1221 182/1222/1222
f 704/1225/1225 182/1222/1222 676/1224/1224
f 676/1224/1224 182/1222/1222 154/1223/1223
f 130/1237/1237 151/1238/1238 652/1240/1240
f 652/1240/1240 151/1238/1238 673/1239/1239
f 651/1260/1260 129/1241/1241 637/1259/1259
f 637/1259/1259 129/1241/1241 115/1242/1242
f 637/1259/1259 115/1242/1242 617/1258/1258
f 617/1258/1258 115/1242/1242 95/1243/1243
f 617/1258/1258 95/1243/1243 605/1257/1257
f 605/1257/1257 95/1243/1243 83/1244/1244
f 605/1257/1257 83/1244/1244 586/1256/1256
f 586/1256/1256 83/1244/1244 64/1245/1245
f 586/1256/1256 64/1245/1245 587/1255/1255
f 587/1255/1255 64/1245/1245 65/1246/1246
f 587/1255/1255 65/1246/1246 606/1254/1254
f 606/1254/1254 65/1246/1246 84/1247/1247
f 606/1254/1254 84/1247/1247 618/1253/1253
f 618/1253/1253 84/1247/1247 96/1248/1248
f 618/1253/1253 96/1248/1248 638/1252/1252
f 638/1252/1252 96/1248/1248 116/1249/1249
f 638/1252/1252 116/1249/1249 652/1251/1251
f 652/1251/1251 116/1249/1249 130/1250/1250
f 148/1261/1261 129/1262/1262 670/1264/1264
f 670/1264/1264 129/1262/1262 651/1263/1263
f 723/1276/1276 201/1265/1265 712/1275/1275
f 712/1275/1275 201/1265/1265 190/1266/1266
f 712/1275/1275 190/1266/1266 692/1274/1274
f 692/1274/1274 190/1266/1266 170/1267/1267
f 692/1274/1274 170/1267/1267 672/1273/1273
f 672/1273/1273 170/1267/1267 150/1268/1268
f 672/1273/1273 150/1268/1268 671/1272/1272
f 671/1272/1272 150/1268/1268 149/1269/1269
f 671/1272/1272 149/1269/1269 670/1271/1271
f 670/1271/1271 149/1269/1269 148/1270/1270
f 262/1277/1277 201/1278/1278 417/1284/1284
f 417/1284/1284 201/1278/1278 449/1281/1281
f 417/1284/1284 449/1281/1281 451/1282/1282
f 201/1278/1278 723/1279/1279 449/1281/1281
f 449/1281/1281 723/1279/1279 784/1280/1280
f 451/1282/1282 419/1283/1283 417/1284/1284
f 448/1285/1285 449/1286/1286 783/1288/1288
f 783/1288/1288 449/1286/1286 784/1287/1287
f 445/1290/1290 447/1291/1291 413/1289/1289
f 413/1289/1289 447/1291/1291 415/1296/1296
f 415/1296/1296 447/1291/1291 125/1294/1294
f 415/1296/1296 125/1294/1294 24/1295/1295
f 546/1292/1292 647/1293/1293 447/1291/1291
f 447/1291/1291 647/1293/1293 125/1294/1294
f 126/1297/1297 125/1298/1298 648/1300/1300
f 648/1300/1300 125/1298/1298 647/1299/1299
f 128/1301/1301 126/1302/1302 650/1304/1304
f 650/1304/1304 126/1302/1302 648/1303/1303
f 653/1340/1340 131/1305/1305 636/1339/1339
f 636/1339/1339 131/1305/1305 114/1306/1306
f 636/1339/1339 114/1306/1306 94/1307/1307
f 636/1339/1339 94/1307/1307 616/1338/1338
f 616/1338/1338 94/1307/1307 74/1308/1308
f 616/1338/1338 74/1308/1308 596/1337/1337
f 596/1337/1337 74/1308/1308 584/1336/1336
f 584/1336/1336 74/1308/1308 62/1309/1309
f 584/1336/1336 62/1309/1309 52/1310/1310
f 584/1336/1336 52/1310/1310 574/1335/1335
f 574/1335/1335 52/1310/1310 42/1311/1311
f 574/1335/1335 42/1311/1311 564/1334/1334
f 564/1334/1334 42/1311/1311 32/1312/1312
f 564/1334/1334 32/1312/1312 554/1333/1333
f 554/1333/1333 32/1312/1312 552/1332/1332
f 552/1332/1332 32/1312/1312 30/1313/1313
f 552/1332/1332 30/1313/1313 31/1314/1314
f 552/1332/1332 31/1314/1314 553/1331/1331
f 553/1331/1331 31/1314/1314 41/1315/1315
f 553/1331/1331 41/1315/1315 563/1330/1330
f 563/1330/1330 41/1315/1315 51/1316/1316
f 563/1330/1330 51/1316/1316 573/1329/1329
f 573/1329/1329 51/1316/1316 575/1328/1328
f 575/1328/1328 51/1316/1316 53/1317/1317
f 575/1328/1328 53/1317/1317 63/1318/1318
f 575/1328/1328 63/1318/1318 585/1327/1327
f 585/1327/1327 63/1318/1318 93/1319/1319
f 585/1327/1327 93/1319/1319 615/1326/1326
f 615/1326/1326 93/1319/1319 113/1320/1320
f 615/1326/1326 113/1320/1320 635/1325/1325
f 635/1325/1325 113/1320/1320 649/1324/1324
f 649/1324/1324 113/1320/1320 127/1321/1321
f 649/1324/1324 127/1321/1321 650/1323/1323
f 650/1323/1323 127/1321/1321 128/1322/1322
f 152/1341/1341 131/1342/1342 674/1344/1344
f 674/1344/1344 131/1342/1342 653/1343/1343
f 675/1364/1364 153/1345/1345 694/1363/1363
f 694/1363/1363 153/1345/1345 172/1346/1346
f 694/1363/1363 172/1346/1346 714/1362/1362
f 714/1362/1362 172/1346/1346 192/1347/1347
f 714/1362/1362 192/1347/1347 725/1361/1361
f 725/1361/1361 192/1347/1347 203/1348/1348
f 725/1361/1361 203/1348/1348 744/1360/1360
f 744/1360/1360 203/1348/1348 222/1349/1349
f 744/1360/1360 222/1349/1349 743/1359/1359
f 743/1359/1359 222/1349/1349 221/1350/1350
f 743/1359/1359 221/1350/1350 724/1358/1358
f 724/1358/1358 221/1350/1350 202/1351/1351
f 724/1358/1358 202/1351/1351 713/1357/1357
f 713/1357/1357 202/1351/1351 191/1352/1352
f 713/1357/1357 191/1352/1352 693/1356/1356
f 693/1356/1356 191/1352/1352 171/1353/1353
f 693/1356/1356 171/1353/1353 674/1355/1355
f 674/1355/1355 171/1353/1353 152/1354/1354
f 132/1365/1365 153/1366/1366 654/1368/1368
f 654/1368/1368 153/1366/1366 675/1367/1367
f 657/1394/1394 135/1369/1369 628/1393/1393
f 628/1393/1393 135/1369/1369 106/1370/1370
f 628/1393/1393 106/1370/1370 598/1392/1392
f 598/1392/1392 106/1370/1370 76/1371/1371
f 598/1392/1392 76/1371/1371 577/1391/1391
f 577/1391/1391 76/1371/1371 55/1372/1372
f 577/1391/1391 55/1372/1372 566/1390/1390
f 566/1390/1390 55/1372/1372 44/1373/1373
f 566/1390/1390 44/1373/1373 556/1389/1389
f 556/1389/1389 44/1373/1373 34/1374/1374
f 556/1389/1389 34/1374/1374 547/1388/1388
f 547/1388/1388 34/1374/1374 25/1375/1375
f 547/1388/1388 25/1375/1375 555/1387/1387
f 555/1387/1387 25/1375/1375 33/1376/1376
f 555/1387/1387 33/1376/1376 565/1386/1386
f 565/1386/1386 33/1376/1376 43/1377/1377
f 565/1386/1386 43/1377/1377 576/1385/1385
f 576/1385/1385 43/1377/1377 54/1378/1378
f 576/1385/1385 54/1378/1378 597/1384/1384
f 597/1384/1384 54/1378/1378 75/1379/1379
f 597/1384/1384 75/1379/1379 627/1383/1383
f 627/1383/1383 75/1379/1379 105/1380/1380
f 627/1383/1383 105/1380/1380 654/1382/1382
f 654/1382/1382 105/1380/1380 132/1381/1381
f 156/1395/1395 135/1396/1396 678/1398/1398
f 678/1398/1398 135/1396/1396 657/1397/1397
f 679/1418/1418 157/1399/1399 696/1417/1417
f 696/1417/1417 157/1399/1399 174/1400/1400
f 696/1417/1417 174/1400/1400 716/1416/1416
f 716/1416/1416 174/1400/1400 194/1401/1401
f 716/1416/1416 194/1401/1401 727/1415/1415
f 727/1415/1415 194/1401/1401 205/1402/1402
f 727/1415/1415 205/1402/1402 746/1414/1414
f 746/1414/1414 205/1402/1402 224/1403/1403
f 746/1414/1414 224/1403/1403 745/1413/1413
f 745/1413/1413 224/1403/1403 223/1404/1404
f 745/1413/1413 223/1404/1404 726/1412/1412
f 726/1412/1412 223/1404/1404 204/1405/1405
f 726/1412/1412 204/1405/1405 715/1411/1411
f 715/1411/1411 204/1405/1405 193/1406/1406
f 715/1411/1411 193/1406/1406 695/1410/1410
f 695/1410/1410 193/1406/1406 173/1407/1407
f 695/1410/1410 173/1407/1407 678/1409/1409
f 678/1409/1409 173/1407/1407 156/1408/1408
f 136/1419/1419 157/1420/1420 658/1422/1422
f 658/1422/1422 157/1420/1420 679/1421/1421
f 661/1448/1448 139/1423/1423 630/1447/1447
f 630/1447/1447 139/1423/1423 108/1424/1424
f 630/1447/1447 108/1424/1424 600/1446/1446
f 600/1446/1446 108/1424/1424 78/1425/1425
f 600/1446/1446 78/1425/1425 579/1445/1445
f 579/1445/1445 78/1425/1425 57/1426/1426
f 579/1445/1445 57/1426/1426 568/1444/1444
f 568/1444/1444 57/1426/1426 46/1427/1427
f 568/1444/1444 46/1427/1427 558/1443/1443
f 558/1443/1443 46/1427/1427 36/1428/1428
f 558/1443/1443 36/1428/1428 548/1442/1442
f 548/1442/1442 36/1428/1428 26/1429/1429
f 548/1442/1442 26/1429/1429 557/1441/1441
f 557/1441/1441 26/1429/1429 35/1430/1430
f 557/1441/1441 35/1430/1430 567/1440/1440
f 567/1440/1440 35/1430/1430 45/1431/1431
f 567/1440/1440 45/1431/1431 578/1439/1439
f 578/1439/1439 45/1431/1431 56/1432/1432
f 578/1439/1439 56/1432/1432 599/1438/1438
f 599/1438/1438 56/1432/1432 77/1433/1433
f 599/1438/1438 77/1433/1433 629/1437/1437
f 629/1437/1437 77/1433/1433 107/1434/1434
f 629/1437/1437 107/1434/1434 658/1436/1436
f 658/1436/1436 107/1434/1434 136/1435/1435
f 160/1449/1449 139/1450/1450 682/1452/1452
f 682/1452/1452 139/1450/1450 661/1451/1451
f 683/1472/1472 161/1453/1453 698/1471/1471
f 698/1471/1471 161/1453/1453 176/1454/1454
f 698/1471/1471 176/1454/1454 718/1470/1470
f 718/1470/1470 176/1454/1454 196/1455/1455
f 718/1470/1470 196/1455/1455 729/1469/1469
f 729/1469/1469 196/1455/1455 207/1456/1456
f 729/1469/1469 207/1456/1456 748/1468/1468
f 748/1468/1468 207/1456/1456 226/1457/1457
f 748/1468/1468 226/1457/1457 747/1467/1467
f 747/1467/1467 226/1457/1457 225/1458/1458
f 747/1467/1467 225/1458/1458 728/1466/1466
f 728/1466/1466 225/1458/1458 206/1459/1459
f 728/1466/1466 206/1459/1459 717/1465/1465
f 717/1465/1465 206/1459/1459 195/1460/1460
f 717/1465/1465 195/1460/1460 697/1464/1464
f 697/1464/1464 195/1460/1460 175/1461/1461
f 697/1464/1464 175/1461/1461 682/1463/1463
f 682/1463/1463 175/1461/1461 160/1462/1462
f 140/1473/1473 161/1474/1474 662/1476/1476
f 662/1476/1476 161/1474/1474 683/1475/1475
f 665/1502/1502 143/1477/1477 632/1501/1501
f 632/1501/1501 143/1477/1477 110/1478/1478
f 632/1501/1501 110/1478/1478 602/1500/1500
f 602/1500/1500 110/1478/1478 80/1479/1479
f 602/1500/1500 80/1479/1479 581/1499/1499
f 581/1499/1499 80/1479/1479 59/1480/1480
f 581/1499/1499 59/1480/1480 570/1498/1498
f 570/1498/1498 59/1480/1480 48/1481/1481
f 570/1498/1498 48/1481/1481 560/1497/1497
f 560/1497/1497 48/1481/1481 38/1482/1482
f 560/1497/1497 38/1482/1482 549/1496/1496
f 549/1496/1496 38/1482/1482 27/1483/1483
f 549/1496/1496 27/1483/1483 559/1495/1495
f 559/1495/1495 27/1483/1483 37/1484/1484
f 559/1495/1495 37/1484/1484 569/1494/1494
f 569/1494/1494 37/1484/1484 47/1485/1485
f 569/1494/1494 47/1485/1485 580/1493/1493
f 580/1493/1493 47/1485/1485 58/1486/1486
f 580/1493/1493 58/1486/1486 601/1492/1492
f 601/1492/1492 58/1486/1486 79/1487/1487
f 601/1492/1492 79/1487/1487 631/1491/1491
f 631/1491/1491 79/1487/1487 109/1488/1488
f 631/1491/1491 109/1488/1488 662/1490/1490
f 662/1490/1490 109/1488/1488 140/1489/1489
f 164/1503/1503 143/1504/1504 686/1506/1506
f 686/1506/1506 143/1504/1504 665/1505/1505
f 687/1526/1526 165/1507/1507 700/1525/1525
f 700/1525/1525 165/1507/1507 178/1508/1508
f 700/1525/1525 178/1508/1508 720/1524/1524
f 720/1524/1524 178/1508/1508 198/1509/1509
f 720/1524/1524 198/1509/1509 731/1523/1523
f 731/1523/1523 198/1509/1509 209/1510/1510
f 731/1523/1523 209/1510/1510 750/1522/1522
f 750/1522/1522 209/1510/1510 228/1511/1511
f 750/1522/1522 228/1511/1511 749/1521/1521
f 749/1521/1521 228/1511/1511 227/1512/1512
f 749/1521/1521 227/1512/1512 730/1520/1520
f 730/1520/1520 227/1512/1512 208/1513/1513
f 730/1520/1520 208/1513/1513 719/1519/1519
f 719/1519/1519 208/1513/1513 197/1514/1514
f 719/1519/1519 197/1514/1514 699/1518/1518
f 699/1518/1518 197/1514/1514 177/1515/1515
f 699/1518/1518 177/1515/1515 686/1517/1517
f 686/1517/1517 177/1515/1515 164/1516/1516
f 144/1527/1527 165/1528/1528 666/1530/1530
f 666/1530/1530 165/1528/1528 687/1529/1529
f 669/1556/1556 147/1531/1531 634/1555/1555
f 634/1555/1555 147/1531/1531 112/1532/1532
f 634/1555/1555 112/1532/1532 604/1554/1554
f 604/1554/1554 112/1532/1532 82/1533/1533
f 604/1554/1554 82/1533/1533 583/1553/1553
f 583/1553/1553 82/1533/1533 61/1534/1534
f 583/1553/1553 61/1534/1534 572/1552/1552
f 572/1552/1552 61/1534/1534 50/1535/1535
f 572/1552/1552 50/1535/1535 562/1551/1551
f 562/1551/1551 50/1535/1535 40/1536/1536
f 562/1551/1551 40/1536/1536 550/1550/1550
f 550/1550/1550 40/1536/1536 28/1537/1537
f 550/1550/1550 28/1537/1537 561/1549/1549
f 561/1549/1549 28/1537/1537 39/1538/1538
f 561/1549/1549 39/1538/1538 571/1548/1548
f 571/1548/1548 39/1538/1538 49/1539/1539
f 571/1548/1548 49/1539/1539 582/1547/1547
f 582/1547/1547 49/1539/1539 60/1540/1540
f 582/1547/1547 60/1540/1540 603/1546/1546
f 603/1546/1546 60/1540/1540 81/1541/1541
f 603/1546/1546 81/1541/1541 633/1545/1545
f 633/1545/1545 81/1541/1541 111/1542/1542
f 633/1545/1545 111/1542/1542 666/1544/1544
f 666/1544/1544 111/1542/1542 144/1543/1543
f 168/1557/1557 147/1558/1558 690/1560/1560
f 690/1560/1560 147/1558/1558 669/1559/1559
f 691/1580/1580 169/1561/1561 702/1579/1579
f 702/1579/1579 169/1561/1561 180/1562/1562
f 702/1579/1579 180/1562/1562 722/1578/1578
f 722/1578/1578 180/1562/1562 200/1563/1563
f 722/1578/1578 200/1563/1563 733/1577/1577
f 733/1577/1577 200/1563/1563 211/1564/1564
f 733/1577/1577 211/1564/1564 752/1576/1576
f 752/1576/1576 211/1564/1564 230/1565/1565
f 752/1576/1576 230/1565/1565 751/1575/1575
f 751/1575/1575 230/1565/1565 229/1566/1566
f 751/1575/1575 229/1566/1566 732/1574/1574
f 732/1574/1574 229/1566/1566 210/1567/1567
f 732/1574/1574 210/1567/1567 721/1573/1573
f 721/1573/1573 210/1567/1567 199/1568/1568
f 721/1573/1573 199/1568/1568 701/1572/1572
f 701/1572/1572 199/1568/1568 179/1569/1569
f 701/1572/1572 179/1569/1569 690/1571/1571
f 690/1571/1571 179/1569/1569 168/1570/1570
f 360/1582/1582 19/1608/1608 361/1581/1581
f 361/1581/1581 19/1608/1608 362/1590/1590
f 361/1581/1581 362/1590/1590 489/1584/1584
f 489/1584/1584 362/1590/1590 490/1591/1591
f 489/1584/1584 490/1591/1591 541/1607/1607
f 541/1607/1607 490/1591/1591 542/1606/1606
f 542/1606/1606 490/1591/1591 491/1592/1592
f 542/1606/1606 491/1592/1592 492/1603/1603
f 492/1603/1603 491/1592/1592 364/1602/1602
f 364/1602/1602 491/1592/1592 363/1589/1589
f 364/1602/1602 363/1589/1589 20/1605/1605
f 20/1605/1605 363/1589/1589 362/1590/1590
f 20/1605/1605 362/1590/1590 19/1608/1608
f 488/1583/1583 487/1596/1596 360/1582/1582
f 360/1582/1582 487/1596/1596 359/1593/1593
f 360/1582/1582 359/1593/1593 19/1608/1608
f 19/1608/1608 359/1593/1593 358/1594/1594
f 19/1608/1608 358/1594/1594 357/1585/1585
f 357/1585/1585 358/1594/1594 485/1588/1588
f 485/1588/1588 358/1594/1594 486/1595/1595
f 485/1588/1588 486/1595/1595 541/1607/1607
f 541/1607/1607 486/1595/1595 487/1596/1596
f 541/1607/1607 487/1596/1596 488/1583/1583
f 488/1583/1583 489/1584/1584 541/1607/1607
f 357/1585/1585 356/1586/1586 19/1608/1608
f 19/1608/1608 356/1586/1586 355/1597/1597
f 19/1608/1608 355/1597/1597 354/1598/1598
f 355/1597/1597 356/1586/1586 483/1600/1600
f 483/1600/1600 356/1586/1586 484/1587/1587
f 483/1600/1600 484/1587/1587 541/1607/1607
f 541/1607/1607 484/1587/1587 485/1588/1588
f 354/1598/1598 482/1599/1599 19/1608/1608
f 19/1608/1608 482/1599/1599 541/1607/1607
f 541/1607/1607 482/1599/1599 483/1600/1600
f 493/1604/1604 365/1601/1601 20/1605/1605
f 20/1605/1605 365/1601/1601 364/1602/1602
f 492/1603/1603 493/1604/1604 542/1606/1606
f 542/1606/1606 493/1604/1604 20/1605/1605
f 294/1617/1617 5/1609/1609 300/1616/1616
f 300/1616/1616 5/1609/1609 19/1610/1610
f 300/1616/1616 19/1610/1610 316/1615/1615
f 316/1615/1615 19/1610/1610 320/1614/1614
f 320/1614/1614 19/1610/1610 408/1613/1613
f 408/1613/1613 19/1610/1610 541/1611/1611
f 408/1613/1613 541/1611/1611 536/1612/1612
f 796/1619/1619 795/1620/1620 798/1618/1618
f 798/1618/1618 795/1620/1620 793/1878/1878
f 798/1618/1618 793/1878/1878 797/1880/1880
f 797/1880/1880 793/1878/1878 792/1879/1879
f 795/1620/1620 794/1621/1621 793/1878/1878
f 793/1878/1878 794/1621/1621 791/1877/1877
f 791/1877/1877 794/1621/1621 790/1876/1876
f 790/1876/1876 794/1621/1621 789/1875/1875
f 789/1875/1875 794/1621/1621 762/1874/1874
f 762/1874/1874 794/1621/1621 702/1633/1633
f 762/1874/1874 702/1633/1633 722/1634/1634
f 702/1633/1633 794/1621/1621 691/1632/1632
f 691/1632/1632 794/1621/1621 540/1622/1622
f 691/1632/1632 540/1622/1622 551/1631/1631
f 551/1631/1631 540/1622/1622 544/1630/1630
f 544/1630/1630 540/1622/1622 543/1629/1629
f 543/1629/1629 540/1622/1622 542/1628/1628
f 542/1628/1628 540/1622/1622 539/1623/1623
f 542/1628/1628 539/1623/1623 537/1625/1625
f 537/1625/1625 539/1623/1623 538/1624/1624
f 537/1625/1625 536/1626/1626 542/1628/1628
f 542/1628/1628 536/1626/1626 541/1627/1627
f 722/1634/1634 733/1635/1635 762/1874/1874
f 762/1874/1874 733/1635/1635 752/1636/1636
f 762/1874/1874 752/1636/1636 751/1637/1637
f 732/1638/1638 742/1868/1868 751/1637/1637
f 751/1637/1637 742/1868/1868 761/1869/1869
f 751/1637/1637 761/1869/1869 762/1874/1874
f 762/1874/1874 761/1869/1869 771/1870/1870
f 762/1874/1874 771/1870/1870 772/1873/1873
f 772/1873/1873 771/1870/1870 781/1871/1871
f 772/1873/1873 781/1871/1871 782/1872/1872
f 732/1638/1638 721/1639/1639 742/1868/1868
f 742/1868/1868 721/1639/1639 711/1867/1867
f 711/1867/1867 721/1639/1639 701/1640/1640
f 711/1867/1867 701/1640/1640 689/1866/1866
f 689/1866/1866 701/1640/1640 690/1641/1641
f 689/1866/1866 690/1641/1641 668/1865/1865
f 668/1865/1865 690/1641/1641 669/1642/1642
f 668/1865/1865 669/1642/1642 646/1864/1864
f 646/1864/1864 669/1642/1642 634/1643/1643
f 646/1864/1864 634/1643/1643 626/1863/1863
f 626/1863/1863 634/1643/1643 604/1644/1644
f 626/1863/1863 604/1644/1644 614/1862/1862
f 614/1862/1862 604/1644/1644 583/1645/1645
f 614/1862/1862 583/1645/1645 595/1861/1861
f 595/1861/1861 583/1645/1645 594/1860/1860
f 594/1860/1860 583/1645/1645 582/1651/1651
f 594/1860/1860 582/1651/1651 613/1859/1859
f 613/1859/1859 582/1651/1651 603/1652/1652
f 613/1859/1859 603/1652/1652 625/1858/1858
f 625/1858/1858 603/1652/1652 633/1653/1653
f 625/1858/1858 633/1653/1653 645/1857/1857
f 645/1857/1857 633/1653/1653 666/1654/1654
f 645/1857/1857 666/1654/1654 667/1856/1856
f 667/1856/1856 666/1654/1654 688/1855/1855
f 688/1855/1855 666/1654/1654 687/1655/1655
f 688/1855/1855 687/1655/1655 700/1656/1656
f 583/1645/1645 572/1646/1646 582/1651/1651
f 582/1651/1651 572/1646/1646 571/1650/1650
f 571/1650/1650 572/1646/1646 562/1647/1647
f 571/1650/1650 562/1647/1647 561/1649/1649
f 561/1649/1649 562/1647/1647 550/1648/1648
f 688/1855/1855 700/1656/1656 710/1854/1854
f 710/1854/1854 700/1656/1656 720/1657/1657
f 710/1854/1854 720/1657/1657 741/1853/1853
f 741/1853/1853 720/1657/1657 731/1658/1658
f 741/1853/1853 731/1658/1658 760/1852/1852
f 760/1852/1852 731/1658/1658 750/1659/1659
f 760/1852/1852 750/1659/1659 749/1660/1660
f 760/1852/1852 749/1660/1660 759/1846/1846
f 759/1846/1846 749/1660/1660 730/1661/1661
f 759/1846/1846 730/1661/1661 740/1845/1845
f 740/1845/1845 730/1661/1661 719/1662/1662
f 740/1845/1845 719/1662/1662 709/1844/1844
f 709/1844/1844 719/1662/1662 699/1663/1663
f 709/1844/1844 699/1663/1663 685/1843/1843
f 685/1843/1843 699/1663/1663 686/1664/1664
f 685/1843/1843 686/1664/1664 664/1842/1842
f 664/1842/1842 686/1664/1664 665/1665/1665
f 664/1842/1842 665/1665/1665 644/1841/1841
f 644/1841/1841 665/1665/1665 632/1666/1666
f 644/1841/1841 632/1666/1666 624/1840/1840
f 624/1840/1840 632/1666/1666 602/1667/1667
f 624/1840/1840 602/1667/1667 612/1839/1839
f 612/1839/1839 602/1667/1667 581/1668/1668
f 612/1839/1839 581/1668/1668 593/1838/1838
f 593/1838/1838 581/1668/1668 592/1837/1837
f 592/1837/1837 581/1668/1668 580/1674/1674
f 592/1837/1837 580/1674/1674 611/1836/1836
f 611/1836/1836 580/1674/1674 601/1675/1675
f 611/1836/1836 601/1675/1675 623/1835/1835
f 623/1835/1835 601/1675/1675 631/1676/1676
f 623/1835/1835 631/1676/1676 643/1834/1834
f 643/1834/1834 631/1676/1676 662/1677/1677
f 643/1834/1834 662/1677/1677 663/1833/1833
f 663/1833/1833 662/1677/1677 684/1832/1832
f 684/1832/1832 662/1677/1677 683/1678/1678
f 684/1832/1832 683/1678/1678 698/1679/1679
f 581/1668/1668 570/1669/1669 580/1674/1674
f 580/1674/1674 570/1669/1669 569/1673/1673
f 569/1673/1673 570/1669/1669 560/1670/1670
f 569/1673/1673 560/1670/1670 559/1672/1672
f 559/1672/1672 560/1670/1670 549/1671/1671
f 684/1832/1832 698/1679/1679 708/1831/1831
f 708/1831/1831 698/1679/1679 718/1680/1680
f 708/1831/1831 718/1680/1680 739/1830/1830
f 739/1830/1830 718/1680/1680 729/1681/1681
f 739/1830/1830 729/1681/1681 758/1829/1829
f 758/1829/1829 729/1681/1681 748/1682/1682
f 758/1829/1829 748/1682/1682 747/1683/1683
f 758/1829/1829 747/1683/1683 757/1823/1823
f 757/1823/1823 747/1683/1683 728/1684/1684
f 757/1823/1823 728/1684/1684 738/1822/1822
f 738/1822/1822 728/1684/1684 717/1685/1685
f 738/1822/1822 717/1685/1685 707/1821/1821
f 707/1821/1821 717/1685/1685 697/1686/1686
f 707/1821/1821 697/1686/1686 681/1820/1820
f 681/1820/1820 697/1686/1686 682/1687/1687
f 681/1820/1820 682/1687/1687 660/1819/1819
f 660/1819/1819 682/1687/1687 661/1688/1688
f 660/1819/1819 661/1688/1688 642/1818/1818
f 642/1818/1818 661/1688/1688 630/1689/1689
f 642/1818/1818 630/1689/1689 622/1817/1817
f 622/1817/1817 630/1689/1689 600/1690/1690
f 622/1817/1817 600/1690/1690 610/1816/1816
f 610/1816/1816 600/1690/1690 579/1691/1691
f 610/1816/1816 579/1691/1691 591/1815/1815
f 591/1815/1815 579/1691/1691 590/1814/1814
f 590/1814/1814 579/1691/1691 578/1697/1697
f 590/1814/1814 578/1697/1697 609/1813/1813
f 609/1813/1813 578/1697/1697 599/1698/1698
f 609/1813/1813 599/1698/1698 621/1812/1812
f 621/1812/1812 599/1698/1698 629/1699/1699
f 621/1812/1812 629/1699/1699 641/1811/1811
f 641/1811/1811 629/1699/1699 658/1700/1700
f 641/1811/1811 658/1700/1700 659/1810/1810
f 659/1810/1810 658/1700/1700 680/1809/1809
f 680/1809/1809 658/1700/1700 679/1701/1701
f 680/1809/1809 679/1701/1701 696/1702/1702
f 579/1691/1691 568/1692/1692 578/1697/1697
f 578/1697/1697 568/1692/1692 567/1696/1696
f 567/1696/1696 568/1692/1692 558/1693/1693
f 567/1696/1696 558/1693/1693 557/1695/1695
f 557/1695/1695 558/1693/1693 548/1694/1694
f 680/1809/1809 696/1702/1702 706/1808/1808
f 706/1808/1808 696/1702/1702 716/1703/1703
f 706/1808/1808 716/1703/1703 737/1807/1807
f 737/1807/1807 716/1703/1703 727/1704/1704
f 737/1807/1807 727/1704/1704 756/1806/1806
f 756/1806/1806 727/1704/1704 746/1705/1705
f 756/1806/1806 746/1705/1705 745/1706/1706
f 756/1806/1806 745/1706/1706 755/1800/1800
f 755/1800/1800 745/1706/1706 726/1707/1707
f 755/1800/1800 726/1707/1707 736/1799/1799
f 736/1799/1799 726/1707/1707 715/1708/1708
f 736/1799/1799 715/1708/1708 705/1798/1798
f 705/1798/1798 715/1708/1708 695/1709/1709
f 705/1798/1798 695/1709/1709 677/1797/1797
f 677/1797/1797 695/1709/1709 678/1710/1710
f 677/1797/1797 678/1710/1710 656/1796/1796
f 656/1796/1796 678/1710/1710 657/1711/1711
f 656/1796/1796 657/1711/1711 640/1795/1795
f 640/1795/1795 657/1711/1711 628/1712/1712
f 640/1795/1795 628/1712/1712 620/1794/1794
f 620/1794/1794 628/1712/1712 598/1713/1713
f 620/1794/1794 598/1713/1713 608/1793/1793
f 608/1793/1793 598/1713/1713 577/1714/1714
f 608/1793/1793 577/1714/1714 589/1792/1792
f 589/1792/1792 577/1714/1714 576/1720/1720
f 589/1792/1792 576/1720/1720 588/1791/1791
f 588/1791/1791 576/1720/1720 607/1790/1790
f 607/1790/1790 576/1720/1720 597/1721/1721
f 607/1790/1790 597/1721/1721 619/1789/1789
f 619/1789/1789 597/1721/1721 627/1722/1722
f 619/1789/1789 627/1722/1722 639/1788/1788
f 639/1788/1788 627/1722/1722 654/1723/1723
f 639/1788/1788 654/1723/1723 655/1787/1787
f 655/1787/1787 654/1723/1723 676/1786/1786
f 676/1786/1786 654/1723/1723 675/1724/1724
f 676/1786/1786 675/1724/1724 694/1725/1725
f 576/1720/1720 577/1714/1714 565/1719/1719
f 565/1719/1719 577/1714/1714 566/1715/1715
f 565/1719/1719 566/1715/1715 555/1718/1718
f 555/1718/1718 566/1715/1715 556/1716/1716
f 555/1718/1718 556/1716/1716 547/1717/1717
f 676/1786/1786 694/1725/1725 704/1785/1785
f 704/1785/1785 694/1725/1725 714/1726/1726
f 704/1785/1785 714/1726/1726 735/1784/1784
f 735/1784/1784 714/1726/1726 725/1727/1727
f 735/1784/1784 725/1727/1727 754/1783/1783
f 754/1783/1783 725/1727/1727 744/1728/1728
f 754/1783/1783 744/1728/1728 743/1729/1729
f 754/1783/1783 743/1729/1729 753/1777/1777
f 753/1777/1777 743/1729/1729 724/1730/1730
f 753/1777/1777 724/1730/1730 734/1776/1776
f 734/1776/1776 724/1730/1730 713/1731/1731
f 734/1776/1776 713/1731/1731 703/1775/1775
f 703/1775/1775 713/1731/1731 693/1732/1732
f 703/1775/1775 693/1732/1732 673/1774/1774
f 673/1774/1774 693/1732/1732 674/1733/1733
f 673/1774/1774 674/1733/1733 652/1773/1773
f 652/1773/1773 674/1733/1733 653/1734/1734
f 652/1773/1773 653/1734/1734 636/1735/1735
f 652/1773/1773 636/1735/1735 638/1772/1772
f 638/1772/1772 636/1735/1735 616/1736/1736
f 638/1772/1772 616/1736/1736 618/1771/1771
f 618/1771/1771 616/1736/1736 596/1737/1737
f 618/1771/1771 596/1737/1737 606/1770/1770
f 606/1770/1770 596/1737/1737 587/1769/1769
f 587/1769/1769 596/1737/1737 584/1738/1738
f 587/1769/1769 584/1738/1738 574/1739/1739
f 564/1740/1740 573/1745/1745 574/1739/1739
f 574/1739/1739 573/1745/1745 575/1746/1746
f 574/1739/1739 575/1746/1746 586/1768/1768
f 586/1768/1768 575/1746/1746 585/1747/1747
f 586/1768/1768 585/1747/1747 605/1767/1767
f 605/1767/1767 585/1747/1747 615/1748/1748
f 605/1767/1767 615/1748/1748 617/1766/1766
f 617/1766/1766 615/1748/1748 635/1749/1749
f 617/1766/1766 635/1749/1749 637/1765/1765
f 637/1765/1765 635/1749/1749 649/1750/1750
f 637/1765/1765 649/1750/1750 651/1764/1764
f 651/1764/1764 649/1750/1750 650/1751/1751
f 651/1764/1764 650/1751/1751 670/1763/1763
f 670/1763/1763 650/1751/1751 647/1753/1753
f 670/1763/1763 647/1753/1753 671/1762/1762
f 671/1762/1762 647/1753/1753 723/1758/1758
f 671/1762/1762 723/1758/1758 672/1761/1761
f 672/1761/1761 723/1758/1758 692/1760/1760
f 692/1760/1760 723/1758/1758 712/1759/1759
f 573/1745/1745 564/1740/1740 563/1744/1744
f 563/1744/1744 564/1740/1740 554/1741/1741
f 563/1744/1744 554/1741/1741 553/1743/1743
f 553/1743/1743 554/1741/1741 552/1742/1742
f 650/1751/1751 648/1752/1752 647/1753/1753
f 546/1754/1754 545/1755/1755 647/1753/1753
f 647/1753/1753 545/1755/1755 783/1756/1756
f 647/1753/1753 783/1756/1756 723/1758/1758
f 723/1758/1758 783/1756/1756 784/1757/1757
f 586/1768/1768 587/1769/1769 574/1739/1739
f 754/1783/1783 753/1777/1777 764/1782/1782
f 764/1782/1782 753/1777/1777 763/1778/1778
f 764/1782/1782 763/1778/1778 774/1781/1781
f 774/1781/1781 763/1778/1778 773/1779/1779
f 774/1781/1781 773/1779/1779 785/1780/1780
f 756/1806/1806 755/1800/1800 766/1805/1805
f 766/1805/1805 755/1800/1800 765/1801/1801
f 766/1805/1805 765/1801/1801 776/1804/1804
f 776/1804/1804 765/1801/1801 775/1802/1802
f 776/1804/1804 775/1802/1802 786/1803/1803
f 758/1829/1829 757/1823/1823 768/1828/1828
f 768/1828/1828 757/1823/1823 767/1824/1824
f 768/1828/1828 767/1824/1824 778/1827/1827
f 778/1827/1827 767/1824/1824 777/1825/1825
f 778/1827/1827 777/1825/1825 787/1826/1826
f 760/1852/1852 759/1846/1846 770/1851/1851
f 770/1851/1851 759/1846/1846 769/1847/1847
f 770/1851/1851 769/1847/1847 780/1850/1850
f 780/1850/1850 769/1847/1847 779/1848/1848
f 780/1850/1850 779/1848/1848 788/1849/1849
# 798 vertices
# 1880 texture params
# 1880 normals
# 1640 facets

# 1 groups
