# WaveFront *.obj file (generated by Autodesk ATF)

mtllib Resorte_Mateo.mtl

g Sólido1

v 0.000000 -28.000000 -135.000000
v 0.000000 -28.000000 7.000000
v 0.000000 -27.732050 8.000000
v 0.000000 -27.000000 8.732051
v 0.000000 -26.000001 9.000000
v 0.000000 -25.000000 -135.000000
v 0.000000 -25.000000 3.000000
v 0.000000 -24.732051 4.000000
v 0.000000 -24.000001 -135.000000
v 0.000000 -24.000001 -130.000000
v 0.000000 -24.000001 4.732051
v 0.000000 -23.000000 -141.000004
v 0.000000 -23.000000 -138.000002
v 0.000000 -23.000000 -98.000002
v 0.000000 -23.000000 -70.000000
v 0.000000 -23.000000 -41.999998
v 0.000000 -23.000000 -14.000000
v 0.000000 -23.000000 5.000000
v 0.000000 -22.989941 -125.574608
v 0.000000 -22.808542 -127.846508
v 0.000000 -22.693334 -100.329370
v 0.000000 -22.693334 -95.670624
v 0.000000 -22.693334 -72.329373
v 0.000000 -22.693334 -67.670627
v 0.000000 -22.693334 -44.329371
v 0.000000 -22.693334 -39.670627
v 0.000000 -22.693334 -16.329371
v 0.000000 -22.693334 -11.670629
v 0.000000 -22.594824 -123.329983
v 0.000000 -22.062259 -130.000000
v 0.000000 -21.794229 -102.500000
v 0.000000 -21.794229 -93.500004
v 0.000000 -21.794229 -74.499998
v 0.000000 -21.794229 -65.500002
v 0.000000 -21.794229 -46.500001
v 0.000000 -21.794229 -37.500000
v 0.000000 -21.794229 -18.500000
v 0.000000 -21.794229 -9.500000
v 0.000000 -21.648529 -121.256580
v 0.000000 -20.363960 -104.363956
v 0.000000 -20.363960 -91.636038
v 0.000000 -20.363963 -76.363959
v 0.000000 -20.363960 -63.636041
v 0.000000 -20.363963 -48.363962
v 0.000000 -20.363960 -35.636039
v 0.000000 -20.363963 -20.363960
v 0.000000 -20.363960 -7.636039
v 0.000000 -20.211742 -119.487371
v 0.000000 -18.948740 -125.285873
v 0.000000 -18.924040 -98.868237
v 0.000000 -18.924040 -97.131758
v 0.000000 -18.924040 -70.868239
v 0.000000 -18.924040 -69.131761
v 0.000000 -18.924040 -42.868242
v 0.000000 -18.924040 -41.131759
v 0.000000 -18.924040 -14.868240
v 0.000000 -18.924040 -13.131759
v 0.000000 -18.886420 -127.059679
v 0.000000 -18.500000 -105.794230
v 0.000000 -18.500000 -90.205774
v 0.000000 -18.500000 -77.794228
v 0.000000 -18.500000 -62.205772
v 0.000000 -18.500000 -49.794230
v 0.000000 -18.500000 -34.205770
v 0.000000 -18.500000 -21.794229
v 0.000000 -18.500000 -6.205771
v 0.000000 -18.387468 -123.602057
v 0.000000 -18.376600 -118.135815
v 0.000000 -18.330127 -100.500002
v 0.000000 -18.330127 -95.500002
v 0.000000 -18.330127 -72.500000
v 0.000000 -18.330127 -67.500000
v 0.000000 -18.330127 -44.499998
v 0.000000 -18.330127 -39.500000
v 0.000000 -18.330127 -16.500000
v 0.000000 -18.330127 -11.500000
v 0.000000 -18.208358 -128.699951
v 0.000000 -17.273329 -122.220411
v 0.000000 -17.213938 -101.830225
v 0.000000 -17.213938 -94.169779
v 0.000000 -17.213938 -73.830223
v 0.000000 -17.213938 -66.169777
v 0.000000 -17.213938 -45.830221
v 0.000000 -17.213938 -38.169777
v 0.000000 -17.213938 -17.830222
v 0.000000 -17.213938 -10.169778
v 0.000000 -17.000000 -130.000000
v 0.000000 -16.329372 -106.693335
v 0.000000 -16.329372 -89.306669
v 0.000000 -16.329372 -78.693333
v 0.000000 -16.329372 -61.306667
v 0.000000 -16.329372 -50.693331
v 0.000000 -16.329372 -33.306668
v 0.000000 -16.329372 -22.693331
v 0.000000 -16.329372 -5.306668
v 0.000000 -16.260791 -117.288580
v 0.000000 -15.746716 -121.315022
v 0.000000 -15.710101 -102.698460
v 0.000000 -15.710101 -93.301535
v 0.000000 -15.710101 -74.698462
v 0.000000 -15.710101 -65.301538
v 0.000000 -15.710101 -46.698465
v 0.000000 -15.710101 -37.301536
v 0.000000 -15.710101 -18.698463
v 0.000000 -15.710101 -9.301537
v 0.000000 -14.556683 -138.000002
v 0.000000 -14.556683 -135.000000
v 0.000000 -14.000001 -131.000004
v 0.000000 -14.000001 -130.000000
v 0.000000 -14.000000 -121.000004
v 0.000000 -14.000000 -116.999998
v 0.000000 -14.000000 -106.999998
v 0.000000 -14.000000 -103.000002
v 0.000000 -14.000000 -93.000002
v 0.000000 -14.000000 -88.999996
v 0.000000 -14.000001 -79.000001
v 0.000000 -14.000001 -75.000000
v 0.000000 -14.000000 -65.000000
v 0.000000 -14.000000 -60.999999
v 0.000000 -14.000001 -50.999999
v 0.000000 -14.000001 -46.999998
v 0.000000 -14.000000 -37.000000
v 0.000000 -14.000000 -33.000000
v 0.000000 -14.000001 -23.000000
v 0.000000 -14.000001 -19.000000
v 0.000000 -14.000000 -9.000000
v 0.000000 -14.000000 -5.000000
v 0.000000 -6.000000 -131.000004
v 0.000000 -3.871408 -131.229172
v 0.000000 -1.840377 -131.906185
v 0.000000 0.000000 -133.000002
v 0.000000 0.000000 -130.000000
v 0.000000 0.000000 -121.000004
v 0.000000 0.000000 -116.999998
v 0.000000 0.000000 -106.999998
v 0.000000 0.000000 -103.000002
v 0.000000 0.000000 -93.000002
v 0.000000 0.000000 -88.999996
v 0.000000 0.000000 -79.000001
v 0.000000 0.000000 -75.000000
v 0.000000 0.000000 -65.000000
v 0.000000 0.000000 -60.999999
v 0.000000 0.000000 -50.999999
v 0.000000 0.000000 -46.999998
v 0.000000 0.000000 -37.000000
v 0.000000 0.000000 -33.000000
v 0.000000 0.000000 -23.000000
v 0.000000 0.000000 -19.000000
v 0.000000 0.000000 -9.000000
v 0.000000 0.000000 -5.000000
v 0.000000 0.000000 5.000000
v 0.000000 1.710101 -116.698465
v 0.000000 1.710101 -107.301540
v 0.000000 1.710101 -88.698463
v 0.000000 1.710101 -79.301538
v 0.000000 1.710101 -60.698462
v 0.000000 1.710101 -51.301537
v 0.000000 1.710101 -32.698462
v 0.000000 1.710101 -23.301537
v 0.000000 1.710101 -4.698463
v 0.000000 1.710101 4.698463
v 0.000000 2.000000 -135.000000
v 0.000000 2.139156 -8.742083
v 0.000000 2.329371 -120.693331
v 0.000000 2.329371 -103.306665
v 0.000000 2.329371 -92.693329
v 0.000000 2.329371 -75.306668
v 0.000000 2.329371 -64.693332
v 0.000000 2.329371 -47.306666
v 0.000000 2.329371 -36.693332
v 0.000000 2.329371 -19.306668
v 0.000000 2.625213 -135.939789
v 0.000000 3.140532 -136.944056
v 0.000000 3.213938 -115.830221
v 0.000000 3.213938 -108.169775
v 0.000000 3.213938 -87.830219
v 0.000000 3.213938 -80.169773
v 0.000000 3.213938 -59.830222
v 0.000000 3.213938 -52.169776
v 0.000000 3.213938 -31.830223
v 0.000000 3.213938 -24.169779
v 0.000000 3.213938 -3.830222
v 0.000000 3.213938 3.830222
v 0.000000 3.539392 -138.000002
v 0.000000 4.155706 -7.983114
v 0.000000 4.330127 -114.499998
v 0.000000 4.330127 -109.499998
v 0.000000 4.330127 -86.499996
v 0.000000 4.330127 -81.499996
v 0.000000 4.330127 -58.499999
v 0.000000 4.330127 -53.499999
v 0.000000 4.330127 -30.500000
v 0.000000 4.330127 -25.500000
v 0.000000 4.330127 -2.500000
v 0.000000 4.330127 2.500000
v 0.000000 4.500000 -119.794226
v 0.000000 4.500000 -104.205770
v 0.000000 4.500000 -91.794233
v 0.000000 4.500000 -76.205773
v 0.000000 4.500000 -63.794227
v 0.000000 4.500000 -48.205771
v 0.000000 4.500000 -35.794230
v 0.000000 4.500000 -20.205772
v 0.000000 4.924039 -112.868242
v 0.000000 4.924039 -111.131763
v 0.000000 4.924039 -84.868240
v 0.000000 4.924039 -83.131762
v 0.000000 4.924039 -56.868243
v 0.000000 4.924039 -55.131760
v 0.000000 4.924039 -28.868241
v 0.000000 4.924039 -27.131760
v 0.000000 4.924039 -0.868241
v 0.000000 4.924039 0.868241
v 0.000000 5.934073 -6.766593
v 0.000000 6.363961 -118.363962
v 0.000000 6.363961 -105.636044
v 0.000000 6.363961 -90.363960
v 0.000000 6.363961 -77.636037
v 0.000000 6.363961 -62.363963
v 0.000000 6.363961 -49.636040
v 0.000000 6.363961 -34.363961
v 0.000000 6.363961 -21.636038
v 0.000000 7.372328 -5.162246
v 0.000000 7.483315 5.000000
v 0.000000 7.794229 -116.499996
v 0.000000 7.794229 -107.500000
v 0.000000 7.794229 -88.500004
v 0.000000 7.794229 -79.499998
v 0.000000 7.794229 -60.500002
v 0.000000 7.794229 -51.500001
v 0.000000 7.794229 -32.500000
v 0.000000 7.794229 -23.499999
v 0.000000 8.388039 -3.262025
v 0.000000 8.457282 3.078049
v 0.000000 8.693333 -114.329367
v 0.000000 8.693333 -109.670630
v 0.000000 8.693333 -86.329374
v 0.000000 8.693333 -81.670628
v 0.000000 8.693333 -58.329372
v 0.000000 8.693333 -53.670630
v 0.000000 8.693333 -30.329370
v 0.000000 8.693333 -25.670629
v 0.000000 8.922990 -1.174841
v 0.000000 8.946521 0.979679
v 0.000000 9.000000 -141.000004
v 0.000000 9.000000 -138.000002
v 0.000000 9.000000 -111.999998
v 0.000000 9.000000 -83.999996
v 0.000000 9.000000 -55.999999
v 0.000000 9.000000 -28.000000
v 0.000000 9.000000 5.000000
v 0.000000 10.000000 -135.000000
v 0.000000 10.000000 -130.000000
v 0.000000 10.000000 4.732051
v 0.000000 10.732051 4.000000
v 0.000000 11.000000 -135.000000
v 0.000000 11.000000 3.000000
v 0.000000 12.000000 9.000000
v 0.000000 13.000000 8.732051
v 0.000000 13.732051 8.000000
v 0.000000 14.000000 -135.000000
v 0.000000 14.000000 7.000000
v 0.030385 -14.000001 -130.347300
v 0.120615 -14.000001 -130.684042
v 0.141580 -15.593528 -130.739193
v 0.143075 -21.648917 -130.742750
v 0.267949 -24.000001 -131.000004
v 0.267949 -14.000001 -131.000004
v 0.267949 0.000000 -131.000004
v 0.267949 10.000000 -131.000004
v 0.550860 -21.216214 -131.378250
v 1.000000 -24.000001 -131.732054
v 1.000000 0.000000 -131.732054
v 1.000000 10.000000 -131.732054
v 1.184981 -20.859549 -131.826353
v 2.000000 -24.000001 -131.999998
v 2.000000 -20.708206 -131.999998
v 2.000000 0.000000 -131.999998
v 2.000000 10.000000 -131.999998
v 10.000000 -24.000001 -131.999998
v 10.000000 -20.708206 -131.999998
v 10.000000 0.000000 -131.999998
v 10.000000 10.000000 -131.999998
v 10.815020 -20.859549 -131.826353
v 11.000000 -24.000001 -131.732054
v 11.000000 0.000000 -131.732054
v 11.000000 10.000000 -131.732054
v 11.449140 -21.216214 -131.378250
v 11.500000 -28.000000 -113.999996
v 11.500000 -28.000000 -110.000000
v 11.500000 -28.000000 -101.999998
v 11.500000 -28.000000 -98.000002
v 11.500000 -28.000000 -90.000000
v 11.500000 -28.000000 -86.000004
v 11.500000 -28.000000 -78.000002
v 11.500000 -28.000000 -74.000001
v 11.500000 -28.000000 -65.999999
v 11.500000 -28.000000 -61.999998
v 11.500000 -28.000000 -54.000001
v 11.500000 -28.000000 -50.000000
v 11.500000 -27.771640 -108.851948
v 11.500000 -27.771640 -96.851950
v 11.500000 -27.771640 -84.851952
v 11.500000 -27.771640 -72.851949
v 11.500000 -27.771640 -60.851951
v 11.500000 -27.771640 -48.851948
v 11.500000 -27.121320 -107.878675
v 11.500000 -27.121320 -95.878677
v 11.500000 -27.121320 -83.878679
v 11.500000 -27.121320 -71.878681
v 11.500000 -27.121320 -59.878678
v 11.500000 -27.121320 -47.878680
v 11.500000 -26.148050 -107.228365
v 11.500000 -26.148050 -95.228357
v 11.500000 -26.148050 -83.228359
v 11.500000 -26.148050 -71.228361
v 11.500000 -26.148050 -59.228363
v 11.500000 -26.148050 -47.228360
v 11.500000 -25.000000 -113.999996
v 11.500000 -25.000000 -106.999998
v 11.500000 -25.000000 -101.999998
v 11.500000 -25.000000 -95.000000
v 11.500000 -25.000000 -90.000000
v 11.500000 -25.000000 -83.000002
v 11.500000 -25.000000 -78.000002
v 11.500000 -25.000000 -70.999999
v 11.500000 -25.000000 -65.999999
v 11.500000 -25.000000 -59.000001
v 11.500000 -25.000000 -54.000001
v 11.500000 -25.000000 -46.999998
v 11.500000 11.000000 -113.999996
v 11.500000 11.000000 -106.999998
v 11.500000 11.000000 -101.999998
v 11.500000 11.000000 -95.000000
v 11.500000 11.000000 -90.000000
v 11.500000 11.000000 -83.000002
v 11.500000 11.000000 -78.000002
v 11.500000 11.000000 -70.999999
v 11.500000 11.000000 -65.999999
v 11.500000 11.000000 -59.000001
v 11.500000 11.000000 -54.000001
v 11.500000 11.000000 -46.999998
v 11.500000 12.148050 -107.228365
v 11.500000 12.148050 -95.228357
v 11.500000 12.148050 -83.228359
v 11.500000 12.148050 -71.228361
v 11.500000 12.148050 -59.228363
v 11.500000 12.148050 -47.228360
v 11.500000 13.121320 -107.878675
v 11.500000 13.121320 -95.878677
v 11.500000 13.121320 -83.878679
v 11.500000 13.121320 -71.878681
v 11.500000 13.121320 -59.878678
v 11.500000 13.121320 -47.878680
v 11.500000 13.771639 -108.851948
v 11.500000 13.771639 -96.851950
v 11.500000 13.771639 -84.851952
v 11.500000 13.771639 -72.851949
v 11.500000 13.771639 -60.851951
v 11.500000 13.771639 -48.851948
v 11.500000 14.000000 -113.999996
v 11.500000 14.000000 -110.000000
v 11.500000 14.000000 -101.999998
v 11.500000 14.000000 -98.000002
v 11.500000 14.000000 -90.000000
v 11.500000 14.000000 -86.000004
v 11.500000 14.000000 -78.000002
v 11.500000 14.000000 -74.000001
v 11.500000 14.000000 -65.999999
v 11.500000 14.000000 -61.999998
v 11.500000 14.000000 -54.000001
v 11.500000 14.000000 -50.000000
v 11.732051 -24.000001 -131.000004
v 11.732050 -14.000001 -131.000004
v 11.732051 0.000000 -131.000004
v 11.732051 10.000000 -131.000004
v 11.856925 -21.648917 -130.742750
v 11.858420 -15.593528 -130.739193
v 11.879386 -14.000001 -130.684042
v 11.969615 -14.000001 -130.347300
v 12.000000 -24.000001 -130.000000
v 12.000000 -24.000001 -120.000000
v 12.000000 -22.998910 -125.859976
v 12.000000 -22.778144 -127.985992
v 12.000000 -22.712107 -123.741856
v 12.000000 -22.062259 -130.000000
v 12.000000 -21.933906 -121.751099
v 12.000000 -20.708203 -120.000000
v 12.000000 -18.948740 -125.285873
v 12.000000 -18.886420 -127.059679
v 12.000000 -18.387468 -123.602057
v 12.000000 -18.208358 -128.699951
v 12.000000 -17.273329 -122.220411
v 12.000000 -17.000000 -130.000000
v 12.000000 -15.746717 -121.315022
v 12.000000 -14.000001 -130.000000
v 12.000000 -14.000001 -121.000004
v 12.000000 0.000000 -130.000000
v 12.000000 0.000000 -121.000004
v 12.000000 1.421667 -120.887003
v 12.000000 2.807637 -120.550861
v 12.000000 4.123106 -120.000000
v 12.000000 10.000000 -130.000000
v 12.000000 10.000000 -120.000000
v 12.625000 -28.000000 -141.000004
v 12.625000 -28.000000 -138.000002
v 12.625000 -23.000000 -141.000004
v 12.625000 -23.000000 -138.000002
v 12.625000 9.000000 -141.000004
v 12.625000 9.000000 -138.000002
v 12.625000 14.000000 -141.000004
v 12.625000 14.000000 -138.000002
v 12.701120 -28.382683 -140.923882
v 12.701120 -28.382683 -138.076124
v 12.701120 14.382683 -140.923882
v 12.701120 14.382683 -138.076124
v 12.917893 -28.707106 -140.707111
v 12.917893 -28.707106 -138.292894
v 12.917893 14.707106 -140.707111
v 12.917893 14.707106 -138.292894
v 13.000000 -24.000001 -135.000000
v 13.000000 -14.556683 -135.000000
v 13.000000 -14.000001 -135.000000
v 13.000000 2.000000 -135.000000
v 13.000000 10.000000 -135.000000
v 13.242316 -28.923879 -140.382681
v 13.242316 -28.923879 -138.617315
v 13.242316 14.923879 -140.382681
v 13.242316 14.923879 -138.617315
v 13.625000 -29.000001 -140.000000
v 13.625000 -29.000001 -138.999996
v 13.625000 15.000000 -140.000000
v 13.625000 15.000000 -138.999996
v 13.680151 -15.458437 -134.879589
v 13.910127 1.830570 -134.780579
v 14.000000 -24.000001 -134.732046
v 14.000000 10.000000 -134.732046
v 14.315616 -16.939669 -134.506369
v 14.555715 1.383702 -134.256363
v 14.732051 -24.000001 -133.999996
v 14.732051 10.000000 -133.999996
v 14.802527 -18.359321 -133.873034
v 14.903057 0.742119 -133.614817
v 15.000000 -24.000001 -133.000002
v 15.000000 -24.000001 -120.000000
v 15.000000 -22.994463 -125.684366
v 15.000000 -22.826853 -127.756901
v 15.000000 -22.681985 -123.628683
v 15.000000 -22.188096 -129.735651
v 15.000000 -21.906092 -121.699572
v 15.000000 -21.112289 -131.515007
v 15.000000 -20.708203 -120.000000
v 15.000000 -19.656855 -133.000002
v 15.000000 -18.924040 -126.868238
v 15.000000 -18.924040 -125.131760
v 15.000000 -18.330127 -128.500004
v 15.000000 -18.330127 -123.500004
v 15.000000 -17.213938 -129.830227
v 15.000000 -17.213938 -122.169781
v 15.000000 -15.710101 -130.698462
v 15.000000 -15.710101 -121.301537
v 15.000000 -14.000001 -131.000004
v 15.000000 -14.000001 -121.000004
v 15.000000 0.000000 -133.000002
v 15.000000 0.000000 -121.000004
v 15.000000 1.421667 -120.887003
v 15.000000 2.807637 -120.550861
v 15.000000 4.123106 -120.000000
v 15.000000 10.000000 -133.000002
v 15.000000 10.000000 -120.000000
v 16.375000 -29.000001 -140.000000
v 16.375000 -29.000001 -138.999996
v 16.375000 15.000000 -140.000000
v 16.375000 15.000000 -138.999996
v 16.757684 -28.923879 -140.382681
v 16.757684 -28.923879 -138.617315
v 16.757684 14.923879 -140.382681
v 16.757684 14.923879 -138.617315
v 17.082107 -28.707106 -140.707111
v 17.082107 -28.707106 -138.292894
v 17.082107 14.707106 -140.707111
v 17.082107 14.707106 -138.292894
v 17.298880 -28.382683 -140.923882
v 17.298880 -28.382683 -138.076124
v 17.298880 14.382683 -140.923882
v 17.298880 14.382683 -138.076124
v 17.375000 -28.000000 -141.000004
v 17.375000 -28.000000 -138.000002
v 17.375000 -23.000000 -141.000004
v 17.375000 -23.000000 -138.000002
v 17.375000 9.000000 -141.000004
v 17.375000 9.000000 -138.000002
v 17.375000 14.000000 -141.000004
v 17.375000 14.000000 -138.000002
v 18.500000 -28.000000 -113.999996
v 18.500000 -28.000000 -110.000000
v 18.500000 -28.000000 -101.999998
v 18.500000 -28.000000 -98.000002
v 18.500000 -28.000000 -90.000000
v 18.500000 -28.000000 -86.000004
v 18.500000 -28.000000 -78.000002
v 18.500000 -28.000000 -74.000001
v 18.500000 -28.000000 -65.999999
v 18.500000 -28.000000 -61.999998
v 18.500000 -28.000000 -54.000001
v 18.500000 -28.000000 -50.000000
v 18.500000 -27.771640 -108.851948
v 18.500000 -27.771640 -96.851950
v 18.500000 -27.771640 -84.851952
v 18.500000 -27.771640 -72.851949
v 18.500000 -27.771640 -60.851951
v 18.500000 -27.771640 -48.851948
v 18.500000 -27.121320 -107.878675
v 18.500000 -27.121320 -95.878677
v 18.500000 -27.121320 -83.878679
v 18.500000 -27.121320 -71.878681
v 18.500000 -27.121320 -59.878678
v 18.500000 -27.121320 -47.878680
v 18.500000 -26.148050 -107.228365
v 18.500000 -26.148050 -95.228357
v 18.500000 -26.148050 -83.228359
v 18.500000 -26.148050 -71.228361
v 18.500000 -26.148050 -59.228363
v 18.500000 -26.148050 -47.228360
v 18.500000 -25.000000 -113.999996
v 18.500000 -25.000000 -106.999998
v 18.500000 -25.000000 -101.999998
v 18.500000 -25.000000 -95.000000
v 18.500000 -25.000000 -90.000000
v 18.500000 -25.000000 -83.000002
v 18.500000 -25.000000 -78.000002
v 18.500000 -25.000000 -70.999999
v 18.500000 -25.000000 -65.999999
v 18.500000 -25.000000 -59.000001
v 18.500000 -25.000000 -54.000001
v 18.500000 -25.000000 -46.999998
v 18.500000 11.000000 -113.999996
v 18.500000 11.000000 -106.999998
v 18.500000 11.000000 -101.999998
v 18.500000 11.000000 -95.000000
v 18.500000 11.000000 -90.000000
v 18.500000 11.000000 -83.000002
v 18.500000 11.000000 -78.000002
v 18.500000 11.000000 -70.999999
v 18.500000 11.000000 -65.999999
v 18.500000 11.000000 -59.000001
v 18.500000 11.000000 -54.000001
v 18.500000 11.000000 -46.999998
v 18.500000 12.148050 -107.228365
v 18.500000 12.148050 -95.228357
v 18.500000 12.148050 -83.228359
v 18.500000 12.148050 -71.228361
v 18.500000 12.148050 -59.228363
v 18.500000 12.148050 -47.228360
v 18.500000 13.121320 -107.878675
v 18.500000 13.121320 -95.878677
v 18.500000 13.121320 -83.878679
v 18.500000 13.121320 -71.878681
v 18.500000 13.121320 -59.878678
v 18.500000 13.121320 -47.878680
v 18.500000 13.771639 -108.851948
v 18.500000 13.771639 -96.851950
v 18.500000 13.771639 -84.851952
v 18.500000 13.771639 -72.851949
v 18.500000 13.771639 -60.851951
v 18.500000 13.771639 -48.851948
v 18.500000 14.000000 -113.999996
v 18.500000 14.000000 -110.000000
v 18.500000 14.000000 -101.999998
v 18.500000 14.000000 -98.000002
v 18.500000 14.000000 -90.000000
v 18.500000 14.000000 -86.000004
v 18.500000 14.000000 -78.000002
v 18.500000 14.000000 -74.000001
v 18.500000 14.000000 -65.999999
v 18.500000 14.000000 -61.999998
v 18.500000 14.000000 -54.000001
v 18.500000 14.000000 -50.000000
v 30.000000 -28.000000 -135.000000
v 30.000000 -28.000000 7.000000
v 30.000000 -27.732050 8.000000
v 30.000000 -27.000000 8.732051
v 30.000000 -26.000001 9.000000
v 30.000000 -25.000000 -135.000000
v 30.000000 -25.000000 3.000000
v 30.000000 -24.732051 4.000000
v 30.000000 -24.000001 4.732051
v 30.000000 -23.000000 -141.000004
v 30.000000 -23.000000 -138.000002
v 30.000000 -23.000000 -98.000002
v 30.000000 -23.000000 -70.000000
v 30.000000 -23.000000 -41.999998
v 30.000000 -23.000000 -14.000000
v 30.000000 -23.000000 5.000000
v 30.000000 -22.995708 -125.722055
v 30.000000 -22.882738 -127.448092
v 30.000000 -22.776396 -124.006290
v 30.000000 -22.693334 -100.329370
v 30.000000 -22.693334 -95.670624
v 30.000000 -22.693334 -72.329373
v 30.000000 -22.693334 -67.670627
v 30.000000 -22.693334 -44.329371
v 30.000000 -22.693334 -39.670627
v 30.000000 -22.693334 -16.329371
v 30.000000 -22.693334 -11.670629
v 30.000000 -22.441664 -129.120626
v 30.000000 -22.232907 -122.364168
v 30.000000 -21.794229 -102.500000
v 30.000000 -21.794229 -93.500004
v 30.000000 -21.794229 -74.499998
v 30.000000 -21.794229 -65.500002
v 30.000000 -21.794229 -46.500001
v 30.000000 -21.794229 -37.500000
v 30.000000 -21.794229 -18.500000
v 30.000000 -21.794229 -9.500000
v 30.000000 -21.688774 -130.677900
v 30.000000 -21.385312 -120.856342
v 30.000000 -20.651877 -132.062387
v 30.000000 -20.363960 -104.363956
v 30.000000 -20.363960 -91.636038
v 30.000000 -20.363963 -76.363959
v 30.000000 -20.363960 -63.636041
v 30.000000 -20.363963 -48.363962
v 30.000000 -20.363960 -35.636039
v 30.000000 -20.363963 -20.363960
v 30.000000 -20.363960 -7.636039
v 30.000000 -20.264924 -119.538517
v 30.000000 -19.369278 -133.222942
v 30.000000 -18.924040 -126.868238
v 30.000000 -18.924040 -125.131760
v 30.000000 -18.924040 -98.868237
v 30.000000 -18.924040 -97.131758
v 30.000000 -18.924040 -70.868239
v 30.000000 -18.924040 -69.131761
v 30.000000 -18.924040 -42.868242
v 30.000000 -18.924040 -41.131759
v 30.000000 -18.924040 -14.868240
v 30.000000 -18.924040 -13.131759
v 30.000000 -18.913122 -118.459358
v 30.000000 -18.500000 -105.794230
v 30.000000 -18.500000 -90.205774
v 30.000000 -18.500000 -77.794228
v 30.000000 -18.500000 -62.205772
v 30.000000 -18.500000 -49.794230
v 30.000000 -18.500000 -34.205770
v 30.000000 -18.500000 -21.794229
v 30.000000 -18.500000 -6.205771
v 30.000000 -18.330127 -128.500004
v 30.000000 -18.330127 -123.500004
v 30.000000 -18.330127 -100.500002
v 30.000000 -18.330127 -95.500002
v 30.000000 -18.330127 -72.500000
v 30.000000 -18.330127 -67.500000
v 30.000000 -18.330127 -44.499998
v 30.000000 -18.330127 -39.500000
v 30.000000 -18.330127 -16.500000
v 30.000000 -18.330127 -11.500000
v 30.000000 -17.888349 -134.116697
v 30.000000 -17.379842 -117.658739
v 30.000000 -17.213938 -129.830217
v 30.000000 -17.213938 -122.169781
v 30.000000 -17.213938 -101.830225
v 30.000000 -17.213938 -94.169779
v 30.000000 -17.213938 -73.830223
v 30.000000 -17.213938 -66.169777
v 30.000000 -17.213938 -45.830221
v 30.000000 -17.213938 -38.169777
v 30.000000 -17.213938 -17.830222
v 30.000000 -17.213938 -10.169778
v 30.000000 -16.329372 -106.693335
v 30.000000 -16.329372 -89.306669
v 30.000000 -16.329372 -78.693333
v 30.000000 -16.329372 -61.306667
v 30.000000 -16.329372 -50.693331
v 30.000000 -16.329372 -33.306668
v 30.000000 -16.329372 -22.693331
v 30.000000 -16.329372 -5.306668
v 30.000000 -16.263795 -134.710636
v 30.000000 -15.721719 -117.166224
v 30.000000 -15.710101 -130.698462
v 30.000000 -15.710101 -121.301537
v 30.000000 -15.710101 -102.698460
v 30.000000 -15.710101 -93.301535
v 30.000000 -15.710101 -74.698462
v 30.000000 -15.710101 -65.301538
v 30.000000 -15.710101 -46.698465
v 30.000000 -15.710101 -37.301536
v 30.000000 -15.710101 -18.698463
v 30.000000 -15.710101 -9.301537
v 30.000000 -14.556683 -138.000002
v 30.000000 -14.556683 -135.000000
v 30.000000 -14.555622 -134.982834
v 30.000000 -14.000001 -135.000000
v 30.000000 -14.000001 -131.000004
v 30.000000 -14.000000 -121.000004
v 30.000000 -14.000000 -116.999998
v 30.000000 -14.000000 -106.999998
v 30.000000 -14.000000 -103.000002
v 30.000000 -14.000000 -93.000002
v 30.000000 -14.000000 -88.999996
v 30.000000 -14.000001 -79.000001
v 30.000000 -14.000001 -75.000000
v 30.000000 -14.000000 -65.000000
v 30.000000 -14.000000 -60.999999
v 30.000000 -14.000001 -50.999999
v 30.000000 -14.000001 -46.999998
v 30.000000 -14.000000 -37.000000
v 30.000000 -14.000000 -33.000000
v 30.000000 -14.000001 -23.000000
v 30.000000 -14.000001 -19.000000
v 30.000000 -14.000000 -9.000000
v 30.000000 -14.000000 -5.000000
v 30.000000 -6.000000 -131.000004
v 30.000000 -3.905453 -131.221819
v 30.000000 -1.903827 -131.877422
v 30.000000 -0.083920 -132.937746
v 30.000000 0.000000 -121.000004
v 30.000000 0.000000 -116.999998
v 30.000000 0.000000 -106.999998
v 30.000000 0.000000 -103.000002
v 30.000000 0.000000 -93.000002
v 30.000000 0.000000 -88.999996
v 30.000000 0.000000 -79.000001
v 30.000000 0.000000 -75.000000
v 30.000000 0.000000 -65.000000
v 30.000000 0.000000 -60.999999
v 30.000000 0.000000 -50.999999
v 30.000000 0.000000 -46.999998
v 30.000000 0.000000 -37.000000
v 30.000000 0.000000 -33.000000
v 30.000000 0.000000 -23.000000
v 30.000000 0.000000 -19.000000
v 30.000000 0.000000 -9.000000
v 30.000000 0.000000 -5.000000
v 30.000000 0.000000 5.000000
v 30.000000 1.473529 -134.355726
v 30.000000 1.710101 -116.698465
v 30.000000 1.710101 -107.301540
v 30.000000 1.710101 -88.698463
v 30.000000 1.710101 -79.301538
v 30.000000 1.710101 -60.698462
v 30.000000 1.710101 -51.301537
v 30.000000 1.710101 -32.698462
v 30.000000 1.710101 -23.301537
v 30.000000 1.710101 -4.698463
v 30.000000 1.710101 4.698463
v 30.000000 2.139156 -8.742083
v 30.000000 2.329371 -120.693331
v 30.000000 2.329371 -103.306665
v 30.000000 2.329371 -92.693329
v 30.000000 2.329371 -75.306668
v 30.000000 2.329371 -64.693332
v 30.000000 2.329371 -47.306666
v 30.000000 2.329371 -36.693332
v 30.000000 2.329371 -19.306668
v 30.000000 2.699428 -136.068478
v 30.000000 3.213938 -115.830221
v 30.000000 3.213938 -108.169775
v 30.000000 3.213938 -87.830219
v 30.000000 3.213938 -80.169773
v 30.000000 3.213938 -59.830222
v 30.000000 3.213938 -52.169776
v 30.000000 3.213938 -31.830223
v 30.000000 3.213938 -24.169779
v 30.000000 3.213938 -3.830222
v 30.000000 3.213938 3.830222
v 30.000000 3.539392 -138.000002
v 30.000000 4.155706 -7.983114
v 30.000000 4.330127 -114.499998
v 30.000000 4.330127 -109.499998
v 30.000000 4.330127 -86.499996
v 30.000000 4.330127 -81.499996
v 30.000000 4.330127 -58.499999
v 30.000000 4.330127 -53.499999
v 30.000000 4.330127 -30.500000
v 30.000000 4.330127 -25.500000
v 30.000000 4.330127 -2.500000
v 30.000000 4.330127 2.500000
v 30.000000 4.500000 -119.794226
v 30.000000 4.500000 -104.205770
v 30.000000 4.500000 -91.794233
v 30.000000 4.500000 -76.205773
v 30.000000 4.500000 -63.794227
v 30.000000 4.500000 -48.205771
v 30.000000 4.500000 -35.794230
v 30.000000 4.500000 -20.205772
v 30.000000 4.924039 -112.868242
v 30.000000 4.924039 -111.131763
v 30.000000 4.924039 -84.868240
v 30.000000 4.924039 -83.131762
v 30.000000 4.924039 -56.868243
v 30.000000 4.924039 -55.131760
v 30.000000 4.924039 -28.868241
v 30.000000 4.924039 -27.131760
v 30.000000 4.924039 -0.868241
v 30.000000 4.924039 0.868241
v 30.000000 5.934073 -6.766593
v 30.000000 6.363961 -118.363962
v 30.000000 6.363961 -105.636044
v 30.000000 6.363961 -90.363960
v 30.000000 6.363961 -77.636037
v 30.000000 6.363961 -62.363963
v 30.000000 6.363961 -49.636040
v 30.000000 6.363961 -34.363961
v 30.000000 6.363961 -21.636038
v 30.000000 7.372328 -5.162246
v 30.000000 7.483315 5.000000
v 30.000000 7.794229 -116.499996
v 30.000000 7.794229 -107.500000
v 30.000000 7.794229 -88.500004
v 30.000000 7.794229 -79.499998
v 30.000000 7.794229 -60.500002
v 30.000000 7.794229 -51.500001
v 30.000000 7.794229 -32.500000
v 30.000000 7.794229 -23.499999
v 30.000000 8.388039 -3.262025
v 30.000000 8.457282 3.078049
v 30.000000 8.693333 -114.329367
v 30.000000 8.693333 -109.670630
v 30.000000 8.693333 -86.329374
v 30.000000 8.693333 -81.670628
v 30.000000 8.693333 -58.329372
v 30.000000 8.693333 -53.670630
v 30.000000 8.693333 -30.329370
v 30.000000 8.693333 -25.670629
v 30.000000 8.922990 -1.174841
v 30.000000 8.946521 0.979679
v 30.000000 9.000000 -141.000004
v 30.000000 9.000000 -138.000002
v 30.000000 9.000000 -111.999998
v 30.000000 9.000000 -83.999996
v 30.000000 9.000000 -55.999999
v 30.000000 9.000000 -28.000000
v 30.000000 9.000000 5.000000
v 30.000000 10.000000 4.732051
v 30.000000 10.732051 4.000000
v 30.000000 11.000000 -135.000000
v 30.000000 11.000000 3.000000
v 30.000000 12.000000 9.000000
v 30.000000 13.000000 8.732051
v 30.000000 13.732051 8.000000
v 30.000000 14.000000 -135.000000
v 30.000000 14.000000 7.000000
vt -3.000000 0.157080 0.000000
vt -3.000000 0.052360 0.000000
vt -3.000000 -0.052360 0.000000
vt -3.000000 -0.157080 0.000000
vt -0.000000 -0.157080 0.000000
vt -0.000000 -0.052360 0.000000
vt -0.000000 0.052360 0.000000
vt -0.000000 0.157080 0.000000
vt -7.300000 2.100000 0.000000
vt -7.400000 2.073205 0.000000
vt -7.473205 2.000000 0.000000
vt -7.500000 1.900000 0.000000
vt -7.500000 -1.900000 0.000000
vt -7.473205 -2.000000 0.000000
vt -7.400000 -2.073205 0.000000
vt -7.300000 -2.100000 0.000000
vt 6.900000 -2.100000 0.000000
vt 6.900000 -1.800000 0.000000
vt -6.900000 -1.800000 0.000000
vt -7.000000 -1.773205 0.000000
vt -7.073205 -1.700000 0.000000
vt -7.100000 -1.600000 0.000000
vt -7.100000 0.700000 0.000000
vt -7.069846 0.871010 0.000000
vt -6.983022 1.021394 0.000000
vt -6.850000 1.133013 0.000000
vt -6.686824 1.192404 0.000000
vt -6.513176 1.192404 0.000000
vt -6.350000 1.133013 0.000000
vt -6.216978 1.021394 0.000000
vt -6.130154 0.871010 0.000000
vt -6.100000 0.700000 0.000000
vt -6.100000 -0.700000 0.000000
vt -6.069333 -0.932937 0.000000
vt -5.979423 -1.150000 0.000000
vt -5.836396 -1.336396 0.000000
vt -5.650000 -1.479423 0.000000
vt -5.432937 -1.569333 0.000000
vt -5.200000 -1.600000 0.000000
vt -4.967063 -1.569333 0.000000
vt -4.750000 -1.479423 0.000000
vt -4.563604 -1.336396 0.000000
vt -4.420577 -1.150000 0.000000
vt -4.330667 -0.932937 0.000000
vt -4.300000 -0.700000 0.000000
vt -4.300000 0.700000 0.000000
vt -4.269846 0.871010 0.000000
vt -4.183022 1.021394 0.000000
vt -4.050000 1.133013 0.000000
vt -3.886824 1.192404 0.000000
vt -3.713176 1.192404 0.000000
vt -3.550000 1.133013 0.000000
vt -3.416978 1.021394 0.000000
vt -3.330154 0.871010 0.000000
vt -3.300000 0.700000 0.000000
vt -3.300000 -0.700000 0.000000
vt -3.269333 -0.932937 0.000000
vt -3.179423 -1.150000 0.000000
vt -3.036396 -1.336396 0.000000
vt -2.850000 -1.479423 0.000000
vt -2.632937 -1.569333 0.000000
vt -2.400000 -1.600000 0.000000
vt -2.167063 -1.569333 0.000000
vt -1.950000 -1.479423 0.000000
vt -1.763604 -1.336396 0.000000
vt -1.620577 -1.150000 0.000000
vt -1.530667 -0.932937 0.000000
vt -1.500000 -0.700000 0.000000
vt -1.500000 0.700000 0.000000
vt -1.469846 0.871010 0.000000
vt -1.383022 1.021394 0.000000
vt -1.250000 1.133013 0.000000
vt -1.086824 1.192404 0.000000
vt -0.913176 1.192404 0.000000
vt -0.750000 1.133013 0.000000
vt -0.616978 1.021394 0.000000
vt -0.530154 0.871010 0.000000
vt -0.500000 0.700000 0.000000
vt -0.500000 -0.700000 0.000000
vt -0.469333 -0.932937 0.000000
vt -0.379423 -1.150000 0.000000
vt -0.236396 -1.336396 0.000000
vt -0.050000 -1.479423 0.000000
vt 0.167063 -1.569333 0.000000
vt 0.400000 -1.600000 0.000000
vt 0.632937 -1.569333 0.000000
vt 0.850000 -1.479423 0.000000
vt 1.036396 -1.336396 0.000000
vt 1.179423 -1.150000 0.000000
vt 1.269333 -0.932937 0.000000
vt 1.300000 -0.700000 0.000000
vt 1.300000 0.700000 0.000000
vt 1.330154 0.871010 0.000000
vt 1.416978 1.021394 0.000000
vt 1.550000 1.133013 0.000000
vt 1.713176 1.192404 0.000000
vt 1.886824 1.192404 0.000000
vt 2.050000 1.133013 0.000000
vt 2.183022 1.021394 0.000000
vt 2.269846 0.871010 0.000000
vt 2.300000 0.700000 0.000000
vt 2.300000 -0.700000 0.000000
vt 2.330667 -0.932937 0.000000
vt 2.420577 -1.150000 0.000000
vt 2.563604 -1.336396 0.000000
vt 2.750000 -1.479423 0.000000
vt 2.967063 -1.569333 0.000000
vt 3.200000 -1.600000 0.000000
vt 3.432937 -1.569333 0.000000
vt 3.650000 -1.479423 0.000000
vt 3.836396 -1.336396 0.000000
vt 3.979423 -1.150000 0.000000
vt 4.069333 -0.932937 0.000000
vt 4.100000 -0.700000 0.000000
vt 4.100000 0.700000 0.000000
vt 4.130154 0.871010 0.000000
vt 4.216978 1.021394 0.000000
vt 4.350000 1.133013 0.000000
vt 4.513176 1.192404 0.000000
vt 4.686824 1.192404 0.000000
vt 4.850000 1.133013 0.000000
vt 4.983022 1.021394 0.000000
vt 5.069846 0.871010 0.000000
vt 5.100000 0.700000 0.000000
vt 5.100000 -0.700000 0.000000
vt 5.116622 -0.872172 0.000000
vt 5.165874 -1.037984 0.000000
vt 5.245936 -1.191312 0.000000
vt 5.353852 -1.326492 0.000000
vt 5.485635 -1.438531 0.000000
vt 5.636417 -1.523291 0.000000
vt 5.800629 -1.577640 0.000000
vt 5.972206 -1.599571 0.000000
vt 6.144809 -1.588274 0.000000
vt 6.312063 -1.544166 0.000000
vt 6.467791 -1.468877 0.000000
vt 6.606239 -1.365188 0.000000
vt 6.722294 -1.236928 0.000000
vt 6.811669 -1.088835 0.000000
vt 6.871064 -0.926380 0.000000
vt 6.898283 -0.755562 0.000000
vt 6.900000 -0.700000 0.000000
vt 6.900000 -0.755668 0.000000
vt 7.200000 -0.755668 0.000000
vt 7.200000 -1.600000 0.000000
vt 7.500000 -1.600000 0.000000
vt 7.500000 1.600000 0.000000
vt 7.200000 1.600000 0.000000
vt 7.200000 1.053939 0.000000
vt 7.006847 0.969943 0.000000
vt 6.835573 0.847353 0.000000
vt 6.693774 0.691608 0.000000
vt 6.587742 0.509617 0.000000
vt 6.522182 0.309455 0.000000
vt 6.500000 0.100000 0.000000
vt 6.500000 -0.700000 0.000000
vt 6.469846 -0.871010 0.000000
vt 6.383022 -1.021394 0.000000
vt 6.250000 -1.133013 0.000000
vt 6.086824 -1.192404 0.000000
vt 5.913176 -1.192404 0.000000
vt 5.750000 -1.133013 0.000000
vt 5.616978 -1.021394 0.000000
vt 5.530154 -0.871010 0.000000
vt 5.500000 -0.700000 0.000000
vt 5.500000 0.700000 0.000000
vt 5.469333 0.932937 0.000000
vt 5.379423 1.150000 0.000000
vt 5.236396 1.336396 0.000000
vt 5.050000 1.479423 0.000000
vt 4.832937 1.569333 0.000000
vt 4.600000 1.600000 0.000000
vt 4.367063 1.569333 0.000000
vt 4.150000 1.479423 0.000000
vt 3.963604 1.336396 0.000000
vt 3.820577 1.150000 0.000000
vt 3.730667 0.932937 0.000000
vt 3.700000 0.700000 0.000000
vt 3.700000 -0.700000 0.000000
vt 3.669846 -0.871010 0.000000
vt 3.583022 -1.021394 0.000000
vt 3.450000 -1.133013 0.000000
vt 3.286824 -1.192404 0.000000
vt 3.113176 -1.192404 0.000000
vt 2.950000 -1.133013 0.000000
vt 2.816978 -1.021394 0.000000
vt 2.730154 -0.871010 0.000000
vt 2.700000 -0.700000 0.000000
vt 2.700000 0.700000 0.000000
vt 2.669333 0.932937 0.000000
vt 2.579423 1.150000 0.000000
vt 2.436396 1.336396 0.000000
vt 2.250000 1.479423 0.000000
vt 2.032937 1.569333 0.000000
vt 1.800000 1.600000 0.000000
vt 1.567063 1.569333 0.000000
vt 1.350000 1.479423 0.000000
vt 1.163604 1.336396 0.000000
vt 1.020577 1.150000 0.000000
vt 0.930667 0.932937 0.000000
vt 0.900000 0.700000 0.000000
vt 0.900000 -0.700000 0.000000
vt 0.869846 -0.871010 0.000000
vt 0.783022 -1.021394 0.000000
vt 0.650000 -1.133013 0.000000
vt 0.486824 -1.192404 0.000000
vt 0.313176 -1.192404 0.000000
vt 0.150000 -1.133013 0.000000
vt 0.016978 -1.021394 0.000000
vt -0.069846 -0.871010 0.000000
vt -0.100000 -0.700000 0.000000
vt -0.100000 0.700000 0.000000
vt -0.130667 0.932937 0.000000
vt -0.220577 1.150000 0.000000
vt -0.363604 1.336396 0.000000
vt -0.550000 1.479423 0.000000
vt -0.767063 1.569333 0.000000
vt -1.000000 1.600000 0.000000
vt -1.232937 1.569333 0.000000
vt -1.450000 1.479423 0.000000
vt -1.636396 1.336396 0.000000
vt -1.779423 1.150000 0.000000
vt -1.869333 0.932937 0.000000
vt -1.900000 0.700000 0.000000
vt -1.900000 -0.700000 0.000000
vt -1.930154 -0.871010 0.000000
vt -2.016978 -1.021394 0.000000
vt -2.150000 -1.133013 0.000000
vt -2.313176 -1.192404 0.000000
vt -2.486824 -1.192404 0.000000
vt -2.650000 -1.133013 0.000000
vt -2.783022 -1.021394 0.000000
vt -2.869846 -0.871010 0.000000
vt -2.900000 -0.700000 0.000000
vt -2.900000 0.700000 0.000000
vt -2.930667 0.932937 0.000000
vt -3.020577 1.150000 0.000000
vt -3.163604 1.336396 0.000000
vt -3.350000 1.479423 0.000000
vt -3.567063 1.569333 0.000000
vt -3.800000 1.600000 0.000000
vt -4.032937 1.569333 0.000000
vt -4.250000 1.479423 0.000000
vt -4.436396 1.336396 0.000000
vt -4.579423 1.150000 0.000000
vt -4.669333 0.932937 0.000000
vt -4.700000 0.700000 0.000000
vt -4.700000 -0.700000 0.000000
vt -4.730154 -0.871010 0.000000
vt -4.816978 -1.021394 0.000000
vt -4.950000 -1.133013 0.000000
vt -5.113176 -1.192404 0.000000
vt -5.286824 -1.192404 0.000000
vt -5.450000 -1.133013 0.000000
vt -5.583022 -1.021394 0.000000
vt -5.669847 -0.871010 0.000000
vt -5.700000 -0.700000 0.000000
vt -5.700000 0.700000 0.000000
vt -5.725792 0.913916 0.000000
vt -5.801689 1.115571 0.000000
vt -5.923341 1.293407 0.000000
vt -6.083776 1.437233 0.000000
vt -6.273798 1.538804 0.000000
vt -6.482516 1.592299 0.000000
vt -6.697968 1.594652 0.000000
vt -6.907805 1.545728 0.000000
vt -7.100000 1.448331 0.000000
vt -7.100000 1.600000 0.000000
vt -7.073205 1.700000 0.000000
vt -7.000000 1.773205 0.000000
vt -6.900000 1.800000 0.000000
vt 6.900000 1.800000 0.000000
vt 6.900000 2.100000 0.000000
vt 0.000000 0.000000 0.000000
vt 0.300000 0.000000 0.000000
vt 0.300000 3.000000 0.000000
vt 0.000000 3.000000 0.000000
vt -3.000000 0.157080 0.000000
vt -3.000000 0.052360 0.000000
vt -3.000000 -0.052360 0.000000
vt -3.000000 -0.157080 0.000000
vt -0.000000 -0.157080 0.000000
vt -0.000000 -0.052360 0.000000
vt -0.000000 0.052360 0.000000
vt -0.000000 0.157080 0.000000
vt 6.400000 1.150000 0.000000
vt 5.700000 1.150000 0.000000
vt 5.700000 1.850000 0.000000
vt 6.400000 1.850000 0.000000
vt 4.000000 1.150000 0.000000
vt 3.300000 1.150000 0.000000
vt 3.300000 1.850000 0.000000
vt 4.000000 1.850000 0.000000
vt 7.600000 1.150000 0.000000
vt 6.900000 1.150000 0.000000
vt 6.900000 1.850000 0.000000
vt 7.600000 1.850000 0.000000
vt 5.200000 1.150000 0.000000
vt 4.500000 1.150000 0.000000
vt 4.500000 1.850000 0.000000
vt 5.200000 1.850000 0.000000
vt 2.800000 1.150000 0.000000
vt 2.100000 1.150000 0.000000
vt 2.100000 1.850000 0.000000
vt 2.800000 1.850000 0.000000
vt 8.800000 1.150000 0.000000
vt 8.100000 1.150000 0.000000
vt 8.100000 1.850000 0.000000
vt 8.800000 1.850000 0.000000
vt 13.800000 0.000000 0.000000
vt 13.800000 3.000000 0.000000
vt 0.000000 3.000000 0.000000
vt 0.000000 0.000000 0.000000
vt -0.350000 0.150000 0.000000
vt -0.327164 0.035195 0.000000
vt -0.262132 -0.062132 0.000000
vt -0.164805 -0.127164 0.000000
vt -0.050000 -0.150000 0.000000
vt 0.350000 -0.150000 0.000000
vt 0.350000 0.150000 0.000000
vt 0.350000 0.471239 0.000000
vt -0.350000 0.471239 0.000000
vt -0.350000 0.353429 0.000000
vt -0.350000 0.235619 0.000000
vt -0.350000 0.117810 0.000000
vt -0.350000 0.000000 0.000000
vt 0.350000 0.000000 0.000000
vt 0.350000 0.117810 0.000000
vt 0.350000 0.235619 0.000000
vt 0.350000 0.353429 0.000000
vt 0.300000 -0.350000 0.000000
vt 0.300000 0.350000 0.000000
vt 0.000000 0.350000 0.000000
vt 0.000000 -0.350000 0.000000
vt 0.050000 -0.150000 0.000000
vt 0.164805 -0.127164 0.000000
vt 0.262132 -0.062132 0.000000
vt 0.327164 0.035195 0.000000
vt 0.350000 0.150000 0.000000
vt -0.350000 0.150000 0.000000
vt -0.350000 -0.150000 0.000000
vt -0.350000 0.150000 0.000000
vt -0.327164 0.035195 0.000000
vt -0.262132 -0.062132 0.000000
vt -0.164805 -0.127164 0.000000
vt -0.050000 -0.150000 0.000000
vt 0.350000 -0.150000 0.000000
vt 0.350000 0.150000 0.000000
vt 0.350000 0.471239 0.000000
vt -0.350000 0.471239 0.000000
vt -0.350000 0.353429 0.000000
vt -0.350000 0.235619 0.000000
vt -0.350000 0.117810 0.000000
vt -0.350000 0.000000 0.000000
vt 0.350000 0.000000 0.000000
vt 0.350000 0.117810 0.000000
vt 0.350000 0.235619 0.000000
vt 0.350000 0.353429 0.000000
vt 0.300000 -0.350000 0.000000
vt 0.300000 0.350000 0.000000
vt 0.000000 0.350000 0.000000
vt 0.000000 -0.350000 0.000000
vt 0.050000 -0.150000 0.000000
vt 0.164805 -0.127164 0.000000
vt 0.262132 -0.062132 0.000000
vt 0.327164 0.035195 0.000000
vt 0.350000 0.150000 0.000000
vt -0.350000 0.150000 0.000000
vt -0.350000 -0.150000 0.000000
vt -0.350000 0.150000 0.000000
vt -0.327164 0.035195 0.000000
vt -0.262132 -0.062132 0.000000
vt -0.164805 -0.127164 0.000000
vt -0.050000 -0.150000 0.000000
vt 0.350000 -0.150000 0.000000
vt 0.350000 0.150000 0.000000
vt 0.350000 0.471239 0.000000
vt -0.350000 0.471239 0.000000
vt -0.350000 0.353429 0.000000
vt -0.350000 0.235619 0.000000
vt -0.350000 0.117810 0.000000
vt -0.350000 0.000000 0.000000
vt 0.350000 0.000000 0.000000
vt 0.350000 0.117810 0.000000
vt 0.350000 0.235619 0.000000
vt 0.350000 0.353429 0.000000
vt 0.300000 -0.350000 0.000000
vt 0.300000 0.350000 0.000000
vt 0.000000 0.350000 0.000000
vt 0.000000 -0.350000 0.000000
vt 0.050000 -0.150000 0.000000
vt 0.164805 -0.127164 0.000000
vt 0.262132 -0.062132 0.000000
vt 0.327164 0.035195 0.000000
vt 0.350000 0.150000 0.000000
vt -0.350000 0.150000 0.000000
vt -0.350000 -0.150000 0.000000
vt -0.350000 0.150000 0.000000
vt -0.327164 0.035195 0.000000
vt -0.262132 -0.062132 0.000000
vt -0.164805 -0.127164 0.000000
vt -0.050000 -0.150000 0.000000
vt 0.350000 -0.150000 0.000000
vt 0.350000 0.150000 0.000000
vt 0.350000 0.471239 0.000000
vt -0.350000 0.471239 0.000000
vt -0.350000 0.353429 0.000000
vt -0.350000 0.235619 0.000000
vt -0.350000 0.117810 0.000000
vt -0.350000 0.000000 0.000000
vt 0.350000 0.000000 0.000000
vt 0.350000 0.117810 0.000000
vt 0.350000 0.235619 0.000000
vt 0.350000 0.353429 0.000000
vt 0.300000 -0.350000 0.000000
vt 0.300000 0.350000 0.000000
vt 0.000000 0.350000 0.000000
vt 0.000000 -0.350000 0.000000
vt 0.000000 0.000000 0.000000
vt 0.000000 -0.174533 0.000000
vt 0.000000 -0.349066 0.000000
vt 0.000000 -0.523599 0.000000
vt 0.000000 -0.698132 0.000000
vt 0.000000 -0.872665 0.000000
vt 0.000000 -1.047198 0.000000
vt 0.000000 -1.221730 0.000000
vt 0.000000 -1.396263 0.000000
vt 0.000000 -1.570796 0.000000
vt 3.000000 -1.570796 0.000000
vt 3.000000 -1.396263 0.000000
vt 3.000000 -1.221730 0.000000
vt 3.000000 -1.047198 0.000000
vt 3.000000 -0.872665 0.000000
vt 3.000000 -0.698132 0.000000
vt 3.000000 -0.523599 0.000000
vt 3.000000 -0.349066 0.000000
vt 3.000000 -0.174533 0.000000
vt 3.000000 0.000000 0.000000
vt 0.000000 0.000000 0.000000
vt 1.400000 0.000000 0.000000
vt 1.400000 3.000000 0.000000
vt 0.000000 3.000000 0.000000
vt -0.000000 0.000000 0.000000
vt -0.000000 0.235619 0.000000
vt -0.000000 0.471239 0.000000
vt -0.000000 0.706858 0.000000
vt -0.000000 0.942478 0.000000
vt -0.000000 1.178097 0.000000
vt -0.000000 1.413717 0.000000
vt -0.000000 1.649336 0.000000
vt -0.000000 1.884956 0.000000
vt -0.000000 2.120575 0.000000
vt -0.000000 2.356194 0.000000
vt -0.000000 2.591814 0.000000
vt -0.000000 2.827433 0.000000
vt -3.000000 2.827433 0.000000
vt -3.000000 2.591814 0.000000
vt -3.000000 2.356194 0.000000
vt -3.000000 2.120575 0.000000
vt -3.000000 1.884956 0.000000
vt -3.000000 1.649336 0.000000
vt -3.000000 1.413717 0.000000
vt -3.000000 1.178097 0.000000
vt -3.000000 0.942478 0.000000
vt -3.000000 0.706858 0.000000
vt -3.000000 0.471239 0.000000
vt -3.000000 0.235619 0.000000
vt -3.000000 0.000000 0.000000
vt 0.050000 -0.150000 0.000000
vt 0.164805 -0.127164 0.000000
vt 0.262132 -0.062132 0.000000
vt 0.327164 0.035195 0.000000
vt 0.350000 0.150000 0.000000
vt -0.350000 0.150000 0.000000
vt -0.350000 -0.150000 0.000000
vt -0.350000 0.150000 0.000000
vt -0.327164 0.035195 0.000000
vt -0.262132 -0.062132 0.000000
vt -0.164805 -0.127164 0.000000
vt -0.050000 -0.150000 0.000000
vt 0.350000 -0.150000 0.000000
vt 0.350000 0.150000 0.000000
vt 0.350000 0.471239 0.000000
vt -0.350000 0.471239 0.000000
vt -0.350000 0.353429 0.000000
vt -0.350000 0.235619 0.000000
vt -0.350000 0.117810 0.000000
vt -0.350000 0.000000 0.000000
vt 0.350000 0.000000 0.000000
vt 0.350000 0.117810 0.000000
vt 0.350000 0.235619 0.000000
vt 0.350000 0.353429 0.000000
vt 0.300000 -0.350000 0.000000
vt 0.300000 0.350000 0.000000
vt 0.000000 0.350000 0.000000
vt 0.000000 -0.350000 0.000000
vt 0.050000 -0.150000 0.000000
vt 0.164805 -0.127164 0.000000
vt 0.262132 -0.062132 0.000000
vt 0.327164 0.035195 0.000000
vt 0.350000 0.150000 0.000000
vt -0.350000 0.150000 0.000000
vt -0.350000 -0.150000 0.000000
vt -0.350000 0.150000 0.000000
vt -0.327164 0.035195 0.000000
vt -0.262132 -0.062132 0.000000
vt -0.164805 -0.127164 0.000000
vt -0.050000 -0.150000 0.000000
vt 0.350000 -0.150000 0.000000
vt 0.350000 0.150000 0.000000
vt 0.350000 0.471239 0.000000
vt -0.350000 0.471239 0.000000
vt -0.350000 0.353429 0.000000
vt -0.350000 0.235619 0.000000
vt -0.350000 0.117810 0.000000
vt -0.350000 0.000000 0.000000
vt 0.350000 0.000000 0.000000
vt 0.350000 0.117810 0.000000
vt 0.350000 0.235619 0.000000
vt 0.350000 0.353429 0.000000
vt 0.000000 0.000000 0.000000
vt 1.400000 0.000000 0.000000
vt 1.400000 3.000000 0.000000
vt 0.000000 3.000000 0.000000
vt 0.300000 -0.350000 0.000000
vt 0.300000 0.350000 0.000000
vt 0.000000 0.350000 0.000000
vt 0.000000 -0.350000 0.000000
vt 0.050000 -0.150000 0.000000
vt 0.164805 -0.127164 0.000000
vt 0.262132 -0.062132 0.000000
vt 0.327164 0.035195 0.000000
vt 0.350000 0.150000 0.000000
vt -0.350000 0.150000 0.000000
vt -0.350000 -0.150000 0.000000
vt -0.000000 0.500000 0.000000
vt -0.300000 0.500000 0.000000
vt -0.300000 0.000000 0.000000
vt -0.000000 0.000000 0.000000
vt -0.050000 -0.137500 0.000000
vt 0.050000 -0.137500 0.000000
vt 0.050000 0.137500 0.000000
vt -0.050000 0.137500 0.000000
vt -0.000000 0.500000 0.000000
vt -0.300000 0.500000 0.000000
vt -0.300000 0.000000 0.000000
vt -0.000000 0.000000 0.000000
vt 0.356250 0.078540 0.000000
vt -0.118750 0.078540 0.000000
vt -0.111138 0.039270 0.000000
vt -0.089461 0.000000 0.000000
vt -0.057018 -0.039270 0.000000
vt -0.018750 -0.078540 0.000000
vt 0.256250 -0.078540 0.000000
vt 0.294518 -0.039270 0.000000
vt 0.326961 0.000000 0.000000
vt 0.348638 0.039270 0.000000
vt 0.025000 -0.078540 0.000000
vt 0.125000 -0.078540 0.000000
vt 0.163268 -0.039270 0.000000
vt 0.195711 0.000000 0.000000
vt 0.217388 0.039270 0.000000
vt 0.225000 0.078540 0.000000
vt -0.075000 0.078540 0.000000
vt -0.067388 0.039270 0.000000
vt -0.045711 0.000000 0.000000
vt -0.013268 -0.039270 0.000000
vt -0.018750 -0.078540 0.000000
vt 0.256250 -0.078540 0.000000
vt 0.294518 -0.039270 0.000000
vt 0.326961 0.000000 0.000000
vt 0.348638 0.039270 0.000000
vt 0.356250 0.078540 0.000000
vt -0.118750 0.078540 0.000000
vt -0.111138 0.039270 0.000000
vt -0.089461 0.000000 0.000000
vt -0.057018 -0.039270 0.000000
vt 0.025000 -0.078540 0.000000
vt 0.125000 -0.078540 0.000000
vt 0.163268 -0.039270 0.000000
vt 0.195711 0.000000 0.000000
vt 0.217388 0.039270 0.000000
vt 0.225000 0.078540 0.000000
vt -0.075000 0.078540 0.000000
vt -0.067388 0.039270 0.000000
vt -0.045711 0.000000 0.000000
vt -0.013268 -0.039270 0.000000
vt 0.550000 0.750000 0.000000
vt -0.750000 0.750000 0.000000
vt -0.750000 0.450000 0.000000
vt 0.250000 0.450000 0.000000
vt 0.350000 0.423205 0.000000
vt 0.423205 0.350000 0.000000
vt 0.450000 0.250000 0.000000
vt 0.450000 -0.550000 0.000000
vt 0.423205 -0.650000 0.000000
vt 0.350000 -0.723205 0.000000
vt 0.250000 -0.750000 0.000000
vt 0.750000 -0.750000 0.000000
vt 0.750000 0.550000 0.000000
vt 0.723205 0.650000 0.000000
vt 0.650000 0.723205 0.000000
vt -1.300000 0.565685 0.000000
vt -1.151501 0.711229 0.000000
vt -0.973565 0.818810 0.000000
vt -0.775690 0.882685 0.000000
vt -0.568437 0.899446 0.000000
vt -0.362868 0.868198 0.000000
vt -0.169957 0.790609 0.000000
vt -0.000000 0.670820 0.000000
vt -0.000000 1.000000 0.000000
vt -1.300000 1.000000 0.000000
vt 0.000000 0.314159 0.000000
vt 0.145844 0.244719 0.000000
vt 0.293967 0.170578 0.000000
vt 0.435932 0.090208 0.000000
vt 0.565685 0.000000 0.000000
vt 1.000000 0.000000 0.000000
vt 1.000000 0.104720 0.000000
vt 1.000000 0.209440 0.000000
vt 1.000000 0.314159 0.000000
vt 0.055668 0.314159 0.000000
vt -1.300000 0.055668 0.000000
vt -0.000000 0.055668 0.000000
vt -0.000000 1.000000 0.000000
vt -1.300000 1.000000 0.000000
vt -0.300000 -0.314159 0.000000
vt -0.159353 -0.389873 0.000000
vt -0.000000 -0.418879 0.000000
vt -0.000000 -0.383972 0.000000
vt -0.000000 -0.349066 0.000000
vt -0.000000 -0.314159 0.000000
vt -0.300000 0.670820 0.000000
vt -0.000000 0.670820 0.000000
vt -0.000000 1.000000 0.000000
vt -0.300000 1.000000 0.000000
vt -0.100000 0.000000 0.000000
vt -0.130154 0.171010 0.000000
vt -0.216978 0.321394 0.000000
vt -0.350000 0.433013 0.000000
vt -0.513176 0.492404 0.000000
vt -0.686824 0.492404 0.000000
vt -0.850000 0.433013 0.000000
vt -0.983022 0.321394 0.000000
vt -1.069846 0.171010 0.000000
vt -1.100000 0.000000 0.000000
vt -0.350000 -0.723205 0.000000
vt -0.350000 -0.750000 0.000000
vt -0.250000 -0.750000 0.000000
vt -0.284730 -0.746962 0.000000
vt -0.318404 -0.737939 0.000000
vt 0.650000 0.450000 0.000000
vt 0.650000 0.750000 0.000000
vt -0.350000 0.750000 0.000000
vt -0.350000 0.423205 0.000000
vt -0.318404 0.437939 0.000000
vt -0.284730 0.446962 0.000000
vt -0.250000 0.450000 0.000000
vt -0.806226 -0.628319 0.000000
vt -0.764892 -0.552219 0.000000
vt -0.721621 -0.476252 0.000000
vt -0.685955 -0.398106 0.000000
vt -0.670820 -0.314159 0.000000
vt -1.000000 -0.314159 0.000000
vt -1.000000 -0.418879 0.000000
vt -1.000000 -0.523599 0.000000
vt -1.000000 -0.628319 0.000000
vt -0.000000 -0.523599 0.000000
vt -0.159353 -0.552605 0.000000
vt -0.300000 -0.628319 0.000000
vt -0.000000 -0.628319 0.000000
vt -0.000000 -0.593412 0.000000
vt -0.000000 -0.558505 0.000000
vt -1.000000 0.670820 0.000000
vt -0.824890 0.793391 0.000000
vt -0.625814 0.871211 0.000000
vt -0.414002 0.899891 0.000000
vt -0.201400 0.877814 0.000000
vt -0.000000 0.806226 0.000000
vt -0.000000 1.000000 0.000000
vt -1.000000 1.000000 0.000000
vt -0.000000 0.300000 0.000000
vt -0.130005 0.420836 0.000000
vt -0.294032 0.488642 0.000000
vt -0.471413 0.494874 0.000000
vt -0.639794 0.438747 0.000000
vt -0.777959 0.327333 0.000000
vt -0.868497 0.174672 0.000000
vt -0.900000 0.000000 0.000000
vt -0.000000 0.000000 0.000000
vt -0.670820 -0.628319 0.000000
vt -0.685955 -0.544372 0.000000
vt -0.721621 -0.466226 0.000000
vt -0.764892 -0.390259 0.000000
vt -0.806226 -0.314159 0.000000
vt -1.000000 -0.314159 0.000000
vt -1.000000 -0.418879 0.000000
vt -1.000000 -0.523599 0.000000
vt -1.000000 -0.628319 0.000000
vt -0.800000 0.670820 0.000000
vt -0.000000 0.670820 0.000000
vt -0.000000 1.000000 0.000000
vt -0.800000 1.000000 0.000000
vt -0.650000 0.750000 0.000000
vt -0.650000 0.450000 0.000000
vt 0.250000 0.450000 0.000000
vt 0.350000 0.423205 0.000000
vt 0.423205 0.350000 0.000000
vt 0.450000 0.250000 0.000000
vt 0.450000 -0.550000 0.000000
vt 0.423205 -0.650000 0.000000
vt 0.350000 -0.723205 0.000000
vt 0.250000 -0.750000 0.000000
vt 0.550000 -0.750000 0.000000
vt 0.550000 0.750000 0.000000
vt 0.750000 0.750000 0.000000
vt -0.550000 0.750000 0.000000
vt -0.650000 0.723205 0.000000
vt -0.723205 0.650000 0.000000
vt -0.750000 0.550000 0.000000
vt -0.750000 -0.750000 0.000000
vt -0.250000 -0.750000 0.000000
vt -0.350000 -0.723205 0.000000
vt -0.423205 -0.650000 0.000000
vt -0.450000 -0.550000 0.000000
vt -0.450000 0.250000 0.000000
vt -0.423205 0.350000 0.000000
vt -0.350000 0.423205 0.000000
vt -0.250000 0.450000 0.000000
vt 0.750000 0.450000 0.000000
vt 0.000000 0.412311 0.000000
vt 0.055086 0.280764 0.000000
vt 0.088701 0.142167 0.000000
vt 0.100000 0.000000 0.000000
vt 1.300000 0.000000 0.000000
vt 1.300000 1.000000 0.000000
vt 0.000000 1.000000 0.000000
vt 0.000000 -0.314159 0.000000
vt 0.000000 -0.418879 0.000000
vt 0.000000 -0.523599 0.000000
vt 0.000000 -0.628319 0.000000
vt 1.000000 -0.628319 0.000000
vt 1.000000 -0.523599 0.000000
vt 1.000000 -0.418879 0.000000
vt 1.000000 -0.314159 0.000000
vt 0.000000 0.000000 0.000000
vt 0.800000 0.000000 0.000000
vt 0.800000 1.000000 0.000000
vt 0.000000 1.000000 0.000000
vt 0.000000 -0.314159 0.000000
vt 0.000000 -0.418879 0.000000
vt 0.000000 -0.523599 0.000000
vt 0.000000 -0.628319 0.000000
vt 1.000000 -0.628319 0.000000
vt 1.000000 -0.523599 0.000000
vt 1.000000 -0.418879 0.000000
vt 1.000000 -0.314159 0.000000
vt 0.000000 0.200000 0.000000
vt 1.300000 0.200000 0.000000
vt 1.300000 1.000000 0.000000
vt 0.000000 1.000000 0.000000
vt -0.000000 0.000000 0.000000
vt -0.074212 0.062497 0.000000
vt -0.138370 0.135869 0.000000
vt -0.183057 0.219655 0.000000
vt -0.200000 0.314159 0.000000
vt -1.000000 0.314159 0.000000
vt -1.000000 0.209440 0.000000
vt -1.000000 0.104720 0.000000
vt -1.000000 0.000000 0.000000
vt 0.000000 0.412311 0.000000
vt 0.300000 0.412311 0.000000
vt 0.300000 1.000000 0.000000
vt 0.000000 1.000000 0.000000
vt 0.900000 0.000000 0.000000
vt 0.911299 0.142167 0.000000
vt 0.944914 0.280764 0.000000
vt 1.000000 0.412311 0.000000
vt 1.000000 1.000000 0.000000
vt 0.000000 1.000000 0.000000
vt 0.000000 0.000000 0.000000
vt 0.000000 0.000000 0.000000
vt 0.000000 -0.174533 0.000000
vt 0.000000 -0.349066 0.000000
vt 0.000000 -0.523599 0.000000
vt 0.000000 -0.698132 0.000000
vt 0.000000 -0.872665 0.000000
vt 0.000000 -1.047198 0.000000
vt 0.000000 -1.221730 0.000000
vt 0.000000 -1.396263 0.000000
vt 0.000000 -1.570796 0.000000
vt 3.000000 -1.570796 0.000000
vt 3.000000 -1.396263 0.000000
vt 3.000000 -1.221730 0.000000
vt 3.000000 -1.047198 0.000000
vt 3.000000 -0.872665 0.000000
vt 3.000000 -0.698132 0.000000
vt 3.000000 -0.523599 0.000000
vt 3.000000 -0.349066 0.000000
vt 3.000000 -0.174533 0.000000
vt 3.000000 0.000000 0.000000
vt -0.512500 0.078540 0.000000
vt -0.987500 0.078540 0.000000
vt -0.979888 0.039270 0.000000
vt -0.958211 0.000000 0.000000
vt -0.925768 -0.039270 0.000000
vt -0.887500 -0.078540 0.000000
vt -0.612500 -0.078540 0.000000
vt -0.574232 -0.039270 0.000000
vt -0.541789 0.000000 0.000000
vt -0.520112 0.039270 0.000000
vt -0.125000 -0.078540 0.000000
vt -0.025000 -0.078540 0.000000
vt 0.013268 -0.039270 0.000000
vt 0.045711 0.000000 0.000000
vt 0.067388 0.039270 0.000000
vt 0.075000 0.078540 0.000000
vt -0.225000 0.078540 0.000000
vt -0.217388 0.039270 0.000000
vt -0.195711 0.000000 0.000000
vt -0.163268 -0.039270 0.000000
vt 0.612500 -0.078540 0.000000
vt 0.887500 -0.078540 0.000000
vt 0.925768 -0.039270 0.000000
vt 0.958211 0.000000 0.000000
vt 0.979888 0.039270 0.000000
vt 0.987500 0.078540 0.000000
vt 0.512500 0.078540 0.000000
vt 0.520112 0.039270 0.000000
vt 0.541789 0.000000 0.000000
vt 0.574232 -0.039270 0.000000
vt -0.125000 -0.078540 0.000000
vt -0.025000 -0.078540 0.000000
vt 0.013268 -0.039270 0.000000
vt 0.045711 0.000000 0.000000
vt 0.067388 0.039270 0.000000
vt 0.075000 0.078540 0.000000
vt -0.225000 0.078540 0.000000
vt -0.217388 0.039270 0.000000
vt -0.195711 0.000000 0.000000
vt -0.163268 -0.039270 0.000000
vt 0.000000 0.000000 0.000000
vt 1.400000 0.000000 0.000000
vt 1.400000 3.000000 0.000000
vt 0.000000 3.000000 0.000000
vt 0.300000 0.500000 0.000000
vt 0.000000 0.500000 0.000000
vt 0.000000 0.000000 0.000000
vt 0.300000 0.000000 0.000000
vt -0.050000 -0.137500 0.000000
vt 0.050000 -0.137500 0.000000
vt 0.050000 0.137500 0.000000
vt -0.050000 0.137500 0.000000
vt 0.300000 0.500000 0.000000
vt 0.000000 0.500000 0.000000
vt 0.000000 0.000000 0.000000
vt 0.300000 0.000000 0.000000
vt -0.000000 0.000000 0.000000
vt -0.000000 0.235619 0.000000
vt -0.000000 0.471239 0.000000
vt -0.000000 0.706858 0.000000
vt -0.000000 0.942478 0.000000
vt -0.000000 1.178097 0.000000
vt -0.000000 1.413717 0.000000
vt -0.000000 1.649336 0.000000
vt -0.000000 1.884956 0.000000
vt -0.000000 2.120575 0.000000
vt -0.000000 2.356194 0.000000
vt -0.000000 2.591814 0.000000
vt -0.000000 2.827433 0.000000
vt -3.000000 2.827433 0.000000
vt -3.000000 2.591814 0.000000
vt -3.000000 2.356194 0.000000
vt -3.000000 2.120575 0.000000
vt -3.000000 1.884956 0.000000
vt -3.000000 1.649336 0.000000
vt -3.000000 1.413717 0.000000
vt -3.000000 1.178097 0.000000
vt -3.000000 0.942478 0.000000
vt -3.000000 0.706858 0.000000
vt -3.000000 0.471239 0.000000
vt -3.000000 0.235619 0.000000
vt -3.000000 0.000000 0.000000
vt 0.000000 0.000000 0.000000
vt 1.400000 0.000000 0.000000
vt 1.400000 3.000000 0.000000
vt 0.000000 3.000000 0.000000
vt 0.050000 -0.150000 0.000000
vt 0.164805 -0.127164 0.000000
vt 0.262132 -0.062132 0.000000
vt 0.327164 0.035195 0.000000
vt 0.350000 0.150000 0.000000
vt -0.350000 0.150000 0.000000
vt -0.350000 -0.150000 0.000000
vt 0.350000 0.471239 0.000000
vt -0.350000 0.471239 0.000000
vt -0.350000 0.353429 0.000000
vt -0.350000 0.235619 0.000000
vt -0.350000 0.117810 0.000000
vt -0.350000 0.000000 0.000000
vt 0.350000 0.000000 0.000000
vt 0.350000 0.117810 0.000000
vt 0.350000 0.235619 0.000000
vt 0.350000 0.353429 0.000000
vt -0.300000 0.350000 0.000000
vt -0.300000 -0.350000 0.000000
vt -0.000000 -0.350000 0.000000
vt -0.000000 0.350000 0.000000
vt -0.350000 0.150000 0.000000
vt -0.327164 0.035195 0.000000
vt -0.262132 -0.062132 0.000000
vt -0.164805 -0.127164 0.000000
vt -0.050000 -0.150000 0.000000
vt 0.350000 -0.150000 0.000000
vt 0.350000 0.150000 0.000000
vt 0.050000 -0.150000 0.000000
vt 0.164805 -0.127164 0.000000
vt 0.262132 -0.062132 0.000000
vt 0.327164 0.035195 0.000000
vt 0.350000 0.150000 0.000000
vt -0.350000 0.150000 0.000000
vt -0.350000 -0.150000 0.000000
vt 0.350000 0.471239 0.000000
vt -0.350000 0.471239 0.000000
vt -0.350000 0.353429 0.000000
vt -0.350000 0.235619 0.000000
vt -0.350000 0.117810 0.000000
vt -0.350000 0.000000 0.000000
vt 0.350000 0.000000 0.000000
vt 0.350000 0.117810 0.000000
vt 0.350000 0.235619 0.000000
vt 0.350000 0.353429 0.000000
vt -0.300000 0.350000 0.000000
vt -0.300000 -0.350000 0.000000
vt -0.000000 -0.350000 0.000000
vt -0.000000 0.350000 0.000000
vt -0.350000 0.150000 0.000000
vt -0.327164 0.035195 0.000000
vt -0.262132 -0.062132 0.000000
vt -0.164805 -0.127164 0.000000
vt -0.050000 -0.150000 0.000000
vt 0.350000 -0.150000 0.000000
vt 0.350000 0.150000 0.000000
vt 0.050000 -0.150000 0.000000
vt 0.164805 -0.127164 0.000000
vt 0.262132 -0.062132 0.000000
vt 0.327164 0.035195 0.000000
vt 0.350000 0.150000 0.000000
vt -0.350000 0.150000 0.000000
vt -0.350000 -0.150000 0.000000
vt 0.350000 0.471239 0.000000
vt -0.350000 0.471239 0.000000
vt -0.350000 0.353429 0.000000
vt -0.350000 0.235619 0.000000
vt -0.350000 0.117810 0.000000
vt -0.350000 0.000000 0.000000
vt 0.350000 0.000000 0.000000
vt 0.350000 0.117810 0.000000
vt 0.350000 0.235619 0.000000
vt 0.350000 0.353429 0.000000
vt -0.300000 0.350000 0.000000
vt -0.300000 -0.350000 0.000000
vt -0.000000 -0.350000 0.000000
vt -0.000000 0.350000 0.000000
vt -0.350000 0.150000 0.000000
vt -0.327164 0.035195 0.000000
vt -0.262132 -0.062132 0.000000
vt -0.164805 -0.127164 0.000000
vt -0.050000 -0.150000 0.000000
vt 0.350000 -0.150000 0.000000
vt 0.350000 0.150000 0.000000
vt 0.050000 -0.150000 0.000000
vt 0.164805 -0.127164 0.000000
vt 0.262132 -0.062132 0.000000
vt 0.327164 0.035195 0.000000
vt 0.350000 0.150000 0.000000
vt -0.350000 0.150000 0.000000
vt -0.350000 -0.150000 0.000000
vt 0.350000 0.471239 0.000000
vt -0.350000 0.471239 0.000000
vt -0.350000 0.353429 0.000000
vt -0.350000 0.235619 0.000000
vt -0.350000 0.117810 0.000000
vt -0.350000 0.000000 0.000000
vt 0.350000 0.000000 0.000000
vt 0.350000 0.117810 0.000000
vt 0.350000 0.235619 0.000000
vt 0.350000 0.353429 0.000000
vt -0.300000 0.350000 0.000000
vt -0.300000 -0.350000 0.000000
vt -0.000000 -0.350000 0.000000
vt -0.000000 0.350000 0.000000
vt -0.350000 0.150000 0.000000
vt -0.327164 0.035195 0.000000
vt -0.262132 -0.062132 0.000000
vt -0.164805 -0.127164 0.000000
vt -0.050000 -0.150000 0.000000
vt 0.350000 -0.150000 0.000000
vt 0.350000 0.150000 0.000000
vt 0.050000 -0.150000 0.000000
vt 0.164805 -0.127164 0.000000
vt 0.262132 -0.062132 0.000000
vt 0.327164 0.035195 0.000000
vt 0.350000 0.150000 0.000000
vt -0.350000 0.150000 0.000000
vt -0.350000 -0.150000 0.000000
vt 0.350000 0.471239 0.000000
vt -0.350000 0.471239 0.000000
vt -0.350000 0.353429 0.000000
vt -0.350000 0.235619 0.000000
vt -0.350000 0.117810 0.000000
vt -0.350000 0.000000 0.000000
vt 0.350000 0.000000 0.000000
vt 0.350000 0.117810 0.000000
vt 0.350000 0.235619 0.000000
vt 0.350000 0.353429 0.000000
vt -0.300000 0.350000 0.000000
vt -0.300000 -0.350000 0.000000
vt -0.000000 -0.350000 0.000000
vt -0.000000 0.350000 0.000000
vt -0.350000 0.150000 0.000000
vt -0.327164 0.035195 0.000000
vt -0.262132 -0.062132 0.000000
vt -0.164805 -0.127164 0.000000
vt -0.050000 -0.150000 0.000000
vt 0.350000 -0.150000 0.000000
vt 0.350000 0.150000 0.000000
vt 0.050000 -0.150000 0.000000
vt 0.164805 -0.127164 0.000000
vt 0.262132 -0.062132 0.000000
vt 0.327164 0.035195 0.000000
vt 0.350000 0.150000 0.000000
vt -0.350000 0.150000 0.000000
vt -0.350000 -0.150000 0.000000
vt 0.350000 0.471239 0.000000
vt -0.350000 0.471239 0.000000
vt -0.350000 0.353429 0.000000
vt -0.350000 0.235619 0.000000
vt -0.350000 0.117810 0.000000
vt -0.350000 0.000000 0.000000
vt 0.350000 0.000000 0.000000
vt 0.350000 0.117810 0.000000
vt 0.350000 0.235619 0.000000
vt 0.350000 0.353429 0.000000
vt -0.300000 0.350000 0.000000
vt -0.300000 -0.350000 0.000000
vt -0.000000 -0.350000 0.000000
vt -0.000000 0.350000 0.000000
vt -0.350000 0.150000 0.000000
vt -0.327164 0.035195 0.000000
vt -0.262132 -0.062132 0.000000
vt -0.164805 -0.127164 0.000000
vt -0.050000 -0.150000 0.000000
vt 0.350000 -0.150000 0.000000
vt 0.350000 0.150000 0.000000
vt 0.000000 0.157080 0.000000
vt 0.000000 0.052360 0.000000
vt 0.000000 -0.052360 0.000000
vt 0.000000 -0.157080 0.000000
vt 3.000000 -0.157080 0.000000
vt 3.000000 -0.052360 0.000000
vt 3.000000 0.052360 0.000000
vt 3.000000 0.157080 0.000000
vt 0.000000 0.000000 0.000000
vt 0.000000 -0.174533 0.000000
vt 0.000000 -0.349066 0.000000
vt 0.000000 -0.523599 0.000000
vt 0.000000 -0.698132 0.000000
vt 0.000000 -0.872665 0.000000
vt 0.000000 -1.047198 0.000000
vt 0.000000 -1.221730 0.000000
vt 0.000000 -1.396263 0.000000
vt 0.000000 -1.570796 0.000000
vt 3.000000 -1.570796 0.000000
vt 3.000000 -1.396263 0.000000
vt 3.000000 -1.221730 0.000000
vt 3.000000 -1.047198 0.000000
vt 3.000000 -0.872665 0.000000
vt 3.000000 -0.698132 0.000000
vt 3.000000 -0.523599 0.000000
vt 3.000000 -0.349066 0.000000
vt 3.000000 -0.174533 0.000000
vt 3.000000 0.000000 0.000000
vt 0.000000 0.157080 0.000000
vt 0.000000 0.052360 0.000000
vt 0.000000 -0.052360 0.000000
vt 0.000000 -0.157080 0.000000
vt 3.000000 -0.157080 0.000000
vt 3.000000 -0.052360 0.000000
vt 3.000000 0.052360 0.000000
vt 3.000000 0.157080 0.000000
vt 0.000000 0.000000 0.000000
vt 1.400000 0.000000 0.000000
vt 1.400000 3.000000 0.000000
vt 0.000000 3.000000 0.000000
vt -0.000000 0.000000 0.000000
vt -0.000000 0.235619 0.000000
vt -0.000000 0.471239 0.000000
vt -0.000000 0.706858 0.000000
vt -0.000000 0.942478 0.000000
vt -0.000000 1.178097 0.000000
vt -0.000000 1.413717 0.000000
vt -0.000000 1.649336 0.000000
vt -0.000000 1.884956 0.000000
vt -0.000000 2.120575 0.000000
vt -0.000000 2.356194 0.000000
vt -0.000000 2.591814 0.000000
vt -0.000000 2.827433 0.000000
vt -3.000000 2.827433 0.000000
vt -3.000000 2.591814 0.000000
vt -3.000000 2.356194 0.000000
vt -3.000000 2.120575 0.000000
vt -3.000000 1.884956 0.000000
vt -3.000000 1.649336 0.000000
vt -3.000000 1.413717 0.000000
vt -3.000000 1.178097 0.000000
vt -3.000000 0.942478 0.000000
vt -3.000000 0.706858 0.000000
vt -3.000000 0.471239 0.000000
vt -3.000000 0.235619 0.000000
vt -3.000000 0.000000 0.000000
vt 0.000000 0.000000 0.000000
vt 1.400000 0.000000 0.000000
vt 1.400000 3.000000 0.000000
vt 0.000000 3.000000 0.000000
vt 0.000000 0.000000 0.000000
vt 0.000000 -0.174533 0.000000
vt 0.000000 -0.349066 0.000000
vt 0.000000 -0.523599 0.000000
vt 0.000000 -0.698132 0.000000
vt 0.000000 -0.872665 0.000000
vt 0.000000 -1.047198 0.000000
vt 0.000000 -1.221730 0.000000
vt 0.000000 -1.396263 0.000000
vt 0.000000 -1.570796 0.000000
vt 3.000000 -1.570796 0.000000
vt 3.000000 -1.396263 0.000000
vt 3.000000 -1.221730 0.000000
vt 3.000000 -1.047198 0.000000
vt 3.000000 -0.872665 0.000000
vt 3.000000 -0.698132 0.000000
vt 3.000000 -0.523599 0.000000
vt 3.000000 -0.349066 0.000000
vt 3.000000 -0.174533 0.000000
vt 3.000000 0.000000 0.000000
vt 0.000000 0.000000 0.000000
vt 1.400000 0.000000 0.000000
vt 1.400000 3.000000 0.000000
vt 0.000000 3.000000 0.000000
vt -0.000000 0.000000 0.000000
vt -0.000000 0.235619 0.000000
vt -0.000000 0.471239 0.000000
vt -0.000000 0.706858 0.000000
vt -0.000000 0.942478 0.000000
vt -0.000000 1.178097 0.000000
vt -0.000000 1.413717 0.000000
vt -0.000000 1.649336 0.000000
vt -0.000000 1.884956 0.000000
vt -0.000000 2.120575 0.000000
vt -0.000000 2.356194 0.000000
vt -0.000000 2.591814 0.000000
vt -0.000000 2.827433 0.000000
vt -3.000000 2.827433 0.000000
vt -3.000000 2.591814 0.000000
vt -3.000000 2.356194 0.000000
vt -3.000000 2.120575 0.000000
vt -3.000000 1.884956 0.000000
vt -3.000000 1.649336 0.000000
vt -3.000000 1.413717 0.000000
vt -3.000000 1.178097 0.000000
vt -3.000000 0.942478 0.000000
vt -3.000000 0.706858 0.000000
vt -3.000000 0.471239 0.000000
vt -3.000000 0.235619 0.000000
vt -3.000000 0.000000 0.000000
vt 0.000000 0.000000 0.000000
vt 1.400000 0.000000 0.000000
vt 1.400000 3.000000 0.000000
vt 0.000000 3.000000 0.000000
vt 0.000000 0.000000 0.000000
vt 0.000000 -0.174533 0.000000
vt 0.000000 -0.349066 0.000000
vt 0.000000 -0.523599 0.000000
vt 0.000000 -0.698132 0.000000
vt 0.000000 -0.872665 0.000000
vt 0.000000 -1.047198 0.000000
vt 0.000000 -1.221730 0.000000
vt 0.000000 -1.396263 0.000000
vt 0.000000 -1.570796 0.000000
vt 3.000000 -1.570796 0.000000
vt 3.000000 -1.396263 0.000000
vt 3.000000 -1.221730 0.000000
vt 3.000000 -1.047198 0.000000
vt 3.000000 -0.872665 0.000000
vt 3.000000 -0.698132 0.000000
vt 3.000000 -0.523599 0.000000
vt 3.000000 -0.349066 0.000000
vt 3.000000 -0.174533 0.000000
vt 3.000000 0.000000 0.000000
vt 0.000000 0.000000 0.000000
vt 1.400000 0.000000 0.000000
vt 1.400000 3.000000 0.000000
vt 0.000000 3.000000 0.000000
vt -1.500000 2.215727 0.000000
vt -1.480253 2.372320 0.000000
vt -1.431562 2.527971 0.000000
vt -1.368015 2.680920 0.000000
vt -1.300000 2.827433 0.000000
vt -3.000000 2.827433 0.000000
vt -3.000000 2.771836 0.000000
vt -3.000000 2.598596 0.000000
vt -3.000000 2.425356 0.000000
vt -3.000000 2.252116 0.000000
vt -3.000000 2.078877 0.000000
vt -3.000000 1.905637 0.000000
vt -3.000000 1.732397 0.000000
vt -3.000000 1.559158 0.000000
vt -3.000000 1.385918 0.000000
vt -3.000000 1.212678 0.000000
vt -3.000000 1.039438 0.000000
vt -3.000000 0.866199 0.000000
vt -3.000000 0.692959 0.000000
vt -3.000000 0.519719 0.000000
vt -3.000000 0.346479 0.000000
vt -3.000000 0.173240 0.000000
vt -3.000000 0.000000 0.000000
vt -0.000000 0.000000 0.000000
vt -0.000000 0.228527 0.000000
vt -0.000000 0.457054 0.000000
vt -0.000000 0.685581 0.000000
vt -0.000000 0.914108 0.000000
vt -0.000000 1.142635 0.000000
vt -0.000000 1.371161 0.000000
vt -0.000000 1.599688 0.000000
vt -0.000000 1.828215 0.000000
vt -0.014307 1.913249 0.000000
vt -0.055086 1.990155 0.000000
vt -0.118498 2.047436 0.000000
vt -0.200000 2.070472 0.000000
vt -1.000000 2.070472 0.000000
vt -1.081502 2.047436 0.000000
vt -1.144914 1.990155 0.000000
vt -1.185692 1.913249 0.000000
vt -1.200000 1.828215 0.000000
vt -1.200000 1.613965 0.000000
vt -1.200000 1.399714 0.000000
vt -1.200000 1.185463 0.000000
vt -1.200000 0.971213 0.000000
vt -1.200000 0.756962 0.000000
vt -1.500000 0.756962 0.000000
vt -1.500000 0.965357 0.000000
vt -1.500000 1.173752 0.000000
vt -1.500000 1.382147 0.000000
vt -1.500000 1.590542 0.000000
vt -1.500000 1.798937 0.000000
vt -1.500000 2.007332 0.000000
vt 0.000000 0.000000 0.000000
vt 0.300000 0.000000 0.000000
vt 0.300000 3.000000 0.000000
vt 0.000000 3.000000 0.000000
vt 0.000000 1.300000 0.000000
vt 1.344332 1.262500 0.000000
vt 1.344332 1.737500 0.000000
vt 0.844332 1.737500 0.000000
vt 0.844332 3.000000 0.000000
vt 0.000000 3.000000 0.000000
vt 0.000000 0.000000 0.000000
vt 0.844332 0.000000 0.000000
vt 0.844332 1.262500 0.000000
vt 0.000000 1.737500 0.000000
vt 0.300000 1.737500 0.000000
vt 0.300000 3.000000 0.000000
vt 0.000000 3.000000 0.000000
vt 0.000000 0.000000 0.000000
vt 0.546061 0.000000 0.000000
vt 0.546061 3.000000 0.000000
vt 0.000000 3.000000 0.000000
vt 0.000000 1.737500 0.000000
vt -0.500000 1.737500 0.000000
vt -0.500000 1.262500 0.000000
vt 0.000000 1.262500 0.000000
vt 0.000000 0.000000 0.000000
vt 0.800000 0.000000 0.000000
vt 0.800000 0.026795 0.000000
vt 0.800000 1.173205 0.000000
vt 0.800000 1.500000 0.000000
vt 0.800000 3.000000 0.000000
vt 0.000000 3.000000 0.000000
vt 0.000000 0.000000 0.000000
vt 1.400000 0.000000 0.000000
vt 1.400000 1.200000 0.000000
vt 1.400000 1.500000 0.000000
vt 1.400000 3.000000 0.000000
vt 0.000000 3.000000 0.000000
vt 0.000000 1.500000 0.000000
vt 0.000000 1.200000 0.000000
vt -1.200000 0.428294 0.000000
vt -1.200000 0.285529 0.000000
vt -1.200000 0.142765 0.000000
vt -1.200000 0.000000 0.000000
vt -0.000000 0.000000 0.000000
vt -0.000000 0.235619 0.000000
vt -0.000000 0.471239 0.000000
vt -0.000000 0.706858 0.000000
vt -0.000000 0.942478 0.000000
vt -0.000000 1.178097 0.000000
vt -0.000000 1.413717 0.000000
vt -0.000000 1.649336 0.000000
vt -0.000000 1.884956 0.000000
vt -0.000000 2.120575 0.000000
vt -0.000000 2.356194 0.000000
vt -0.000000 2.591814 0.000000
vt -0.000000 2.827433 0.000000
vt -3.000000 2.827433 0.000000
vt -3.000000 2.591814 0.000000
vt -3.000000 2.356194 0.000000
vt -3.000000 2.120575 0.000000
vt -3.000000 1.884956 0.000000
vt -3.000000 1.649336 0.000000
vt -3.000000 1.413717 0.000000
vt -3.000000 1.178097 0.000000
vt -3.000000 0.942478 0.000000
vt -3.000000 0.706858 0.000000
vt -3.000000 0.471239 0.000000
vt -3.000000 0.235619 0.000000
vt -3.000000 0.000000 0.000000
vt -1.500000 0.000000 0.000000
vt -1.500000 0.142765 0.000000
vt -1.500000 0.285529 0.000000
vt -1.500000 0.428294 0.000000
vt 0.000000 0.000000 0.000000
vt 1.400000 0.000000 0.000000
vt 1.400000 3.000000 0.000000
vt 0.000000 3.000000 0.000000
vt 0.000000 0.000000 0.000000
vt 0.000000 -0.174533 0.000000
vt 0.000000 -0.349066 0.000000
vt 0.000000 -0.523599 0.000000
vt 0.000000 -0.698132 0.000000
vt 0.000000 -0.872665 0.000000
vt 0.000000 -1.047198 0.000000
vt 0.000000 -1.221730 0.000000
vt 0.000000 -1.396263 0.000000
vt 0.000000 -1.570796 0.000000
vt 3.000000 -1.570796 0.000000
vt 3.000000 -1.396263 0.000000
vt 3.000000 -1.221730 0.000000
vt 3.000000 -1.047198 0.000000
vt 3.000000 -0.872665 0.000000
vt 3.000000 -0.698132 0.000000
vt 3.000000 -0.523599 0.000000
vt 3.000000 -0.349066 0.000000
vt 3.000000 -0.174533 0.000000
vt 3.000000 0.000000 0.000000
vt 0.000000 0.000000 0.000000
vt 1.400000 0.000000 0.000000
vt 1.400000 3.000000 0.000000
vt 0.000000 3.000000 0.000000
vt -0.000000 0.000000 0.000000
vt -0.000000 0.235619 0.000000
vt -0.000000 0.471239 0.000000
vt -0.000000 0.706858 0.000000
vt -0.000000 0.942478 0.000000
vt -0.000000 1.178097 0.000000
vt -0.000000 1.413717 0.000000
vt -0.000000 1.649336 0.000000
vt -0.000000 1.884956 0.000000
vt -0.000000 2.120575 0.000000
vt -0.000000 2.356194 0.000000
vt -0.000000 2.591814 0.000000
vt -0.000000 2.827433 0.000000
vt -3.000000 2.827433 0.000000
vt -3.000000 2.591814 0.000000
vt -3.000000 2.356194 0.000000
vt -3.000000 2.120575 0.000000
vt -3.000000 1.884956 0.000000
vt -3.000000 1.649336 0.000000
vt -3.000000 1.413717 0.000000
vt -3.000000 1.178097 0.000000
vt -3.000000 0.942478 0.000000
vt -3.000000 0.706858 0.000000
vt -3.000000 0.471239 0.000000
vt -3.000000 0.235619 0.000000
vt -3.000000 0.000000 0.000000
vt 0.000000 0.000000 0.000000
vt 1.400000 0.000000 0.000000
vt 1.400000 3.000000 0.000000
vt 0.000000 3.000000 0.000000
vt 0.000000 0.000000 0.000000
vt 0.000000 -0.174533 0.000000
vt 0.000000 -0.349066 0.000000
vt 0.000000 -0.523599 0.000000
vt 0.000000 -0.698132 0.000000
vt 0.000000 -0.872665 0.000000
vt 0.000000 -1.047198 0.000000
vt 0.000000 -1.221730 0.000000
vt 0.000000 -1.396263 0.000000
vt 0.000000 -1.570796 0.000000
vt 3.000000 -1.570796 0.000000
vt 3.000000 -1.396263 0.000000
vt 3.000000 -1.221730 0.000000
vt 3.000000 -1.047198 0.000000
vt 3.000000 -0.872665 0.000000
vt 3.000000 -0.698132 0.000000
vt 3.000000 -0.523599 0.000000
vt 3.000000 -0.349066 0.000000
vt 3.000000 -0.174533 0.000000
vt 3.000000 0.000000 0.000000
vt 0.000000 0.000000 0.000000
vt 1.400000 0.000000 0.000000
vt 1.400000 3.000000 0.000000
vt 0.000000 3.000000 0.000000
vt -0.000000 0.000000 0.000000
vt -0.000000 0.235619 0.000000
vt -0.000000 0.471239 0.000000
vt -0.000000 0.706858 0.000000
vt -0.000000 0.942478 0.000000
vt -0.000000 1.178097 0.000000
vt -0.000000 1.413717 0.000000
vt -0.000000 1.649336 0.000000
vt -0.000000 1.884956 0.000000
vt -0.000000 2.120575 0.000000
vt -0.000000 2.356194 0.000000
vt -0.000000 2.591814 0.000000
vt -0.000000 2.827433 0.000000
vt -3.000000 2.827433 0.000000
vt -3.000000 2.591814 0.000000
vt -3.000000 2.356194 0.000000
vt -3.000000 2.120575 0.000000
vt -3.000000 1.884956 0.000000
vt -3.000000 1.649336 0.000000
vt -3.000000 1.413717 0.000000
vt -3.000000 1.178097 0.000000
vt -3.000000 0.942478 0.000000
vt -3.000000 0.706858 0.000000
vt -3.000000 0.471239 0.000000
vt -3.000000 0.235619 0.000000
vt -3.000000 0.000000 0.000000
vt 0.000000 0.000000 0.000000
vt 1.400000 0.000000 0.000000
vt 1.400000 3.000000 0.000000
vt 0.000000 3.000000 0.000000
vt 0.000000 0.000000 0.000000
vt 0.000000 -0.174533 0.000000
vt 0.000000 -0.349066 0.000000
vt 0.000000 -0.523599 0.000000
vt 0.000000 -0.698132 0.000000
vt 0.000000 -0.872665 0.000000
vt 0.000000 -1.047198 0.000000
vt 0.000000 -1.221730 0.000000
vt 0.000000 -1.396263 0.000000
vt 0.000000 -1.570796 0.000000
vt 3.000000 -1.570796 0.000000
vt 3.000000 -1.396263 0.000000
vt 3.000000 -1.221730 0.000000
vt 3.000000 -1.047198 0.000000
vt 3.000000 -0.872665 0.000000
vt 3.000000 -0.698132 0.000000
vt 3.000000 -0.523599 0.000000
vt 3.000000 -0.349066 0.000000
vt 3.000000 -0.174533 0.000000
vt 3.000000 0.000000 0.000000
vt 0.000000 0.000000 0.000000
vt 1.400000 0.000000 0.000000
vt 1.400000 3.000000 0.000000
vt 0.000000 3.000000 0.000000
vt -0.000000 0.000000 0.000000
vt -0.000000 0.235619 0.000000
vt -0.000000 0.471239 0.000000
vt -0.000000 0.706858 0.000000
vt -0.000000 0.942478 0.000000
vt -0.000000 1.178097 0.000000
vt -0.000000 1.413717 0.000000
vt -0.000000 1.649336 0.000000
vt -0.000000 1.884956 0.000000
vt -0.000000 2.120575 0.000000
vt -0.000000 2.356194 0.000000
vt -0.000000 2.591814 0.000000
vt -0.000000 2.827433 0.000000
vt -3.000000 2.827433 0.000000
vt -3.000000 2.591814 0.000000
vt -3.000000 2.356194 0.000000
vt -3.000000 2.120575 0.000000
vt -3.000000 1.884956 0.000000
vt -3.000000 1.649336 0.000000
vt -3.000000 1.413717 0.000000
vt -3.000000 1.178097 0.000000
vt -3.000000 0.942478 0.000000
vt -3.000000 0.706858 0.000000
vt -3.000000 0.471239 0.000000
vt -3.000000 0.235619 0.000000
vt -3.000000 0.000000 0.000000
vt 0.000000 0.000000 0.000000
vt 1.400000 0.000000 0.000000
vt 1.400000 3.000000 0.000000
vt 0.000000 3.000000 0.000000
vt 0.000000 0.000000 0.000000
vt 0.000000 -0.174533 0.000000
vt 0.000000 -0.349066 0.000000
vt 0.000000 -0.523599 0.000000
vt 0.000000 -0.698132 0.000000
vt 0.000000 -0.872665 0.000000
vt 0.000000 -1.047198 0.000000
vt 0.000000 -1.221730 0.000000
vt 0.000000 -1.396263 0.000000
vt 0.000000 -1.570796 0.000000
vt 3.000000 -1.570796 0.000000
vt 3.000000 -1.396263 0.000000
vt 3.000000 -1.221730 0.000000
vt 3.000000 -1.047198 0.000000
vt 3.000000 -0.872665 0.000000
vt 3.000000 -0.698132 0.000000
vt 3.000000 -0.523599 0.000000
vt 3.000000 -0.349066 0.000000
vt 3.000000 -0.174533 0.000000
vt 3.000000 0.000000 0.000000
vt 0.000000 0.000000 0.000000
vt 1.400000 0.000000 0.000000
vt 1.400000 3.000000 0.000000
vt 0.000000 3.000000 0.000000
vt -0.000000 0.000000 0.000000
vt -0.000000 0.215983 0.000000
vt -0.000000 0.431965 0.000000
vt -0.000000 0.647948 0.000000
vt -0.000000 0.863931 0.000000
vt -0.000000 1.079914 0.000000
vt -0.000000 1.295896 0.000000
vt -0.000000 1.511879 0.000000
vt -0.000000 1.727862 0.000000
vt -0.000000 1.943844 0.000000
vt -3.000000 1.943844 0.000000
vt -3.000000 1.727862 0.000000
vt -3.000000 1.511879 0.000000
vt -3.000000 1.295896 0.000000
vt -3.000000 1.079914 0.000000
vt -3.000000 0.863931 0.000000
vt -3.000000 0.647948 0.000000
vt -3.000000 0.431965 0.000000
vt -3.000000 0.215983 0.000000
vt -3.000000 0.000000 0.000000
vt 0.151669 0.000000 0.000000
vt 0.151669 3.000000 0.000000
vt 0.000000 3.000000 0.000000
vt 0.000000 0.000000 0.000000
vt 0.000000 0.000000 0.000000
vt 0.300000 0.000000 0.000000
vt 0.300000 3.000000 0.000000
vt 0.000000 3.000000 0.000000
vt 14.200000 0.000000 0.000000
vt 14.200000 3.000000 0.000000
vt 0.000000 3.000000 0.000000
vt 0.000000 0.000000 0.000000
vt 6.100000 1.150000 0.000000
vt 5.700000 1.150000 0.000000
vt 5.700000 1.850000 0.000000
vt 6.100000 1.850000 0.000000
vt 3.700000 1.150000 0.000000
vt 3.300000 1.150000 0.000000
vt 3.300000 1.850000 0.000000
vt 3.700000 1.850000 0.000000
vt 7.300000 1.150000 0.000000
vt 6.900000 1.150000 0.000000
vt 6.900000 1.850000 0.000000
vt 7.300000 1.850000 0.000000
vt 4.900000 1.150000 0.000000
vt 4.500000 1.150000 0.000000
vt 4.500000 1.850000 0.000000
vt 4.900000 1.850000 0.000000
vt 2.500000 1.150000 0.000000
vt 2.100000 1.150000 0.000000
vt 2.100000 1.850000 0.000000
vt 2.500000 1.850000 0.000000
vt 8.500000 1.150000 0.000000
vt 8.100000 1.150000 0.000000
vt 8.100000 1.850000 0.000000
vt 8.500000 1.850000 0.000000
vt 8.300000 1.150000 0.000000
vt 7.600000 1.150000 0.000000
vt 7.600000 1.850000 0.000000
vt 8.300000 1.850000 0.000000
vt 10.700000 1.150000 0.000000
vt 10.000000 1.150000 0.000000
vt 10.000000 1.850000 0.000000
vt 10.700000 1.850000 0.000000
vt 7.100000 1.150000 0.000000
vt 6.400000 1.150000 0.000000
vt 6.400000 1.850000 0.000000
vt 7.100000 1.850000 0.000000
vt 9.500000 1.150000 0.000000
vt 8.800000 1.150000 0.000000
vt 8.800000 1.850000 0.000000
vt 9.500000 1.850000 0.000000
vt 11.900000 1.150000 0.000000
vt 11.200000 1.150000 0.000000
vt 11.200000 1.850000 0.000000
vt 11.900000 1.850000 0.000000
vt 5.900000 1.150000 0.000000
vt 5.200000 1.150000 0.000000
vt 5.200000 1.850000 0.000000
vt 5.900000 1.850000 0.000000
vt 0.200000 3.000000 0.000000
vt 0.200000 0.000000 0.000000
vt 14.000000 0.000000 0.000000
vt 14.000000 3.000000 0.000000
vt 0.200000 3.000000 0.000000
vt 0.200000 0.000000 0.000000
vt 2.500000 0.000000 0.000000
vt 2.500000 3.000000 0.000000
vt 0.000000 1.737500 0.000000
vt 0.300000 1.737500 0.000000
vt 0.300000 3.000000 0.000000
vt 0.000000 3.000000 0.000000
vt 0.300000 1.262500 0.000000
vt 0.000000 1.262500 0.000000
vt 0.000000 0.000000 0.000000
vt 0.300000 0.000000 0.000000
vt -0.500000 1.737500 0.000000
vt -0.500000 1.262500 0.000000
vt 0.000000 1.262500 0.000000
vt 0.000000 0.000000 0.000000
vt 3.200000 0.000000 0.000000
vt 3.200000 1.262500 0.000000
vt 3.700000 1.262500 0.000000
vt 3.700000 1.737500 0.000000
vt 3.200000 1.737500 0.000000
vt 3.200000 3.000000 0.000000
vt 0.000000 3.000000 0.000000
vt 0.000000 1.737500 0.000000
vt -0.000000 0.338808 0.000000
vt -1.300000 0.338808 0.000000
vt -1.391013 0.366532 0.000000
vt -1.455572 0.435430 0.000000
vt -1.490306 0.526193 0.000000
vt -1.500000 0.622603 0.000000
vt -0.000000 0.622603 0.000000
vt -0.000000 0.837103 0.000000
vt -0.000000 1.051603 0.000000
vt -0.000000 1.266104 0.000000
vt -3.000000 1.266104 0.000000
vt -3.000000 1.055086 0.000000
vt -3.000000 0.844069 0.000000
vt -3.000000 0.633052 0.000000
vt -3.000000 0.422035 0.000000
vt -3.000000 0.211017 0.000000
vt -3.000000 0.000000 0.000000
vt -0.000000 0.000000 0.000000
vt -0.000000 0.112936 0.000000
vt -0.000000 0.225872 0.000000
vt 0.300000 1.262500 0.000000
vt 0.000000 1.262500 0.000000
vt 0.000000 0.000000 0.000000
vt 0.300000 0.000000 0.000000
vt 0.026795 0.000000 0.000000
vt 0.014158 -0.162184 0.000000
vt 0.000000 -0.321751 0.000000
vt 0.000000 -0.500186 0.000000
vt 0.000000 -0.678621 0.000000
vt 0.000000 -0.857056 0.000000
vt 0.000000 -1.035491 0.000000
vt 0.000000 -1.213926 0.000000
vt 0.000000 -1.392361 0.000000
vt 0.000000 -1.570796 0.000000
vt 1.200000 -1.570796 0.000000
vt 1.200000 -1.392361 0.000000
vt 1.200000 -1.213926 0.000000
vt 1.200000 -1.035491 0.000000
vt 1.200000 -0.857056 0.000000
vt 1.200000 -0.678621 0.000000
vt 1.200000 -0.500186 0.000000
vt 1.200000 -0.321751 0.000000
vt 1.185842 -0.162184 0.000000
vt 1.173205 0.000000 0.000000
vt 1.500000 0.000000 0.000000
vt 1.500000 -0.174533 0.000000
vt 1.500000 -0.349066 0.000000
vt 1.500000 -0.523599 0.000000
vt 1.500000 -0.698132 0.000000
vt 1.500000 -0.872665 0.000000
vt 1.500000 -1.047197 0.000000
vt 1.500000 -1.221730 0.000000
vt 1.500000 -1.396263 0.000000
vt 1.500000 -1.570796 0.000000
vt 3.000000 -1.570796 0.000000
vt 3.000000 -1.396263 0.000000
vt 3.000000 -1.221730 0.000000
vt 3.000000 -1.047198 0.000000
vt 3.000000 -0.872665 0.000000
vt 3.000000 -0.698132 0.000000
vt 3.000000 -0.523599 0.000000
vt 3.000000 -0.349066 0.000000
vt 3.000000 -0.174533 0.000000
vt 3.000000 0.000000 0.000000
vt 0.000000 1.300000 0.000000
vt 0.055668 1.300000 0.000000
vt 0.055668 3.000000 0.000000
vt 0.000000 3.000000 0.000000
vt 0.200000 3.000000 0.000000
vt 0.200000 0.000000 0.000000
vt 14.400000 0.000000 0.000000
vt 14.400000 3.000000 0.000000
vt 6.300000 1.150000 0.000000
vt 5.900000 1.150000 0.000000
vt 5.900000 1.850000 0.000000
vt 6.300000 1.850000 0.000000
vt 12.300000 1.150000 0.000000
vt 11.900000 1.150000 0.000000
vt 11.900000 1.850000 0.000000
vt 12.300000 1.850000 0.000000
vt 9.900000 1.150000 0.000000
vt 9.500000 1.150000 0.000000
vt 9.500000 1.850000 0.000000
vt 9.900000 1.850000 0.000000
vt 7.500000 1.150000 0.000000
vt 7.100000 1.150000 0.000000
vt 7.100000 1.850000 0.000000
vt 7.500000 1.850000 0.000000
vt 11.100000 1.150000 0.000000
vt 10.700000 1.150000 0.000000
vt 10.700000 1.850000 0.000000
vt 11.100000 1.850000 0.000000
vt 8.700000 1.150000 0.000000
vt 8.300000 1.150000 0.000000
vt 8.300000 1.850000 0.000000
vt 8.700000 1.850000 0.000000
vt 7.500000 1.900000 0.000000
vt 7.473205 2.000000 0.000000
vt 7.400000 2.073205 0.000000
vt 7.300000 2.100000 0.000000
vt -6.900000 2.100000 0.000000
vt -6.900000 1.800000 0.000000
vt 6.900000 1.800000 0.000000
vt 7.000000 1.773205 0.000000
vt 7.073205 1.700000 0.000000
vt 7.100000 1.600000 0.000000
vt 7.100000 1.448331 0.000000
vt 6.907805 1.545728 0.000000
vt 6.697968 1.594652 0.000000
vt 6.482516 1.592299 0.000000
vt 6.273798 1.538804 0.000000
vt 6.083776 1.437233 0.000000
vt 5.923341 1.293407 0.000000
vt 5.801689 1.115571 0.000000
vt 5.725792 0.913916 0.000000
vt 5.700000 0.700000 0.000000
vt 5.700000 -0.700000 0.000000
vt 5.669847 -0.871010 0.000000
vt 5.583022 -1.021394 0.000000
vt 5.450000 -1.133013 0.000000
vt 5.286824 -1.192404 0.000000
vt 5.113176 -1.192404 0.000000
vt 4.950000 -1.133013 0.000000
vt 4.816978 -1.021394 0.000000
vt 4.730154 -0.871010 0.000000
vt 4.700000 -0.700000 0.000000
vt 4.700000 0.700000 0.000000
vt 4.669333 0.932937 0.000000
vt 4.579423 1.150000 0.000000
vt 4.436396 1.336396 0.000000
vt 4.250000 1.479423 0.000000
vt 4.032937 1.569333 0.000000
vt 3.800000 1.600000 0.000000
vt 3.567063 1.569333 0.000000
vt 3.350000 1.479423 0.000000
vt 3.163604 1.336396 0.000000
vt 3.020577 1.150000 0.000000
vt 2.930667 0.932937 0.000000
vt 2.900000 0.700000 0.000000
vt 2.900000 -0.700000 0.000000
vt 2.869846 -0.871010 0.000000
vt 2.783022 -1.021394 0.000000
vt 2.650000 -1.133013 0.000000
vt 2.486824 -1.192404 0.000000
vt 2.313176 -1.192404 0.000000
vt 2.150000 -1.133013 0.000000
vt 2.016978 -1.021394 0.000000
vt 1.930154 -0.871010 0.000000
vt 1.900000 -0.700000 0.000000
vt 1.900000 0.700000 0.000000
vt 1.869333 0.932937 0.000000
vt 1.779423 1.150000 0.000000
vt 1.636396 1.336396 0.000000
vt 1.450000 1.479423 0.000000
vt 1.232937 1.569333 0.000000
vt 1.000000 1.600000 0.000000
vt 0.767063 1.569333 0.000000
vt 0.550000 1.479423 0.000000
vt 0.363604 1.336396 0.000000
vt 0.220577 1.150000 0.000000
vt 0.130667 0.932937 0.000000
vt 0.100000 0.700000 0.000000
vt 0.100000 -0.700000 0.000000
vt 0.069846 -0.871010 0.000000
vt -0.016978 -1.021394 0.000000
vt -0.150000 -1.133013 0.000000
vt -0.313176 -1.192404 0.000000
vt -0.486824 -1.192404 0.000000
vt -0.650000 -1.133013 0.000000
vt -0.783022 -1.021394 0.000000
vt -0.869846 -0.871010 0.000000
vt -0.900000 -0.700000 0.000000
vt -0.900000 0.700000 0.000000
vt -0.930667 0.932937 0.000000
vt -1.020577 1.150000 0.000000
vt -1.163604 1.336396 0.000000
vt -1.350000 1.479423 0.000000
vt -1.567063 1.569333 0.000000
vt -1.800000 1.600000 0.000000
vt -2.032937 1.569333 0.000000
vt -2.250000 1.479423 0.000000
vt -2.436396 1.336396 0.000000
vt -2.579423 1.150000 0.000000
vt -2.669333 0.932937 0.000000
vt -2.700000 0.700000 0.000000
vt -2.700000 -0.700000 0.000000
vt -2.730154 -0.871010 0.000000
vt -2.816978 -1.021394 0.000000
vt -2.950000 -1.133013 0.000000
vt -3.113176 -1.192404 0.000000
vt -3.286824 -1.192404 0.000000
vt -3.450000 -1.133013 0.000000
vt -3.583022 -1.021394 0.000000
vt -3.669846 -0.871010 0.000000
vt -3.700000 -0.700000 0.000000
vt -3.700000 0.700000 0.000000
vt -3.730667 0.932937 0.000000
vt -3.820577 1.150000 0.000000
vt -3.963604 1.336396 0.000000
vt -4.150000 1.479423 0.000000
vt -4.367063 1.569333 0.000000
vt -4.600000 1.600000 0.000000
vt -4.832937 1.569333 0.000000
vt -5.050000 1.479423 0.000000
vt -5.236396 1.336396 0.000000
vt -5.379423 1.150000 0.000000
vt -5.469333 0.932937 0.000000
vt -5.500000 0.700000 0.000000
vt -5.500000 -0.700000 0.000000
vt -5.531503 -0.874672 0.000000
vt -5.622041 -1.027333 0.000000
vt -5.760206 -1.138747 0.000000
vt -5.928587 -1.194874 0.000000
vt -6.105968 -1.188642 0.000000
vt -6.269995 -1.120836 0.000000
vt -6.400000 -1.000000 0.000000
vt -6.400000 -0.700000 0.000000
vt -6.500000 -0.700000 0.000000
vt -6.500000 0.100000 0.000000
vt -6.522917 0.312859 0.000000
vt -6.590618 0.515962 0.000000
vt -6.700000 0.700000 0.000000
vt -6.400000 0.700000 0.000000
vt -6.400000 1.700000 0.000000
vt -6.900000 1.700000 0.000000
vt -6.900000 0.900000 0.000000
vt -6.993979 0.962521 0.000000
vt -7.094406 1.014053 0.000000
vt -7.200000 1.053939 0.000000
vt -7.200000 1.600000 0.000000
vt -7.500000 1.600000 0.000000
vt -7.500000 -1.600000 0.000000
vt -7.200000 -1.600000 0.000000
vt -7.200000 -0.755668 0.000000
vt -6.900000 -0.755668 0.000000
vt -6.900000 -1.700000 0.000000
vt -6.400000 -1.700000 0.000000
vt -6.400000 -1.506226 0.000000
vt -6.184651 -1.580854 0.000000
vt -5.957460 -1.598994 0.000000
vt -5.732998 -1.559482 0.000000
vt -5.525658 -1.464853 0.000000
vt -5.348738 -1.321174 0.000000
vt -5.213582 -1.137660 0.000000
vt -5.128858 -0.926079 0.000000
vt -5.100000 -0.700000 0.000000
vt -5.100000 0.700000 0.000000
vt -5.069846 0.871010 0.000000
vt -4.983022 1.021394 0.000000
vt -4.850000 1.133013 0.000000
vt -4.686824 1.192404 0.000000
vt -4.513176 1.192404 0.000000
vt -4.350000 1.133013 0.000000
vt -4.216978 1.021394 0.000000
vt -4.130154 0.871010 0.000000
vt -4.100000 0.700000 0.000000
vt -4.100000 -0.700000 0.000000
vt -4.069333 -0.932937 0.000000
vt -3.979423 -1.150000 0.000000
vt -3.836396 -1.336396 0.000000
vt -3.650000 -1.479423 0.000000
vt -3.432937 -1.569333 0.000000
vt -3.200000 -1.600000 0.000000
vt -2.967063 -1.569333 0.000000
vt -2.750000 -1.479423 0.000000
vt -2.563604 -1.336396 0.000000
vt -2.420577 -1.150000 0.000000
vt -2.330667 -0.932937 0.000000
vt -2.300000 -0.700000 0.000000
vt -2.300000 0.700000 0.000000
vt -2.269846 0.871010 0.000000
vt -2.183022 1.021394 0.000000
vt -2.050000 1.133013 0.000000
vt -1.886824 1.192404 0.000000
vt -1.713176 1.192404 0.000000
vt -1.550000 1.133013 0.000000
vt -1.416978 1.021394 0.000000
vt -1.330154 0.871010 0.000000
vt -1.300000 0.700000 0.000000
vt -1.300000 -0.700000 0.000000
vt -1.269333 -0.932937 0.000000
vt -1.179423 -1.150000 0.000000
vt -1.036396 -1.336396 0.000000
vt -0.850000 -1.479423 0.000000
vt -0.632937 -1.569333 0.000000
vt -0.400000 -1.600000 0.000000
vt -0.167063 -1.569333 0.000000
vt 0.050000 -1.479423 0.000000
vt 0.236396 -1.336396 0.000000
vt 0.379423 -1.150000 0.000000
vt 0.469333 -0.932937 0.000000
vt 0.500000 -0.700000 0.000000
vt 0.500000 0.700000 0.000000
vt 0.530154 0.871010 0.000000
vt 0.616978 1.021394 0.000000
vt 0.750000 1.133013 0.000000
vt 0.913176 1.192404 0.000000
vt 1.086824 1.192404 0.000000
vt 1.250000 1.133013 0.000000
vt 1.383022 1.021394 0.000000
vt 1.469846 0.871010 0.000000
vt 1.500000 0.700000 0.000000
vt 1.500000 -0.700000 0.000000
vt 1.530667 -0.932937 0.000000
vt 1.620577 -1.150000 0.000000
vt 1.763604 -1.336396 0.000000
vt 1.950000 -1.479423 0.000000
vt 2.167063 -1.569333 0.000000
vt 2.400000 -1.600000 0.000000
vt 2.632937 -1.569333 0.000000
vt 2.850000 -1.479423 0.000000
vt 3.036396 -1.336396 0.000000
vt 3.179423 -1.150000 0.000000
vt 3.269333 -0.932937 0.000000
vt 3.300000 -0.700000 0.000000
vt 3.300000 0.700000 0.000000
vt 3.330154 0.871010 0.000000
vt 3.416978 1.021394 0.000000
vt 3.550000 1.133013 0.000000
vt 3.713176 1.192404 0.000000
vt 3.886824 1.192404 0.000000
vt 4.050000 1.133013 0.000000
vt 4.183022 1.021394 0.000000
vt 4.269846 0.871010 0.000000
vt 4.300000 0.700000 0.000000
vt 4.300000 -0.700000 0.000000
vt 4.330667 -0.932937 0.000000
vt 4.420577 -1.150000 0.000000
vt 4.563604 -1.336396 0.000000
vt 4.750000 -1.479423 0.000000
vt 4.967063 -1.569333 0.000000
vt 5.200000 -1.600000 0.000000
vt 5.432937 -1.569333 0.000000
vt 5.650000 -1.479423 0.000000
vt 5.836396 -1.336396 0.000000
vt 5.979423 -1.150000 0.000000
vt 6.069333 -0.932937 0.000000
vt 6.100000 -0.700000 0.000000
vt 6.100000 0.700000 0.000000
vt 6.130154 0.871010 0.000000
vt 6.216978 1.021394 0.000000
vt 6.350000 1.133013 0.000000
vt 6.513176 1.192404 0.000000
vt 6.686824 1.192404 0.000000
vt 6.850000 1.133013 0.000000
vt 6.983022 1.021394 0.000000
vt 7.069846 0.871010 0.000000
vt 7.100000 0.700000 0.000000
vt 7.100000 -1.600000 0.000000
vt 7.073205 -1.700000 0.000000
vt 7.000000 -1.773205 0.000000
vt 6.900000 -1.800000 0.000000
vt -6.900000 -1.800000 0.000000
vt -6.900000 -2.100000 0.000000
vt 7.300000 -2.100000 0.000000
vt 7.400000 -2.073205 0.000000
vt 7.473205 -2.000000 0.000000
vt 7.500000 -1.900000 0.000000
vt 0.200000 3.000000 0.000000
vt 0.200000 0.000000 0.000000
vt 4.000000 0.000000 0.000000
vt 4.000000 3.000000 0.000000
vn 0.000000 -0.100000 0.000000
vn 0.000000 -0.086603 0.050000
vn 0.000000 -0.050000 0.086603
vn 0.000000 0.000000 0.100000
vn 0.000000 0.000000 0.100000
vn 0.000000 -0.050000 0.086603
vn 0.000000 -0.086603 0.050000
vn 0.000000 -0.100000 0.000000
vn 0.100000 0.000000 0.000000
vn 0.100000 0.000000 0.000000
vn 0.100000 0.000000 0.000000
vn 0.100000 0.000000 0.000000
vn 0.100000 0.000000 0.000000
vn 0.100000 0.000000 0.000000
vn 0.100000 0.000000 0.000000
vn 0.100000 0.000000 0.000000
vn 0.100000 0.000000 0.000000
vn 0.100000 0.000000 0.000000
vn 0.100000 0.000000 0.000000
vn 0.100000 0.000000 0.000000
vn 0.100000 0.000000 0.000000
vn 0.100000 0.000000 0.000000
vn 0.100000 0.000000 0.000000
vn 0.100000 0.000000 0.000000
vn 0.100000 0.000000 0.000000
vn 0.100000 0.000000 0.000000
vn 0.100000 0.000000 0.000000
vn 0.100000 0.000000 0.000000
vn 0.100000 0.000000 0.000000
vn 0.100000 0.000000 0.000000
vn 0.100000 0.000000 0.000000
vn 0.100000 0.000000 0.000000
vn 0.100000 0.000000 0.000000
vn 0.100000 0.000000 0.000000
vn 0.100000 0.000000 0.000000
vn 0.100000 0.000000 0.000000
vn 0.100000 0.000000 0.000000
vn 0.100000 0.000000 0.000000
vn 0.100000 0.000000 0.000000
vn 0.100000 0.000000 0.000000
vn 0.100000 0.000000 0.000000
vn 0.100000 0.000000 0.000000
vn 0.100000 0.000000 0.000000
vn 0.100000 0.000000 0.000000
vn 0.100000 0.000000 0.000000
vn 0.100000 0.000000 0.000000
vn 0.100000 0.000000 0.000000
vn 0.100000 0.000000 0.000000
vn 0.100000 0.000000 0.000000
vn 0.100000 0.000000 0.000000
vn 0.100000 0.000000 0.000000
vn 0.100000 0.000000 0.000000
vn 0.100000 0.000000 0.000000
vn 0.100000 0.000000 0.000000
vn 0.100000 0.000000 0.000000
vn 0.100000 0.000000 0.000000
vn 0.100000 0.000000 0.000000
vn 0.100000 0.000000 0.000000
vn 0.100000 0.000000 0.000000
vn 0.100000 0.000000 0.000000
vn 0.100000 0.000000 0.000000
vn 0.100000 0.000000 0.000000
vn 0.100000 0.000000 0.000000
vn 0.100000 0.000000 0.000000
vn 0.100000 0.000000 0.000000
vn 0.100000 0.000000 0.000000
vn 0.100000 0.000000 0.000000
vn 0.100000 0.000000 0.000000
vn 0.100000 0.000000 0.000000
vn 0.100000 0.000000 0.000000
vn 0.100000 0.000000 0.000000
vn 0.100000 0.000000 0.000000
vn 0.100000 0.000000 0.000000
vn 0.100000 0.000000 0.000000
vn 0.100000 0.000000 0.000000
vn 0.100000 0.000000 0.000000
vn 0.100000 0.000000 0.000000
vn 0.100000 0.000000 0.000000
vn 0.100000 0.000000 0.000000
vn 0.100000 0.000000 0.000000
vn 0.100000 0.000000 0.000000
vn 0.100000 0.000000 0.000000
vn 0.100000 0.000000 0.000000
vn 0.100000 0.000000 0.000000
vn 0.100000 0.000000 0.000000
vn 0.100000 0.000000 0.000000
vn 0.100000 0.000000 0.000000
vn 0.100000 0.000000 0.000000
vn 0.100000 0.000000 0.000000
vn 0.100000 0.000000 0.000000
vn 0.100000 0.000000 0.000000
vn 0.100000 0.000000 0.000000
vn 0.100000 0.000000 0.000000
vn 0.100000 0.000000 0.000000
vn 0.100000 0.000000 0.000000
vn 0.100000 0.000000 0.000000
vn 0.100000 0.000000 0.000000
vn 0.100000 0.000000 0.000000
vn 0.100000 0.000000 0.000000
vn 0.100000 0.000000 0.000000
vn 0.100000 0.000000 0.000000
vn 0.100000 0.000000 0.000000
vn 0.100000 0.000000 0.000000
vn 0.100000 0.000000 0.000000
vn 0.100000 0.000000 0.000000
vn 0.100000 0.000000 0.000000
vn 0.100000 0.000000 0.000000
vn 0.100000 0.000000 0.000000
vn 0.100000 0.000000 0.000000
vn 0.100000 0.000000 0.000000
vn 0.100000 0.000000 0.000000
vn 0.100000 0.000000 0.000000
vn 0.100000 0.000000 0.000000
vn 0.100000 0.000000 0.000000
vn 0.100000 0.000000 0.000000
vn 0.100000 0.000000 0.000000
vn 0.100000 0.000000 0.000000
vn 0.100000 0.000000 0.000000
vn 0.100000 0.000000 0.000000
vn 0.100000 0.000000 0.000000
vn 0.100000 0.000000 0.000000
vn 0.100000 0.000000 0.000000
vn 0.100000 0.000000 0.000000
vn 0.100000 0.000000 0.000000
vn 0.100000 0.000000 0.000000
vn 0.100000 0.000000 0.000000
vn 0.100000 0.000000 0.000000
vn 0.100000 0.000000 0.000000
vn 0.100000 0.000000 0.000000
vn 0.100000 0.000000 0.000000
vn 0.100000 0.000000 0.000000
vn 0.100000 0.000000 0.000000
vn 0.100000 0.000000 0.000000
vn 0.100000 0.000000 0.000000
vn 0.100000 0.000000 0.000000
vn 0.100000 0.000000 0.000000
vn 0.100000 0.000000 0.000000
vn 0.100000 0.000000 0.000000
vn 0.100000 0.000000 0.000000
vn 0.100000 0.000000 0.000000
vn 0.100000 0.000000 0.000000
vn 0.100000 0.000000 0.000000
vn 0.100000 0.000000 0.000000
vn 0.100000 0.000000 0.000000
vn 0.100000 0.000000 0.000000
vn 0.100000 0.000000 0.000000
vn 0.100000 0.000000 0.000000
vn 0.100000 0.000000 0.000000
vn 0.100000 0.000000 0.000000
vn 0.100000 0.000000 0.000000
vn 0.100000 0.000000 0.000000
vn 0.100000 0.000000 0.000000
vn 0.100000 0.000000 0.000000
vn 0.100000 0.000000 0.000000
vn 0.100000 0.000000 0.000000
vn 0.100000 0.000000 0.000000
vn 0.100000 0.000000 0.000000
vn 0.100000 0.000000 0.000000
vn 0.100000 0.000000 0.000000
vn 0.100000 0.000000 0.000000
vn 0.100000 0.000000 0.000000
vn 0.100000 0.000000 0.000000
vn 0.100000 0.000000 0.000000
vn 0.100000 0.000000 0.000000
vn 0.100000 0.000000 0.000000
vn 0.100000 0.000000 0.000000
vn 0.100000 0.000000 0.000000
vn 0.100000 0.000000 0.000000
vn 0.100000 0.000000 0.000000
vn 0.100000 0.000000 0.000000
vn 0.100000 0.000000 0.000000
vn 0.100000 0.000000 0.000000
vn 0.100000 0.000000 0.000000
vn 0.100000 0.000000 0.000000
vn 0.100000 0.000000 0.000000
vn 0.100000 0.000000 0.000000
vn 0.100000 0.000000 0.000000
vn 0.100000 0.000000 0.000000
vn 0.100000 0.000000 0.000000
vn 0.100000 0.000000 0.000000
vn 0.100000 0.000000 0.000000
vn 0.100000 0.000000 0.000000
vn 0.100000 0.000000 0.000000
vn 0.100000 0.000000 0.000000
vn 0.100000 0.000000 0.000000
vn 0.100000 0.000000 0.000000
vn 0.100000 0.000000 0.000000
vn 0.100000 0.000000 0.000000
vn 0.100000 0.000000 0.000000
vn 0.100000 0.000000 0.000000
vn 0.100000 0.000000 0.000000
vn 0.100000 0.000000 0.000000
vn 0.100000 0.000000 0.000000
vn 0.100000 0.000000 0.000000
vn 0.100000 0.000000 0.000000
vn 0.100000 0.000000 0.000000
vn 0.100000 0.000000 0.000000
vn 0.100000 0.000000 0.000000
vn 0.100000 0.000000 0.000000
vn 0.100000 0.000000 0.000000
vn 0.100000 0.000000 0.000000
vn 0.100000 0.000000 0.000000
vn 0.100000 0.000000 0.000000
vn 0.100000 0.000000 0.000000
vn 0.100000 0.000000 0.000000
vn 0.100000 0.000000 0.000000
vn 0.100000 0.000000 0.000000
vn 0.100000 0.000000 0.000000
vn 0.100000 0.000000 0.000000
vn 0.100000 0.000000 0.000000
vn 0.100000 0.000000 0.000000
vn 0.100000 0.000000 0.000000
vn 0.100000 0.000000 0.000000
vn 0.100000 0.000000 0.000000
vn 0.100000 0.000000 0.000000
vn 0.100000 0.000000 0.000000
vn 0.100000 0.000000 0.000000
vn 0.100000 0.000000 0.000000
vn 0.100000 0.000000 0.000000
vn 0.100000 0.000000 0.000000
vn 0.100000 0.000000 0.000000
vn 0.100000 0.000000 0.000000
vn 0.100000 0.000000 0.000000
vn 0.100000 0.000000 0.000000
vn 0.100000 0.000000 0.000000
vn 0.100000 0.000000 0.000000
vn 0.100000 0.000000 0.000000
vn 0.100000 0.000000 0.000000
vn 0.100000 0.000000 0.000000
vn 0.100000 0.000000 0.000000
vn 0.100000 0.000000 0.000000
vn 0.100000 0.000000 0.000000
vn 0.100000 0.000000 0.000000
vn 0.100000 0.000000 0.000000
vn 0.100000 0.000000 0.000000
vn 0.100000 0.000000 0.000000
vn 0.100000 0.000000 0.000000
vn 0.100000 0.000000 0.000000
vn 0.100000 0.000000 0.000000
vn 0.100000 0.000000 0.000000
vn 0.100000 0.000000 0.000000
vn 0.100000 0.000000 0.000000
vn 0.100000 0.000000 0.000000
vn 0.100000 0.000000 0.000000
vn 0.100000 0.000000 0.000000
vn 0.100000 0.000000 0.000000
vn 0.100000 0.000000 0.000000
vn 0.100000 0.000000 0.000000
vn 0.100000 0.000000 0.000000
vn 0.100000 0.000000 0.000000
vn 0.100000 0.000000 0.000000
vn 0.100000 0.000000 0.000000
vn 0.100000 0.000000 0.000000
vn 0.100000 0.000000 0.000000
vn 0.100000 0.000000 0.000000
vn 0.100000 0.000000 0.000000
vn 0.100000 0.000000 0.000000
vn 0.100000 0.000000 0.000000
vn 0.100000 0.000000 0.000000
vn 0.100000 0.000000 0.000000
vn 0.100000 0.000000 0.000000
vn 0.100000 0.000000 0.000000
vn 0.100000 0.000000 0.000000
vn 0.100000 0.000000 0.000000
vn 0.100000 0.000000 0.000000
vn 0.100000 0.000000 0.000000
vn 0.100000 0.000000 0.000000
vn 0.100000 0.000000 0.000000
vn 0.100000 0.000000 0.000000
vn 0.100000 0.000000 0.000000
vn 0.100000 0.000000 0.000000
vn 0.100000 0.000000 0.000000
vn 0.100000 0.000000 0.000000
vn 0.000000 0.000000 -0.100000
vn 0.000000 0.000000 -0.100000
vn 0.000000 0.000000 -0.100000
vn 0.000000 0.000000 -0.100000
vn 0.000000 0.000000 0.100000
vn 0.000000 0.050000 0.086603
vn 0.000000 0.086603 0.050000
vn 0.000000 0.100000 0.000000
vn 0.000000 0.100000 0.000000
vn 0.000000 0.086603 0.050000
vn 0.000000 0.050000 0.086603
vn 0.000000 0.000000 0.100000
vn 0.000000 0.100000 0.000000
vn 0.000000 0.100000 0.000000
vn 0.000000 0.100000 0.000000
vn 0.000000 0.100000 0.000000
vn 0.000000 0.100000 0.000000
vn 0.000000 0.100000 0.000000
vn 0.000000 0.100000 0.000000
vn 0.000000 0.100000 0.000000
vn 0.000000 0.100000 0.000000
vn 0.000000 0.100000 0.000000
vn 0.000000 0.100000 0.000000
vn 0.000000 0.100000 0.000000
vn 0.000000 0.100000 0.000000
vn 0.000000 0.100000 0.000000
vn 0.000000 0.100000 0.000000
vn 0.000000 0.100000 0.000000
vn 0.000000 0.100000 0.000000
vn 0.000000 0.100000 0.000000
vn 0.000000 0.100000 0.000000
vn 0.000000 0.100000 0.000000
vn 0.000000 0.100000 0.000000
vn 0.000000 0.100000 0.000000
vn 0.000000 0.100000 0.000000
vn 0.000000 0.100000 0.000000
vn 0.000000 0.100000 0.000000
vn 0.000000 0.100000 0.000000
vn 0.000000 0.100000 0.000000
vn 0.000000 0.100000 0.000000
vn -0.100000 0.000000 0.000000
vn -0.100000 0.000000 0.000000
vn -0.100000 0.000000 0.000000
vn -0.100000 0.000000 0.000000
vn -0.100000 0.000000 0.000000
vn -0.100000 0.000000 0.000000
vn -0.100000 0.000000 0.000000
vn 0.000000 -0.100000 0.000000
vn 0.000000 -0.100000 0.000000
vn 0.000000 -0.092388 -0.038268
vn 0.000000 -0.070711 -0.070711
vn 0.000000 -0.038268 -0.092388
vn 0.000000 0.000000 -0.100000
vn 0.000000 0.000000 -0.100000
vn 0.000000 -0.038268 -0.092388
vn 0.000000 -0.070711 -0.070711
vn 0.000000 -0.092388 -0.038268
vn 0.000000 0.000000 0.100000
vn 0.000000 0.000000 0.100000
vn 0.000000 0.000000 0.100000
vn 0.000000 0.000000 0.100000
vn 0.100000 0.000000 0.000000
vn 0.100000 0.000000 0.000000
vn 0.100000 0.000000 0.000000
vn 0.100000 0.000000 0.000000
vn 0.100000 0.000000 0.000000
vn 0.100000 0.000000 0.000000
vn 0.100000 0.000000 0.000000
vn -0.100000 0.000000 0.000000
vn -0.100000 0.000000 0.000000
vn -0.100000 0.000000 0.000000
vn -0.100000 0.000000 0.000000
vn -0.100000 0.000000 0.000000
vn -0.100000 0.000000 0.000000
vn -0.100000 0.000000 0.000000
vn 0.000000 -0.100000 0.000000
vn 0.000000 -0.100000 0.000000
vn 0.000000 -0.092388 -0.038268
vn 0.000000 -0.070711 -0.070711
vn 0.000000 -0.038268 -0.092388
vn 0.000000 0.000000 -0.100000
vn 0.000000 0.000000 -0.100000
vn 0.000000 -0.038268 -0.092388
vn 0.000000 -0.070711 -0.070711
vn 0.000000 -0.092388 -0.038268
vn 0.000000 0.000000 0.100000
vn 0.000000 0.000000 0.100000
vn 0.000000 0.000000 0.100000
vn 0.000000 0.000000 0.100000
vn 0.100000 0.000000 0.000000
vn 0.100000 0.000000 0.000000
vn 0.100000 0.000000 0.000000
vn 0.100000 0.000000 0.000000
vn 0.100000 0.000000 0.000000
vn 0.100000 0.000000 0.000000
vn 0.100000 0.000000 0.000000
vn -0.100000 0.000000 0.000000
vn -0.100000 0.000000 0.000000
vn -0.100000 0.000000 0.000000
vn -0.100000 0.000000 0.000000
vn -0.100000 0.000000 0.000000
vn -0.100000 0.000000 0.000000
vn -0.100000 0.000000 0.000000
vn 0.000000 -0.100000 0.000000
vn 0.000000 -0.100000 0.000000
vn 0.000000 -0.092388 -0.038268
vn 0.000000 -0.070711 -0.070711
vn 0.000000 -0.038268 -0.092388
vn 0.000000 0.000000 -0.100000
vn 0.000000 0.000000 -0.100000
vn 0.000000 -0.038268 -0.092388
vn 0.000000 -0.070711 -0.070711
vn 0.000000 -0.092388 -0.038268
vn 0.000000 0.000000 0.100000
vn 0.000000 0.000000 0.100000
vn 0.000000 0.000000 0.100000
vn 0.000000 0.000000 0.100000
vn 0.100000 0.000000 0.000000
vn 0.100000 0.000000 0.000000
vn 0.100000 0.000000 0.000000
vn 0.100000 0.000000 0.000000
vn 0.100000 0.000000 0.000000
vn 0.100000 0.000000 0.000000
vn 0.100000 0.000000 0.000000
vn -0.100000 0.000000 0.000000
vn -0.100000 0.000000 0.000000
vn -0.100000 0.000000 0.000000
vn -0.100000 0.000000 0.000000
vn -0.100000 0.000000 0.000000
vn -0.100000 0.000000 0.000000
vn -0.100000 0.000000 0.000000
vn 0.000000 -0.100000 0.000000
vn 0.000000 -0.100000 0.000000
vn 0.000000 -0.092388 -0.038268
vn 0.000000 -0.070711 -0.070711
vn 0.000000 -0.038268 -0.092388
vn 0.000000 0.000000 -0.100000
vn 0.000000 0.000000 -0.100000
vn 0.000000 -0.038268 -0.092388
vn 0.000000 -0.070711 -0.070711
vn 0.000000 -0.092388 -0.038268
vn 0.000000 0.000000 0.100000
vn 0.000000 0.000000 0.100000
vn 0.000000 0.000000 0.100000
vn 0.000000 0.000000 0.100000
vn 0.000000 0.000000 -0.100000
vn 0.000000 -0.034202 -0.093969
vn 0.000000 -0.064279 -0.076604
vn 0.000000 -0.086603 -0.050000
vn 0.000000 -0.098481 -0.017365
vn 0.000000 -0.098481 0.017365
vn 0.000000 -0.086603 0.050000
vn 0.000000 -0.064279 0.076604
vn 0.000000 -0.034202 0.093969
vn 0.000000 0.000000 0.100000
vn 0.000000 0.000000 0.100000
vn 0.000000 -0.034202 0.093969
vn 0.000000 -0.064279 0.076604
vn 0.000000 -0.086603 0.050000
vn 0.000000 -0.098481 0.017365
vn 0.000000 -0.098481 -0.017365
vn 0.000000 -0.086603 -0.050000
vn 0.000000 -0.064279 -0.076604
vn 0.000000 -0.034202 -0.093969
vn 0.000000 0.000000 -0.100000
vn 0.000000 0.000000 0.100000
vn 0.000000 0.000000 0.100000
vn 0.000000 0.000000 0.100000
vn 0.000000 0.000000 0.100000
vn 0.000000 0.000000 0.100000
vn 0.000000 -0.025882 0.096593
vn 0.000000 -0.050000 0.086603
vn 0.000000 -0.070711 0.070711
vn 0.000000 -0.086603 0.050000
vn 0.000000 -0.096593 0.025882
vn 0.000000 -0.100000 0.000000
vn 0.000000 -0.096593 -0.025882
vn 0.000000 -0.086603 -0.050000
vn 0.000000 -0.070711 -0.070711
vn 0.000000 -0.050000 -0.086603
vn 0.000000 -0.025882 -0.096593
vn 0.000000 0.000000 -0.100000
vn 0.000000 0.000000 -0.100000
vn 0.000000 -0.025882 -0.096593
vn 0.000000 -0.050000 -0.086603
vn 0.000000 -0.070711 -0.070711
vn 0.000000 -0.086603 -0.050000
vn 0.000000 -0.096593 -0.025882
vn 0.000000 -0.100000 0.000000
vn 0.000000 -0.096593 0.025882
vn 0.000000 -0.086603 0.050000
vn 0.000000 -0.070711 0.070711
vn 0.000000 -0.050000 0.086603
vn 0.000000 -0.025882 0.096593
vn 0.000000 0.000000 0.100000
vn 0.100000 0.000000 0.000000
vn 0.100000 0.000000 0.000000
vn 0.100000 0.000000 0.000000
vn 0.100000 0.000000 0.000000
vn 0.100000 0.000000 0.000000
vn 0.100000 0.000000 0.000000
vn 0.100000 0.000000 0.000000
vn -0.100000 0.000000 0.000000
vn -0.100000 0.000000 0.000000
vn -0.100000 0.000000 0.000000
vn -0.100000 0.000000 0.000000
vn -0.100000 0.000000 0.000000
vn -0.100000 0.000000 0.000000
vn -0.100000 0.000000 0.000000
vn 0.000000 -0.100000 0.000000
vn 0.000000 -0.100000 0.000000
vn 0.000000 -0.092388 -0.038268
vn 0.000000 -0.070711 -0.070711
vn 0.000000 -0.038268 -0.092388
vn 0.000000 0.000000 -0.100000
vn 0.000000 0.000000 -0.100000
vn 0.000000 -0.038268 -0.092388
vn 0.000000 -0.070711 -0.070711
vn 0.000000 -0.092388 -0.038268
vn 0.000000 0.000000 0.100000
vn 0.000000 0.000000 0.100000
vn 0.000000 0.000000 0.100000
vn 0.000000 0.000000 0.100000
vn 0.100000 0.000000 0.000000
vn 0.100000 0.000000 0.000000
vn 0.100000 0.000000 0.000000
vn 0.100000 0.000000 0.000000
vn 0.100000 0.000000 0.000000
vn 0.100000 0.000000 0.000000
vn 0.100000 0.000000 0.000000
vn -0.100000 0.000000 0.000000
vn -0.100000 0.000000 0.000000
vn -0.100000 0.000000 0.000000
vn -0.100000 0.000000 0.000000
vn -0.100000 0.000000 0.000000
vn -0.100000 0.000000 0.000000
vn -0.100000 0.000000 0.000000
vn 0.000000 -0.100000 0.000000
vn 0.000000 -0.100000 0.000000
vn 0.000000 -0.092388 -0.038268
vn 0.000000 -0.070711 -0.070711
vn 0.000000 -0.038268 -0.092388
vn 0.000000 0.000000 -0.100000
vn 0.000000 0.000000 -0.100000
vn 0.000000 -0.038268 -0.092388
vn 0.000000 -0.070711 -0.070711
vn 0.000000 -0.092388 -0.038268
vn 0.000000 0.000000 -0.100000
vn 0.000000 0.000000 -0.100000
vn 0.000000 0.000000 -0.100000
vn 0.000000 0.000000 -0.100000
vn 0.000000 0.000000 0.100000
vn 0.000000 0.000000 0.100000
vn 0.000000 0.000000 0.100000
vn 0.000000 0.000000 0.100000
vn 0.100000 0.000000 0.000000
vn 0.100000 0.000000 0.000000
vn 0.100000 0.000000 0.000000
vn 0.100000 0.000000 0.000000
vn 0.100000 0.000000 0.000000
vn 0.100000 0.000000 0.000000
vn 0.100000 0.000000 0.000000
vn 0.100000 0.000000 0.000000
vn 0.100000 0.000000 0.000000
vn 0.100000 0.000000 0.000000
vn 0.100000 0.000000 0.000000
vn 0.000000 0.100000 0.000000
vn 0.000000 0.100000 0.000000
vn 0.000000 0.100000 0.000000
vn 0.000000 0.100000 0.000000
vn -0.100000 0.000000 0.000000
vn -0.100000 0.000000 0.000000
vn -0.100000 0.000000 0.000000
vn -0.100000 0.000000 0.000000
vn 0.000000 0.000000 -0.100000
vn 0.000000 0.000000 -0.100000
vn 0.000000 0.038268 -0.092388
vn 0.000000 0.070711 -0.070711
vn 0.000000 0.092388 -0.038268
vn 0.000000 0.100000 0.000000
vn 0.000000 0.100000 0.000000
vn 0.000000 0.092388 -0.038268
vn 0.000000 0.070711 -0.070711
vn 0.000000 0.038268 -0.092388
vn 0.000000 0.100000 0.000000
vn 0.000000 0.100000 0.000000
vn 0.038268 0.092388 0.000000
vn 0.070711 0.070711 0.000000
vn 0.092388 0.038268 0.000000
vn 0.100000 0.000000 0.000000
vn 0.100000 0.000000 0.000000
vn 0.092388 0.038268 0.000000
vn 0.070711 0.070711 0.000000
vn 0.038268 0.092388 0.000000
vn 0.000000 0.100000 0.000000
vn 0.000000 0.100000 0.000000
vn 0.000000 0.092388 0.038268
vn 0.000000 0.070711 0.070711
vn 0.000000 0.038268 0.092388
vn 0.000000 0.000000 0.100000
vn 0.000000 0.000000 0.100000
vn 0.000000 0.038268 0.092388
vn 0.000000 0.070711 0.070711
vn 0.000000 0.092388 0.038268
vn 0.000000 0.100000 0.000000
vn 0.000000 0.100000 0.000000
vn -0.038268 0.092388 0.000000
vn -0.070711 0.070711 0.000000
vn -0.092388 0.038268 0.000000
vn -0.100000 0.000000 0.000000
vn -0.100000 0.000000 0.000000
vn -0.092388 0.038268 0.000000
vn -0.070711 0.070711 0.000000
vn -0.038268 0.092388 0.000000
vn 0.000000 -0.100000 0.000000
vn 0.000000 -0.100000 0.000000
vn 0.000000 -0.100000 0.000000
vn 0.000000 -0.100000 0.000000
vn 0.000000 -0.100000 0.000000
vn 0.000000 -0.100000 0.000000
vn 0.000000 -0.100000 0.000000
vn 0.000000 -0.100000 0.000000
vn 0.000000 -0.100000 0.000000
vn 0.000000 -0.100000 0.000000
vn 0.000000 -0.100000 0.000000
vn 0.000000 -0.100000 0.000000
vn 0.000000 -0.100000 0.000000
vn 0.000000 -0.100000 0.000000
vn 0.000000 -0.100000 0.000000
vn 0.100000 0.000000 0.000000
vn 0.100000 0.000000 0.000000
vn 0.100000 0.000000 0.000000
vn 0.100000 0.000000 0.000000
vn 0.100000 0.000000 0.000000
vn 0.100000 0.000000 0.000000
vn 0.100000 0.000000 0.000000
vn 0.100000 0.000000 0.000000
vn 0.100000 0.000000 0.000000
vn 0.100000 0.000000 0.000000
vn 0.000000 0.000000 -0.100000
vn 0.034027 0.000000 -0.094033
vn 0.065781 0.000000 -0.075319
vn 0.089999 0.000000 -0.043590
vn 0.100000 0.000000 0.000000
vn 0.100000 0.000000 0.000000
vn 0.086603 0.000000 -0.050000
vn 0.050000 0.000000 -0.086603
vn 0.000000 0.000000 -0.100000
vn 0.000000 0.000000 -0.100000
vn 0.000000 0.000000 -0.100000
vn 0.000000 0.000000 -0.100000
vn 0.000000 0.000000 -0.100000
vn 0.000000 0.000000 -0.100000
vn 0.100000 0.000000 0.000000
vn 0.092919 0.000000 0.036959
vn 0.086603 0.000000 0.050000
vn 0.093969 0.000000 0.034202
vn 0.098481 0.000000 0.017365
vn 0.100000 0.000000 0.000000
vn 0.000000 0.000000 0.100000
vn 0.000000 0.000000 0.100000
vn 0.000000 0.000000 0.100000
vn 0.000000 0.000000 0.100000
vn 0.100000 0.000000 0.000000
vn 0.100000 0.000000 0.000000
vn 0.100000 0.000000 0.000000
vn 0.100000 0.000000 0.000000
vn 0.100000 0.000000 0.000000
vn 0.100000 0.000000 0.000000
vn 0.100000 0.000000 0.000000
vn 0.100000 0.000000 0.000000
vn 0.100000 0.000000 0.000000
vn 0.100000 0.000000 0.000000
vn 0.000000 0.100000 0.000000
vn 0.000000 0.100000 0.000000
vn 0.000000 0.100000 0.000000
vn 0.000000 0.100000 0.000000
vn 0.000000 0.100000 0.000000
vn 0.000000 0.100000 0.000000
vn 0.000000 0.100000 0.000000
vn 0.000000 0.100000 0.000000
vn 0.000000 0.100000 0.000000
vn 0.000000 0.100000 0.000000
vn 0.000000 0.100000 0.000000
vn 0.000000 0.100000 0.000000
vn -0.100000 0.000000 0.000000
vn -0.092848 0.000000 0.037138
vn -0.072461 0.000000 0.068916
vn -0.040752 0.000000 0.091320
vn 0.000000 0.000000 0.100000
vn 0.000000 0.000000 0.100000
vn -0.050000 0.000000 0.086603
vn -0.086603 0.000000 0.050000
vn -0.100000 0.000000 0.000000
vn -0.086603 0.000000 0.050000
vn -0.092919 0.000000 0.036959
vn -0.100000 0.000000 0.000000
vn -0.100000 0.000000 0.000000
vn -0.098481 0.000000 0.017365
vn -0.093969 0.000000 0.034202
vn -0.100000 0.000000 0.000000
vn -0.100000 0.000000 0.000000
vn -0.100000 0.000000 0.000000
vn -0.100000 0.000000 0.000000
vn -0.100000 0.000000 0.000000
vn -0.100000 0.000000 0.000000
vn -0.100000 0.000000 0.000000
vn -0.100000 0.000000 0.000000
vn -0.100000 0.000000 0.000000
vn -0.100000 0.000000 0.000000
vn -0.100000 0.000000 0.000000
vn -0.100000 0.000000 0.000000
vn -0.100000 0.000000 0.000000
vn -0.100000 0.000000 0.000000
vn -0.100000 0.000000 0.000000
vn -0.100000 0.000000 0.000000
vn -0.100000 0.000000 0.000000
vn 0.000000 0.000000 0.100000
vn 0.040752 0.000000 0.091320
vn 0.072461 0.000000 0.068916
vn 0.092848 0.000000 0.037138
vn 0.100000 0.000000 0.000000
vn 0.100000 0.000000 0.000000
vn 0.086603 0.000000 0.050000
vn 0.050000 0.000000 0.086603
vn 0.000000 0.000000 0.100000
vn 0.000000 0.000000 0.100000
vn 0.000000 0.000000 0.100000
vn 0.000000 0.000000 0.100000
vn 0.000000 0.000000 0.100000
vn 0.000000 -0.100000 0.000000
vn 0.000000 -0.100000 0.000000
vn 0.000000 -0.100000 0.000000
vn 0.000000 -0.100000 0.000000
vn 0.000000 -0.100000 0.000000
vn 0.000000 -0.100000 0.000000
vn 0.000000 -0.100000 0.000000
vn 0.000000 -0.100000 0.000000
vn 0.000000 -0.100000 0.000000
vn 0.000000 -0.100000 0.000000
vn 0.000000 -0.100000 0.000000
vn 0.000000 -0.100000 0.000000
vn 0.000000 0.100000 0.000000
vn 0.000000 0.100000 0.000000
vn 0.000000 0.100000 0.000000
vn 0.000000 0.100000 0.000000
vn 0.000000 0.100000 0.000000
vn 0.000000 0.100000 0.000000
vn 0.000000 0.100000 0.000000
vn 0.000000 0.100000 0.000000
vn 0.000000 0.100000 0.000000
vn 0.000000 0.100000 0.000000
vn 0.000000 0.100000 0.000000
vn 0.000000 0.100000 0.000000
vn 0.000000 0.100000 0.000000
vn 0.000000 0.100000 0.000000
vn 0.000000 0.100000 0.000000
vn 0.100000 0.000000 0.000000
vn 0.100000 0.000000 0.000000
vn 0.100000 0.000000 0.000000
vn 0.100000 0.000000 0.000000
vn 0.100000 0.000000 0.000000
vn 0.100000 0.000000 0.000000
vn 0.100000 0.000000 0.000000
vn 0.100000 0.000000 0.000000
vn 0.086603 0.000000 0.050000
vn 0.050000 0.000000 0.086603
vn 0.000000 0.000000 0.100000
vn 0.000000 0.000000 0.100000
vn 0.050000 0.000000 0.086603
vn 0.086603 0.000000 0.050000
vn 0.100000 0.000000 0.000000
vn 0.000000 0.000000 0.100000
vn 0.000000 0.000000 0.100000
vn 0.000000 0.000000 0.100000
vn 0.000000 0.000000 0.100000
vn 0.000000 0.000000 0.100000
vn -0.050000 0.000000 0.086603
vn -0.086603 0.000000 0.050000
vn -0.100000 0.000000 0.000000
vn -0.100000 0.000000 0.000000
vn -0.086603 0.000000 0.050000
vn -0.050000 0.000000 0.086603
vn 0.000000 0.000000 0.100000
vn 0.000000 0.000000 -0.100000
vn 0.000000 0.000000 -0.100000
vn 0.000000 0.000000 -0.100000
vn 0.000000 0.000000 -0.100000
vn 0.100000 0.000000 0.000000
vn 0.095157 0.000000 -0.030742
vn 0.077798 0.000000 -0.062828
vn 0.045513 0.000000 -0.089042
vn 0.000000 0.000000 -0.100000
vn 0.000000 0.000000 -0.100000
vn 0.050000 0.000000 -0.086603
vn 0.086603 0.000000 -0.050000
vn 0.100000 0.000000 0.000000
vn 0.000000 0.000000 0.100000
vn 0.000000 0.000000 0.100000
vn 0.000000 0.000000 0.100000
vn 0.000000 0.000000 0.100000
vn -0.100000 0.000000 0.000000
vn -0.100000 0.000000 0.000000
vn -0.100000 0.000000 0.000000
vn -0.100000 0.000000 0.000000
vn -0.100000 0.000000 0.000000
vn -0.100000 0.000000 0.000000
vn -0.100000 0.000000 0.000000
vn 0.000000 0.000000 -0.100000
vn 0.000000 -0.034202 -0.093969
vn 0.000000 -0.064279 -0.076604
vn 0.000000 -0.086603 -0.050000
vn 0.000000 -0.098481 -0.017365
vn 0.000000 -0.098481 0.017365
vn 0.000000 -0.086603 0.050000
vn 0.000000 -0.064279 0.076604
vn 0.000000 -0.034202 0.093969
vn 0.000000 0.000000 0.100000
vn 0.000000 0.000000 0.100000
vn 0.000000 -0.034202 0.093969
vn 0.000000 -0.064279 0.076604
vn 0.000000 -0.086603 0.050000
vn 0.000000 -0.098481 0.017365
vn 0.000000 -0.098481 -0.017365
vn 0.000000 -0.086603 -0.050000
vn 0.000000 -0.064279 -0.076604
vn 0.000000 -0.034202 -0.093969
vn 0.000000 0.000000 -0.100000
vn 0.000000 0.000000 -0.100000
vn 0.000000 0.000000 -0.100000
vn 0.000000 -0.038268 -0.092388
vn 0.000000 -0.070711 -0.070711
vn 0.000000 -0.092388 -0.038268
vn 0.000000 -0.100000 0.000000
vn 0.000000 -0.100000 0.000000
vn 0.000000 -0.092388 -0.038268
vn 0.000000 -0.070711 -0.070711
vn 0.000000 -0.038268 -0.092388
vn 0.000000 -0.100000 0.000000
vn 0.000000 -0.100000 0.000000
vn 0.038268 -0.092388 0.000000
vn 0.070711 -0.070711 0.000000
vn 0.092388 -0.038268 0.000000
vn 0.100000 0.000000 0.000000
vn 0.100000 0.000000 0.000000
vn 0.092388 -0.038268 0.000000
vn 0.070711 -0.070711 0.000000
vn 0.038268 -0.092388 0.000000
vn 0.000000 -0.100000 0.000000
vn 0.000000 -0.100000 0.000000
vn 0.000000 -0.092388 0.038268
vn 0.000000 -0.070711 0.070711
vn 0.000000 -0.038268 0.092388
vn 0.000000 0.000000 0.100000
vn 0.000000 0.000000 0.100000
vn 0.000000 -0.038268 0.092388
vn 0.000000 -0.070711 0.070711
vn 0.000000 -0.092388 0.038268
vn 0.000000 -0.100000 0.000000
vn 0.000000 -0.100000 0.000000
vn -0.038268 -0.092388 0.000000
vn -0.070711 -0.070711 0.000000
vn -0.092388 -0.038268 0.000000
vn -0.100000 0.000000 0.000000
vn -0.100000 0.000000 0.000000
vn -0.092388 -0.038268 0.000000
vn -0.070711 -0.070711 0.000000
vn -0.038268 -0.092388 0.000000
vn 0.000000 0.000000 0.100000
vn 0.000000 0.000000 0.100000
vn 0.000000 0.000000 0.100000
vn 0.000000 0.000000 0.100000
vn 0.100000 0.000000 0.000000
vn 0.100000 0.000000 0.000000
vn 0.100000 0.000000 0.000000
vn 0.100000 0.000000 0.000000
vn 0.000000 -0.100000 0.000000
vn 0.000000 -0.100000 0.000000
vn 0.000000 -0.100000 0.000000
vn 0.000000 -0.100000 0.000000
vn -0.100000 0.000000 0.000000
vn -0.100000 0.000000 0.000000
vn -0.100000 0.000000 0.000000
vn -0.100000 0.000000 0.000000
vn 0.000000 0.000000 0.100000
vn 0.000000 -0.025882 0.096593
vn 0.000000 -0.050000 0.086603
vn 0.000000 -0.070711 0.070711
vn 0.000000 -0.086603 0.050000
vn 0.000000 -0.096593 0.025882
vn 0.000000 -0.100000 0.000000
vn 0.000000 -0.096593 -0.025882
vn 0.000000 -0.086603 -0.050000
vn 0.000000 -0.070711 -0.070711
vn 0.000000 -0.050000 -0.086603
vn 0.000000 -0.025882 -0.096593
vn 0.000000 0.000000 -0.100000
vn 0.000000 0.000000 -0.100000
vn 0.000000 -0.025882 -0.096593
vn 0.000000 -0.050000 -0.086603
vn 0.000000 -0.070711 -0.070711
vn 0.000000 -0.086603 -0.050000
vn 0.000000 -0.096593 -0.025882
vn 0.000000 -0.100000 0.000000
vn 0.000000 -0.096593 0.025882
vn 0.000000 -0.086603 0.050000
vn 0.000000 -0.070711 0.070711
vn 0.000000 -0.050000 0.086603
vn 0.000000 -0.025882 0.096593
vn 0.000000 0.000000 0.100000
vn 0.000000 0.000000 -0.100000
vn 0.000000 0.000000 -0.100000
vn 0.000000 0.000000 -0.100000
vn 0.000000 0.000000 -0.100000
vn -0.100000 0.000000 0.000000
vn -0.100000 0.000000 0.000000
vn -0.100000 0.000000 0.000000
vn -0.100000 0.000000 0.000000
vn -0.100000 0.000000 0.000000
vn -0.100000 0.000000 0.000000
vn -0.100000 0.000000 0.000000
vn 0.000000 0.100000 0.000000
vn 0.000000 0.100000 0.000000
vn 0.000000 0.092388 -0.038268
vn 0.000000 0.070711 -0.070711
vn 0.000000 0.038268 -0.092388
vn 0.000000 0.000000 -0.100000
vn 0.000000 0.000000 -0.100000
vn 0.000000 0.038268 -0.092388
vn 0.000000 0.070711 -0.070711
vn 0.000000 0.092388 -0.038268
vn 0.000000 0.000000 0.100000
vn 0.000000 0.000000 0.100000
vn 0.000000 0.000000 0.100000
vn 0.000000 0.000000 0.100000
vn 0.100000 0.000000 0.000000
vn 0.100000 0.000000 0.000000
vn 0.100000 0.000000 0.000000
vn 0.100000 0.000000 0.000000
vn 0.100000 0.000000 0.000000
vn 0.100000 0.000000 0.000000
vn 0.100000 0.000000 0.000000
vn -0.100000 0.000000 0.000000
vn -0.100000 0.000000 0.000000
vn -0.100000 0.000000 0.000000
vn -0.100000 0.000000 0.000000
vn -0.100000 0.000000 0.000000
vn -0.100000 0.000000 0.000000
vn -0.100000 0.000000 0.000000
vn 0.000000 0.100000 0.000000
vn 0.000000 0.100000 0.000000
vn 0.000000 0.092388 -0.038268
vn 0.000000 0.070711 -0.070711
vn 0.000000 0.038268 -0.092388
vn 0.000000 0.000000 -0.100000
vn 0.000000 0.000000 -0.100000
vn 0.000000 0.038268 -0.092388
vn 0.000000 0.070711 -0.070711
vn 0.000000 0.092388 -0.038268
vn 0.000000 0.000000 0.100000
vn 0.000000 0.000000 0.100000
vn 0.000000 0.000000 0.100000
vn 0.000000 0.000000 0.100000
vn 0.100000 0.000000 0.000000
vn 0.100000 0.000000 0.000000
vn 0.100000 0.000000 0.000000
vn 0.100000 0.000000 0.000000
vn 0.100000 0.000000 0.000000
vn 0.100000 0.000000 0.000000
vn 0.100000 0.000000 0.000000
vn -0.100000 0.000000 0.000000
vn -0.100000 0.000000 0.000000
vn -0.100000 0.000000 0.000000
vn -0.100000 0.000000 0.000000
vn -0.100000 0.000000 0.000000
vn -0.100000 0.000000 0.000000
vn -0.100000 0.000000 0.000000
vn 0.000000 0.100000 0.000000
vn 0.000000 0.100000 0.000000
vn 0.000000 0.092388 -0.038268
vn 0.000000 0.070711 -0.070711
vn 0.000000 0.038268 -0.092388
vn 0.000000 0.000000 -0.100000
vn 0.000000 0.000000 -0.100000
vn 0.000000 0.038268 -0.092388
vn 0.000000 0.070711 -0.070711
vn 0.000000 0.092388 -0.038268
vn 0.000000 0.000000 0.100000
vn 0.000000 0.000000 0.100000
vn 0.000000 0.000000 0.100000
vn 0.000000 0.000000 0.100000
vn 0.100000 0.000000 0.000000
vn 0.100000 0.000000 0.000000
vn 0.100000 0.000000 0.000000
vn 0.100000 0.000000 0.000000
vn 0.100000 0.000000 0.000000
vn 0.100000 0.000000 0.000000
vn 0.100000 0.000000 0.000000
vn -0.100000 0.000000 0.000000
vn -0.100000 0.000000 0.000000
vn -0.100000 0.000000 0.000000
vn -0.100000 0.000000 0.000000
vn -0.100000 0.000000 0.000000
vn -0.100000 0.000000 0.000000
vn -0.100000 0.000000 0.000000
vn 0.000000 0.100000 0.000000
vn 0.000000 0.100000 0.000000
vn 0.000000 0.092388 -0.038268
vn 0.000000 0.070711 -0.070711
vn 0.000000 0.038268 -0.092388
vn 0.000000 0.000000 -0.100000
vn 0.000000 0.000000 -0.100000
vn 0.000000 0.038268 -0.092388
vn 0.000000 0.070711 -0.070711
vn 0.000000 0.092388 -0.038268
vn 0.000000 0.000000 0.100000
vn 0.000000 0.000000 0.100000
vn 0.000000 0.000000 0.100000
vn 0.000000 0.000000 0.100000
vn 0.100000 0.000000 0.000000
vn 0.100000 0.000000 0.000000
vn 0.100000 0.000000 0.000000
vn 0.100000 0.000000 0.000000
vn 0.100000 0.000000 0.000000
vn 0.100000 0.000000 0.000000
vn 0.100000 0.000000 0.000000
vn -0.100000 0.000000 0.000000
vn -0.100000 0.000000 0.000000
vn -0.100000 0.000000 0.000000
vn -0.100000 0.000000 0.000000
vn -0.100000 0.000000 0.000000
vn -0.100000 0.000000 0.000000
vn -0.100000 0.000000 0.000000
vn 0.000000 0.100000 0.000000
vn 0.000000 0.100000 0.000000
vn 0.000000 0.092388 -0.038268
vn 0.000000 0.070711 -0.070711
vn 0.000000 0.038268 -0.092388
vn 0.000000 0.000000 -0.100000
vn 0.000000 0.000000 -0.100000
vn 0.000000 0.038268 -0.092388
vn 0.000000 0.070711 -0.070711
vn 0.000000 0.092388 -0.038268
vn 0.000000 0.000000 0.100000
vn 0.000000 0.000000 0.100000
vn 0.000000 0.000000 0.100000
vn 0.000000 0.000000 0.100000
vn 0.100000 0.000000 0.000000
vn 0.100000 0.000000 0.000000
vn 0.100000 0.000000 0.000000
vn 0.100000 0.000000 0.000000
vn 0.100000 0.000000 0.000000
vn 0.100000 0.000000 0.000000
vn 0.100000 0.000000 0.000000
vn -0.100000 0.000000 0.000000
vn -0.100000 0.000000 0.000000
vn -0.100000 0.000000 0.000000
vn -0.100000 0.000000 0.000000
vn -0.100000 0.000000 0.000000
vn -0.100000 0.000000 0.000000
vn -0.100000 0.000000 0.000000
vn 0.000000 0.100000 0.000000
vn 0.000000 0.100000 0.000000
vn 0.000000 0.092388 -0.038268
vn 0.000000 0.070711 -0.070711
vn 0.000000 0.038268 -0.092388
vn 0.000000 0.000000 -0.100000
vn 0.000000 0.000000 -0.100000
vn 0.000000 0.038268 -0.092388
vn 0.000000 0.070711 -0.070711
vn 0.000000 0.092388 -0.038268
vn 0.000000 0.000000 0.100000
vn 0.000000 0.000000 0.100000
vn 0.000000 0.000000 0.100000
vn 0.000000 0.000000 0.100000
vn 0.100000 0.000000 0.000000
vn 0.100000 0.000000 0.000000
vn 0.100000 0.000000 0.000000
vn 0.100000 0.000000 0.000000
vn 0.100000 0.000000 0.000000
vn 0.100000 0.000000 0.000000
vn 0.100000 0.000000 0.000000
vn 0.000000 0.000000 -0.100000
vn 0.000000 -0.050000 -0.086603
vn 0.000000 -0.086603 -0.050000
vn 0.000000 -0.100000 0.000000
vn 0.000000 -0.100000 0.000000
vn 0.000000 -0.086603 -0.050000
vn 0.000000 -0.050000 -0.086603
vn 0.000000 0.000000 -0.100000
vn 0.000000 0.000000 -0.100000
vn 0.000000 -0.034202 -0.093969
vn 0.000000 -0.064279 -0.076604
vn 0.000000 -0.086603 -0.050000
vn 0.000000 -0.098481 -0.017365
vn 0.000000 -0.098481 0.017365
vn 0.000000 -0.086603 0.050000
vn 0.000000 -0.064279 0.076604
vn 0.000000 -0.034202 0.093969
vn 0.000000 0.000000 0.100000
vn 0.000000 0.000000 0.100000
vn 0.000000 -0.034202 0.093969
vn 0.000000 -0.064279 0.076604
vn 0.000000 -0.086603 0.050000
vn 0.000000 -0.098481 0.017365
vn 0.000000 -0.098481 -0.017365
vn 0.000000 -0.086603 -0.050000
vn 0.000000 -0.064279 -0.076604
vn 0.000000 -0.034202 -0.093969
vn 0.000000 0.000000 -0.100000
vn 0.000000 0.100000 0.000000
vn 0.000000 0.086603 -0.050000
vn 0.000000 0.050000 -0.086603
vn 0.000000 0.000000 -0.100000
vn 0.000000 0.000000 -0.100000
vn 0.000000 0.050000 -0.086603
vn 0.000000 0.086603 -0.050000
vn 0.000000 0.100000 0.000000
vn 0.000000 0.000000 0.100000
vn 0.000000 0.000000 0.100000
vn 0.000000 0.000000 0.100000
vn 0.000000 0.000000 0.100000
vn 0.000000 0.000000 0.100000
vn 0.000000 -0.025882 0.096593
vn 0.000000 -0.050000 0.086603
vn 0.000000 -0.070711 0.070711
vn 0.000000 -0.086603 0.050000
vn 0.000000 -0.096593 0.025882
vn 0.000000 -0.100000 0.000000
vn 0.000000 -0.096593 -0.025882
vn 0.000000 -0.086603 -0.050000
vn 0.000000 -0.070711 -0.070711
vn 0.000000 -0.050000 -0.086603
vn 0.000000 -0.025882 -0.096593
vn 0.000000 0.000000 -0.100000
vn 0.000000 0.000000 -0.100000
vn 0.000000 -0.025882 -0.096593
vn 0.000000 -0.050000 -0.086603
vn 0.000000 -0.070711 -0.070711
vn 0.000000 -0.086603 -0.050000
vn 0.000000 -0.096593 -0.025882
vn 0.000000 -0.100000 0.000000
vn 0.000000 -0.096593 0.025882
vn 0.000000 -0.086603 0.050000
vn 0.000000 -0.070711 0.070711
vn 0.000000 -0.050000 0.086603
vn 0.000000 -0.025882 0.096593
vn 0.000000 0.000000 0.100000
vn 0.000000 0.000000 -0.100000
vn 0.000000 0.000000 -0.100000
vn 0.000000 0.000000 -0.100000
vn 0.000000 0.000000 -0.100000
vn 0.000000 0.000000 -0.100000
vn 0.000000 -0.034202 -0.093969
vn 0.000000 -0.064279 -0.076604
vn 0.000000 -0.086603 -0.050000
vn 0.000000 -0.098481 -0.017365
vn 0.000000 -0.098481 0.017365
vn 0.000000 -0.086603 0.050000
vn 0.000000 -0.064279 0.076604
vn 0.000000 -0.034202 0.093969
vn 0.000000 0.000000 0.100000
vn 0.000000 0.000000 0.100000
vn 0.000000 -0.034202 0.093969
vn 0.000000 -0.064279 0.076604
vn 0.000000 -0.086603 0.050000
vn 0.000000 -0.098481 0.017365
vn 0.000000 -0.098481 -0.017365
vn 0.000000 -0.086603 -0.050000
vn 0.000000 -0.064279 -0.076604
vn 0.000000 -0.034202 -0.093969
vn 0.000000 0.000000 -0.100000
vn 0.000000 0.000000 0.100000
vn 0.000000 0.000000 0.100000
vn 0.000000 0.000000 0.100000
vn 0.000000 0.000000 0.100000
vn 0.000000 0.000000 0.100000
vn 0.000000 -0.025882 0.096593
vn 0.000000 -0.050000 0.086603
vn 0.000000 -0.070711 0.070711
vn 0.000000 -0.086603 0.050000
vn 0.000000 -0.096593 0.025882
vn 0.000000 -0.100000 0.000000
vn 0.000000 -0.096593 -0.025882
vn 0.000000 -0.086603 -0.050000
vn 0.000000 -0.070711 -0.070711
vn 0.000000 -0.050000 -0.086603
vn 0.000000 -0.025882 -0.096593
vn 0.000000 0.000000 -0.100000
vn 0.000000 0.000000 -0.100000
vn 0.000000 -0.025882 -0.096593
vn 0.000000 -0.050000 -0.086603
vn 0.000000 -0.070711 -0.070711
vn 0.000000 -0.086603 -0.050000
vn 0.000000 -0.096593 -0.025882
vn 0.000000 -0.100000 0.000000
vn 0.000000 -0.096593 0.025882
vn 0.000000 -0.086603 0.050000
vn 0.000000 -0.070711 0.070711
vn 0.000000 -0.050000 0.086603
vn 0.000000 -0.025882 0.096593
vn 0.000000 0.000000 0.100000
vn 0.000000 0.000000 -0.100000
vn 0.000000 0.000000 -0.100000
vn 0.000000 0.000000 -0.100000
vn 0.000000 0.000000 -0.100000
vn 0.000000 0.000000 -0.100000
vn 0.000000 -0.034202 -0.093969
vn 0.000000 -0.064279 -0.076604
vn 0.000000 -0.086603 -0.050000
vn 0.000000 -0.098481 -0.017365
vn 0.000000 -0.098481 0.017365
vn 0.000000 -0.086603 0.050000
vn 0.000000 -0.064279 0.076604
vn 0.000000 -0.034202 0.093969
vn 0.000000 0.000000 0.100000
vn 0.000000 0.000000 0.100000
vn 0.000000 -0.034202 0.093969
vn 0.000000 -0.064279 0.076604
vn 0.000000 -0.086603 0.050000
vn 0.000000 -0.098481 0.017365
vn 0.000000 -0.098481 -0.017365
vn 0.000000 -0.086603 -0.050000
vn 0.000000 -0.064279 -0.076604
vn 0.000000 -0.034202 -0.093969
vn 0.000000 0.000000 -0.100000
vn 0.000000 0.000000 0.100000
vn 0.000000 0.000000 0.100000
vn 0.000000 0.000000 0.100000
vn 0.000000 0.000000 0.100000
vn 0.000000 -0.062854 -0.077778
vn 0.000000 -0.048440 -0.087484
vn 0.000000 -0.032663 -0.094515
vn 0.000000 -0.016207 -0.098678
vn 0.000000 0.000000 -0.100000
vn 0.000000 0.000000 -0.100000
vn 0.000000 -0.006174 -0.099809
vn 0.000000 -0.025153 -0.096785
vn 0.000000 -0.043204 -0.090186
vn 0.000000 -0.059659 -0.080255
vn 0.000000 -0.073910 -0.067360
vn 0.000000 -0.085431 -0.051977
vn 0.000000 -0.093796 -0.034674
vn 0.000000 -0.098697 -0.016090
vn 0.000000 -0.099952 0.003088
vn 0.000000 -0.097516 0.022152
vn 0.000000 -0.091477 0.040398
vn 0.000000 -0.082059 0.057152
vn 0.000000 -0.069610 0.071794
vn 0.000000 -0.054590 0.083785
vn 0.000000 -0.037554 0.092681
vn 0.000000 -0.019130 0.098153
vn 0.000000 0.000000 0.100000
vn 0.000000 0.000000 0.100000
vn 0.000000 -0.025120 0.096794
vn 0.000000 -0.048629 0.087380
vn 0.000000 -0.069019 0.072362
vn 0.000000 -0.084984 0.052705
vn 0.000000 -0.095498 0.029667
vn 0.000000 -0.099888 0.004727
vn 0.000000 -0.097873 -0.020517
vn 0.000000 -0.089581 -0.044444
vn 0.000000 -0.084988 -0.052697
vn 0.000000 -0.080180 -0.059759
vn 0.000000 -0.076217 -0.064737
vn 0.000000 -0.074536 -0.066667
vn 0.000000 -0.074536 -0.066667
vn 0.000000 -0.076217 -0.064737
vn 0.000000 -0.080180 -0.059759
vn 0.000000 -0.084988 -0.052697
vn 0.000000 -0.089581 -0.044444
vn 0.000000 -0.097535 -0.022067
vn 0.000000 -0.099988 0.001556
vn 0.000000 -0.096801 0.025091
vn 0.000000 -0.088155 0.047210
vn 0.000000 -0.074536 0.066667
vn 0.000000 -0.074536 0.066667
vn 0.000000 -0.087845 0.047783
vn 0.000000 -0.096466 0.026348
vn 0.000000 -0.099938 0.003507
vn 0.000000 -0.098076 -0.019521
vn 0.000000 -0.090979 -0.041507
vn 0.000000 -0.079025 -0.061278
vn 0.000000 -0.100000 0.000000
vn 0.000000 -0.100000 0.000000
vn 0.000000 -0.100000 0.000000
vn 0.000000 -0.100000 0.000000
vn 0.000000 -0.100000 0.000000
vn 0.000000 0.000000 0.100000
vn 0.000000 0.000000 0.100000
vn 0.000000 0.000000 0.100000
vn 0.000000 0.000000 0.100000
vn 0.000000 0.000000 0.100000
vn 0.000000 0.000000 0.100000
vn 0.000000 0.000000 0.100000
vn 0.000000 0.000000 0.100000
vn 0.000000 0.100000 0.000000
vn 0.000000 0.100000 0.000000
vn 0.000000 0.100000 0.000000
vn 0.000000 0.100000 0.000000
vn 0.000000 0.000000 0.100000
vn 0.000000 0.000000 0.100000
vn 0.000000 0.000000 0.100000
vn 0.000000 0.000000 0.100000
vn 0.000000 0.000000 0.100000
vn 0.000000 0.000000 0.100000
vn 0.000000 0.000000 0.100000
vn 0.000000 0.000000 0.100000
vn 0.000000 0.000000 0.100000
vn 0.000000 0.000000 0.100000
vn 0.000000 0.000000 0.100000
vn 0.000000 0.000000 0.100000
vn 0.000000 0.000000 0.100000
vn 0.000000 0.000000 0.100000
vn 0.000000 0.000000 0.100000
vn 0.000000 0.000000 -0.100000
vn 0.000000 0.000000 -0.100000
vn 0.000000 0.000000 -0.100000
vn 0.000000 0.000000 -0.100000
vn 0.000000 0.000000 -0.100000
vn 0.000000 0.000000 -0.100000
vn 0.000000 0.000000 -0.100000
vn 0.000000 0.000000 -0.100000
vn 0.000000 0.045812 -0.088889
vn 0.000000 0.031196 -0.095010
vn 0.000000 0.015796 -0.098744
vn 0.000000 0.000000 -0.100000
vn 0.000000 0.000000 -0.100000
vn 0.000000 0.025882 -0.096593
vn 0.000000 0.050000 -0.086603
vn 0.000000 0.070711 -0.070711
vn 0.000000 0.086603 -0.050000
vn 0.000000 0.096593 -0.025882
vn 0.000000 0.100000 0.000000
vn 0.000000 0.096593 0.025882
vn 0.000000 0.086603 0.050000
vn 0.000000 0.070711 0.070711
vn 0.000000 0.050000 0.086603
vn 0.000000 0.025882 0.096593
vn 0.000000 0.000000 0.100000
vn 0.000000 0.000000 0.100000
vn 0.000000 0.025882 0.096593
vn 0.000000 0.050000 0.086603
vn 0.000000 0.070711 0.070711
vn 0.000000 0.086603 0.050000
vn 0.000000 0.096593 0.025882
vn 0.000000 0.100000 0.000000
vn 0.000000 0.096593 -0.025882
vn 0.000000 0.086603 -0.050000
vn 0.000000 0.070711 -0.070711
vn 0.000000 0.050000 -0.086603
vn 0.000000 0.025882 -0.096593
vn 0.000000 0.000000 -0.100000
vn 0.000000 0.000000 -0.100000
vn 0.000000 0.015796 -0.098744
vn 0.000000 0.031196 -0.095010
vn 0.000000 0.045812 -0.088889
vn 0.000000 0.000000 0.100000
vn 0.000000 0.000000 0.100000
vn 0.000000 0.000000 0.100000
vn 0.000000 0.000000 0.100000
vn 0.000000 0.000000 0.100000
vn 0.000000 0.034202 0.093969
vn 0.000000 0.064279 0.076604
vn 0.000000 0.086603 0.050000
vn 0.000000 0.098481 0.017365
vn 0.000000 0.098481 -0.017365
vn 0.000000 0.086603 -0.050000
vn 0.000000 0.064279 -0.076604
vn 0.000000 0.034202 -0.093969
vn 0.000000 0.000000 -0.100000
vn 0.000000 0.000000 -0.100000
vn 0.000000 0.034202 -0.093969
vn 0.000000 0.064279 -0.076604
vn 0.000000 0.086603 -0.050000
vn 0.000000 0.098481 -0.017365
vn 0.000000 0.098481 0.017365
vn 0.000000 0.086603 0.050000
vn 0.000000 0.064279 0.076604
vn 0.000000 0.034202 0.093969
vn 0.000000 0.000000 0.100000
vn 0.000000 0.000000 -0.100000
vn 0.000000 0.000000 -0.100000
vn 0.000000 0.000000 -0.100000
vn 0.000000 0.000000 -0.100000
vn 0.000000 0.000000 -0.100000
vn 0.000000 0.025882 -0.096593
vn 0.000000 0.050000 -0.086603
vn 0.000000 0.070711 -0.070711
vn 0.000000 0.086603 -0.050000
vn 0.000000 0.096593 -0.025882
vn 0.000000 0.100000 0.000000
vn 0.000000 0.096593 0.025882
vn 0.000000 0.086603 0.050000
vn 0.000000 0.070711 0.070711
vn 0.000000 0.050000 0.086603
vn 0.000000 0.025882 0.096593
vn 0.000000 0.000000 0.100000
vn 0.000000 0.000000 0.100000
vn 0.000000 0.025882 0.096593
vn 0.000000 0.050000 0.086603
vn 0.000000 0.070711 0.070711
vn 0.000000 0.086603 0.050000
vn 0.000000 0.096593 0.025882
vn 0.000000 0.100000 0.000000
vn 0.000000 0.096593 -0.025882
vn 0.000000 0.086603 -0.050000
vn 0.000000 0.070711 -0.070711
vn 0.000000 0.050000 -0.086603
vn 0.000000 0.025882 -0.096593
vn 0.000000 0.000000 -0.100000
vn 0.000000 0.000000 0.100000
vn 0.000000 0.000000 0.100000
vn 0.000000 0.000000 0.100000
vn 0.000000 0.000000 0.100000
vn 0.000000 0.000000 0.100000
vn 0.000000 0.034202 0.093969
vn 0.000000 0.064279 0.076604
vn 0.000000 0.086603 0.050000
vn 0.000000 0.098481 0.017365
vn 0.000000 0.098481 -0.017365
vn 0.000000 0.086603 -0.050000
vn 0.000000 0.064279 -0.076604
vn 0.000000 0.034202 -0.093969
vn 0.000000 0.000000 -0.100000
vn 0.000000 0.000000 -0.100000
vn 0.000000 0.034202 -0.093969
vn 0.000000 0.064279 -0.076604
vn 0.000000 0.086603 -0.050000
vn 0.000000 0.098481 -0.017365
vn 0.000000 0.098481 0.017365
vn 0.000000 0.086603 0.050000
vn 0.000000 0.064279 0.076604
vn 0.000000 0.034202 0.093969
vn 0.000000 0.000000 0.100000
vn 0.000000 0.000000 -0.100000
vn 0.000000 0.000000 -0.100000
vn 0.000000 0.000000 -0.100000
vn 0.000000 0.000000 -0.100000
vn 0.000000 0.000000 -0.100000
vn 0.000000 0.025882 -0.096593
vn 0.000000 0.050000 -0.086603
vn 0.000000 0.070711 -0.070711
vn 0.000000 0.086603 -0.050000
vn 0.000000 0.096593 -0.025882
vn 0.000000 0.100000 0.000000
vn 0.000000 0.096593 0.025882
vn 0.000000 0.086603 0.050000
vn 0.000000 0.070711 0.070711
vn 0.000000 0.050000 0.086603
vn 0.000000 0.025882 0.096593
vn 0.000000 0.000000 0.100000
vn 0.000000 0.000000 0.100000
vn 0.000000 0.025882 0.096593
vn 0.000000 0.050000 0.086603
vn 0.000000 0.070711 0.070711
vn 0.000000 0.086603 0.050000
vn 0.000000 0.096593 0.025882
vn 0.000000 0.100000 0.000000
vn 0.000000 0.096593 -0.025882
vn 0.000000 0.086603 -0.050000
vn 0.000000 0.070711 -0.070711
vn 0.000000 0.050000 -0.086603
vn 0.000000 0.025882 -0.096593
vn 0.000000 0.000000 -0.100000
vn 0.000000 0.000000 0.100000
vn 0.000000 0.000000 0.100000
vn 0.000000 0.000000 0.100000
vn 0.000000 0.000000 0.100000
vn 0.000000 0.000000 0.100000
vn 0.000000 0.034202 0.093969
vn 0.000000 0.064279 0.076604
vn 0.000000 0.086603 0.050000
vn 0.000000 0.098481 0.017365
vn 0.000000 0.098481 -0.017365
vn 0.000000 0.086603 -0.050000
vn 0.000000 0.064279 -0.076604
vn 0.000000 0.034202 -0.093969
vn 0.000000 0.000000 -0.100000
vn 0.000000 0.000000 -0.100000
vn 0.000000 0.034202 -0.093969
vn 0.000000 0.064279 -0.076604
vn 0.000000 0.086603 -0.050000
vn 0.000000 0.098481 -0.017365
vn 0.000000 0.098481 0.017365
vn 0.000000 0.086603 0.050000
vn 0.000000 0.064279 0.076604
vn 0.000000 0.034202 0.093969
vn 0.000000 0.000000 0.100000
vn 0.000000 0.000000 -0.100000
vn 0.000000 0.000000 -0.100000
vn 0.000000 0.000000 -0.100000
vn 0.000000 0.000000 -0.100000
vn 0.000000 0.000000 -0.100000
vn 0.000000 0.025882 -0.096593
vn 0.000000 0.050000 -0.086603
vn 0.000000 0.070711 -0.070711
vn 0.000000 0.086603 -0.050000
vn 0.000000 0.096593 -0.025882
vn 0.000000 0.100000 0.000000
vn 0.000000 0.096593 0.025882
vn 0.000000 0.086603 0.050000
vn 0.000000 0.070711 0.070711
vn 0.000000 0.050000 0.086603
vn 0.000000 0.025882 0.096593
vn 0.000000 0.000000 0.100000
vn 0.000000 0.000000 0.100000
vn 0.000000 0.025882 0.096593
vn 0.000000 0.050000 0.086603
vn 0.000000 0.070711 0.070711
vn 0.000000 0.086603 0.050000
vn 0.000000 0.096593 0.025882
vn 0.000000 0.100000 0.000000
vn 0.000000 0.096593 -0.025882
vn 0.000000 0.086603 -0.050000
vn 0.000000 0.070711 -0.070711
vn 0.000000 0.050000 -0.086603
vn 0.000000 0.025882 -0.096593
vn 0.000000 0.000000 -0.100000
vn 0.000000 0.000000 0.100000
vn 0.000000 0.000000 0.100000
vn 0.000000 0.000000 0.100000
vn 0.000000 0.000000 0.100000
vn 0.000000 0.000000 0.100000
vn 0.000000 0.034202 0.093969
vn 0.000000 0.064279 0.076604
vn 0.000000 0.086603 0.050000
vn 0.000000 0.098481 0.017365
vn 0.000000 0.098481 -0.017365
vn 0.000000 0.086603 -0.050000
vn 0.000000 0.064279 -0.076604
vn 0.000000 0.034202 -0.093969
vn 0.000000 0.000000 -0.100000
vn 0.000000 0.000000 -0.100000
vn 0.000000 0.034202 -0.093969
vn 0.000000 0.064279 -0.076604
vn 0.000000 0.086603 -0.050000
vn 0.000000 0.098481 -0.017365
vn 0.000000 0.098481 0.017365
vn 0.000000 0.086603 0.050000
vn 0.000000 0.064279 0.076604
vn 0.000000 0.034202 0.093969
vn 0.000000 0.000000 0.100000
vn 0.000000 0.000000 -0.100000
vn 0.000000 0.000000 -0.100000
vn 0.000000 0.000000 -0.100000
vn 0.000000 0.000000 -0.100000
vn 0.000000 0.000000 -0.100000
vn 0.000000 0.023768 -0.097134
vn 0.000000 0.046175 -0.088701
vn 0.000000 0.065934 -0.075184
vn 0.000000 0.081915 -0.057358
vn 0.000000 0.093200 -0.036245
vn 0.000000 0.099144 -0.013054
vn 0.000000 0.099406 0.010885
vn 0.000000 0.093970 0.034201
vn 0.000000 0.083148 0.055556
vn 0.000000 0.083148 0.055556
vn 0.000000 0.093970 0.034201
vn 0.000000 0.099406 0.010885
vn 0.000000 0.099144 -0.013054
vn 0.000000 0.093200 -0.036245
vn 0.000000 0.081915 -0.057358
vn 0.000000 0.065934 -0.075184
vn 0.000000 0.046175 -0.088701
vn 0.000000 0.023768 -0.097134
vn 0.000000 0.000000 -0.100000
vn 0.000000 0.000000 -0.100000
vn 0.000000 0.000000 -0.100000
vn 0.000000 0.000000 -0.100000
vn 0.000000 0.000000 -0.100000
vn 0.000000 0.000000 -0.100000
vn 0.000000 0.000000 -0.100000
vn 0.000000 0.000000 -0.100000
vn 0.000000 0.000000 -0.100000
vn 0.000000 0.100000 0.000000
vn 0.000000 0.100000 0.000000
vn 0.000000 0.100000 0.000000
vn 0.000000 0.100000 0.000000
vn 0.000000 0.100000 0.000000
vn 0.000000 0.100000 0.000000
vn 0.000000 0.100000 0.000000
vn 0.000000 0.100000 0.000000
vn 0.000000 0.100000 0.000000
vn 0.000000 0.100000 0.000000
vn 0.000000 0.100000 0.000000
vn 0.000000 0.100000 0.000000
vn 0.000000 0.100000 0.000000
vn 0.000000 0.100000 0.000000
vn 0.000000 0.100000 0.000000
vn 0.000000 0.100000 0.000000
vn 0.000000 0.100000 0.000000
vn 0.000000 0.100000 0.000000
vn 0.000000 0.100000 0.000000
vn 0.000000 0.100000 0.000000
vn 0.000000 0.100000 0.000000
vn 0.000000 0.100000 0.000000
vn 0.000000 0.100000 0.000000
vn 0.000000 0.100000 0.000000
vn 0.000000 0.100000 0.000000
vn 0.000000 0.100000 0.000000
vn 0.000000 0.100000 0.000000
vn 0.000000 0.100000 0.000000
vn 0.000000 -0.100000 0.000000
vn 0.000000 -0.100000 0.000000
vn 0.000000 -0.100000 0.000000
vn 0.000000 -0.100000 0.000000
vn 0.000000 -0.100000 0.000000
vn 0.000000 -0.100000 0.000000
vn 0.000000 -0.100000 0.000000
vn 0.000000 -0.100000 0.000000
vn 0.000000 -0.100000 0.000000
vn 0.000000 -0.100000 0.000000
vn 0.000000 -0.100000 0.000000
vn 0.000000 -0.100000 0.000000
vn 0.000000 -0.100000 0.000000
vn 0.000000 -0.100000 0.000000
vn 0.000000 -0.100000 0.000000
vn 0.000000 -0.100000 0.000000
vn 0.000000 -0.100000 0.000000
vn 0.000000 -0.100000 0.000000
vn 0.000000 -0.100000 0.000000
vn 0.000000 -0.100000 0.000000
vn 0.000000 -0.100000 0.000000
vn 0.000000 -0.100000 0.000000
vn 0.000000 -0.100000 0.000000
vn 0.000000 -0.100000 0.000000
vn 0.000000 -0.100000 0.000000
vn 0.000000 -0.100000 0.000000
vn 0.000000 -0.100000 0.000000
vn 0.000000 -0.100000 0.000000
vn 0.000000 0.000000 -0.100000
vn 0.000000 0.000000 -0.100000
vn 0.000000 0.000000 -0.100000
vn 0.000000 0.000000 -0.100000
vn 0.000000 -0.100000 0.000000
vn 0.000000 -0.100000 0.000000
vn 0.000000 -0.100000 0.000000
vn 0.000000 -0.100000 0.000000
vn 0.000000 -0.100000 0.000000
vn 0.000000 -0.100000 0.000000
vn 0.000000 -0.100000 0.000000
vn 0.000000 -0.100000 0.000000
vn 0.000000 0.000000 -0.100000
vn 0.000000 0.000000 -0.100000
vn 0.000000 0.000000 -0.100000
vn 0.000000 0.000000 -0.100000
vn 0.000000 0.000000 -0.100000
vn 0.000000 0.000000 -0.100000
vn 0.000000 0.000000 -0.100000
vn 0.000000 0.000000 -0.100000
vn 0.000000 0.000000 -0.100000
vn 0.000000 0.000000 -0.100000
vn 0.000000 0.000000 -0.100000
vn 0.000000 0.000000 -0.100000
vn 0.000000 0.080000 0.060000
vn 0.000000 0.080000 0.060000
vn 0.000000 0.078306 0.062195
vn 0.000000 0.073839 0.067438
vn 0.000000 0.067422 0.073853
vn 0.000000 0.060000 0.080000
vn 0.000000 0.060000 0.080000
vn 0.000000 0.041596 0.090938
vn 0.000000 0.021286 0.097708
vn 0.000000 0.000000 0.100000
vn 0.000000 0.000000 0.100000
vn 0.000000 0.020945 0.097782
vn 0.000000 0.040962 0.091226
vn 0.000000 0.059161 0.080623
vn 0.000000 0.074735 0.066443
vn 0.000000 0.086994 0.049315
vn 0.000000 0.095394 0.030000
vn 0.000000 0.095394 0.030000
vn 0.000000 0.091405 0.040559
vn 0.000000 0.086252 0.050602
vn 0.000000 0.100000 0.000000
vn 0.000000 0.100000 0.000000
vn 0.000000 0.100000 0.000000
vn 0.000000 0.100000 0.000000
vn 0.000000 0.000000 0.100000
vn 0.000000 0.031871 0.094785
vn 0.000000 0.060000 0.080000
vn 0.000000 0.084167 0.053999
vn 0.000000 0.097728 0.021194
vn 0.000000 0.098975 -0.014283
vn 0.000000 0.087749 -0.047959
vn 0.000000 0.065467 -0.075592
vn 0.000000 0.034934 -0.093699
vn 0.000000 0.000000 -0.100000
vn 0.000000 0.000000 -0.100000
vn 0.000000 0.034934 -0.093699
vn 0.000000 0.065467 -0.075592
vn 0.000000 0.087749 -0.047959
vn 0.000000 0.098975 -0.014283
vn 0.000000 0.097728 0.021194
vn 0.000000 0.084167 0.053999
vn 0.000000 0.060000 0.080000
vn 0.000000 0.031871 0.094785
vn 0.000000 0.000000 0.100000
vn 0.000000 0.000000 0.100000
vn 0.000000 0.034202 0.093969
vn 0.000000 0.064279 0.076604
vn 0.000000 0.086603 0.050000
vn 0.000000 0.098481 0.017365
vn 0.000000 0.098481 -0.017365
vn 0.000000 0.086603 -0.050000
vn 0.000000 0.064279 -0.076604
vn 0.000000 0.034202 -0.093969
vn 0.000000 0.000000 -0.100000
vn 0.000000 0.000000 -0.100000
vn 0.000000 0.034202 -0.093969
vn 0.000000 0.064279 -0.076604
vn 0.000000 0.086603 -0.050000
vn 0.000000 0.098481 -0.017365
vn 0.000000 0.098481 0.017365
vn 0.000000 0.086603 0.050000
vn 0.000000 0.064279 0.076604
vn 0.000000 0.034202 0.093969
vn 0.000000 0.000000 0.100000
vn 0.000000 0.000000 0.100000
vn 0.000000 0.000000 0.100000
vn 0.000000 0.000000 0.100000
vn 0.000000 0.000000 0.100000
vn 0.000000 -0.100000 0.000000
vn 0.000000 -0.100000 0.000000
vn 0.000000 -0.100000 0.000000
vn 0.000000 -0.100000 0.000000
vn 0.000000 -0.100000 0.000000
vn 0.000000 -0.100000 0.000000
vn 0.000000 -0.100000 0.000000
vn 0.000000 -0.100000 0.000000
vn 0.000000 -0.100000 0.000000
vn 0.000000 -0.100000 0.000000
vn 0.000000 -0.100000 0.000000
vn 0.000000 -0.100000 0.000000
vn 0.000000 -0.100000 0.000000
vn 0.000000 -0.100000 0.000000
vn 0.000000 -0.100000 0.000000
vn 0.000000 -0.100000 0.000000
vn 0.000000 -0.100000 0.000000
vn 0.000000 -0.100000 0.000000
vn 0.000000 -0.100000 0.000000
vn 0.000000 -0.100000 0.000000
vn 0.000000 -0.100000 0.000000
vn 0.000000 -0.100000 0.000000
vn 0.000000 -0.100000 0.000000
vn 0.000000 -0.100000 0.000000
vn 0.000000 -0.100000 0.000000
vn 0.000000 -0.100000 0.000000
vn 0.000000 -0.100000 0.000000
vn 0.000000 -0.100000 0.000000
vn -0.100000 0.000000 0.000000
vn -0.100000 0.000000 0.000000
vn -0.100000 0.000000 0.000000
vn -0.100000 0.000000 0.000000
vn -0.100000 0.000000 0.000000
vn -0.100000 0.000000 0.000000
vn -0.100000 0.000000 0.000000
vn -0.100000 0.000000 0.000000
vn -0.100000 0.000000 0.000000
vn -0.100000 0.000000 0.000000
vn -0.100000 0.000000 0.000000
vn -0.100000 0.000000 0.000000
vn -0.100000 0.000000 0.000000
vn -0.100000 0.000000 0.000000
vn -0.100000 0.000000 0.000000
vn -0.100000 0.000000 0.000000
vn -0.100000 0.000000 0.000000
vn -0.100000 0.000000 0.000000
vn -0.100000 0.000000 0.000000
vn -0.100000 0.000000 0.000000
vn -0.100000 0.000000 0.000000
vn -0.100000 0.000000 0.000000
vn -0.100000 0.000000 0.000000
vn -0.100000 0.000000 0.000000
vn -0.100000 0.000000 0.000000
vn -0.100000 0.000000 0.000000
vn -0.100000 0.000000 0.000000
vn -0.100000 0.000000 0.000000
vn -0.100000 0.000000 0.000000
vn -0.100000 0.000000 0.000000
vn -0.100000 0.000000 0.000000
vn -0.100000 0.000000 0.000000
vn -0.100000 0.000000 0.000000
vn -0.100000 0.000000 0.000000
vn -0.100000 0.000000 0.000000
vn -0.100000 0.000000 0.000000
vn -0.100000 0.000000 0.000000
vn -0.100000 0.000000 0.000000
vn -0.100000 0.000000 0.000000
vn -0.100000 0.000000 0.000000
vn -0.100000 0.000000 0.000000
vn -0.100000 0.000000 0.000000
vn -0.100000 0.000000 0.000000
vn -0.100000 0.000000 0.000000
vn -0.100000 0.000000 0.000000
vn -0.100000 0.000000 0.000000
vn -0.100000 0.000000 0.000000
vn -0.100000 0.000000 0.000000
vn -0.100000 0.000000 0.000000
vn -0.100000 0.000000 0.000000
vn -0.100000 0.000000 0.000000
vn -0.100000 0.000000 0.000000
vn -0.100000 0.000000 0.000000
vn -0.100000 0.000000 0.000000
vn -0.100000 0.000000 0.000000
vn -0.100000 0.000000 0.000000
vn -0.100000 0.000000 0.000000
vn -0.100000 0.000000 0.000000
vn -0.100000 0.000000 0.000000
vn -0.100000 0.000000 0.000000
vn -0.100000 0.000000 0.000000
vn -0.100000 0.000000 0.000000
vn -0.100000 0.000000 0.000000
vn -0.100000 0.000000 0.000000
vn -0.100000 0.000000 0.000000
vn -0.100000 0.000000 0.000000
vn -0.100000 0.000000 0.000000
vn -0.100000 0.000000 0.000000
vn -0.100000 0.000000 0.000000
vn -0.100000 0.000000 0.000000
vn -0.100000 0.000000 0.000000
vn -0.100000 0.000000 0.000000
vn -0.100000 0.000000 0.000000
vn -0.100000 0.000000 0.000000
vn -0.100000 0.000000 0.000000
vn -0.100000 0.000000 0.000000
vn -0.100000 0.000000 0.000000
vn -0.100000 0.000000 0.000000
vn -0.100000 0.000000 0.000000
vn -0.100000 0.000000 0.000000
vn -0.100000 0.000000 0.000000
vn -0.100000 0.000000 0.000000
vn -0.100000 0.000000 0.000000
vn -0.100000 0.000000 0.000000
vn -0.100000 0.000000 0.000000
vn -0.100000 0.000000 0.000000
vn -0.100000 0.000000 0.000000
vn -0.100000 0.000000 0.000000
vn -0.100000 0.000000 0.000000
vn -0.100000 0.000000 0.000000
vn -0.100000 0.000000 0.000000
vn -0.100000 0.000000 0.000000
vn -0.100000 0.000000 0.000000
vn -0.100000 0.000000 0.000000
vn -0.100000 0.000000 0.000000
vn -0.100000 0.000000 0.000000
vn -0.100000 0.000000 0.000000
vn -0.100000 0.000000 0.000000
vn -0.100000 0.000000 0.000000
vn -0.100000 0.000000 0.000000
vn -0.100000 0.000000 0.000000
vn -0.100000 0.000000 0.000000
vn -0.100000 0.000000 0.000000
vn -0.100000 0.000000 0.000000
vn -0.100000 0.000000 0.000000
vn -0.100000 0.000000 0.000000
vn -0.100000 0.000000 0.000000
vn -0.100000 0.000000 0.000000
vn -0.100000 0.000000 0.000000
vn -0.100000 0.000000 0.000000
vn -0.100000 0.000000 0.000000
vn -0.100000 0.000000 0.000000
vn -0.100000 0.000000 0.000000
vn -0.100000 0.000000 0.000000
vn -0.100000 0.000000 0.000000
vn -0.100000 0.000000 0.000000
vn -0.100000 0.000000 0.000000
vn -0.100000 0.000000 0.000000
vn -0.100000 0.000000 0.000000
vn -0.100000 0.000000 0.000000
vn -0.100000 0.000000 0.000000
vn -0.100000 0.000000 0.000000
vn -0.100000 0.000000 0.000000
vn -0.100000 0.000000 0.000000
vn -0.100000 0.000000 0.000000
vn -0.100000 0.000000 0.000000
vn -0.100000 0.000000 0.000000
vn -0.100000 0.000000 0.000000
vn -0.100000 0.000000 0.000000
vn -0.100000 0.000000 0.000000
vn -0.100000 0.000000 0.000000
vn -0.100000 0.000000 0.000000
vn -0.100000 0.000000 0.000000
vn -0.100000 0.000000 0.000000
vn -0.100000 0.000000 0.000000
vn -0.100000 0.000000 0.000000
vn -0.100000 0.000000 0.000000
vn -0.100000 0.000000 0.000000
vn -0.100000 0.000000 0.000000
vn -0.100000 0.000000 0.000000
vn -0.100000 0.000000 0.000000
vn -0.100000 0.000000 0.000000
vn -0.100000 0.000000 0.000000
vn -0.100000 0.000000 0.000000
vn -0.100000 0.000000 0.000000
vn -0.100000 0.000000 0.000000
vn -0.100000 0.000000 0.000000
vn -0.100000 0.000000 0.000000
vn -0.100000 0.000000 0.000000
vn -0.100000 0.000000 0.000000
vn -0.100000 0.000000 0.000000
vn -0.100000 0.000000 0.000000
vn -0.100000 0.000000 0.000000
vn -0.100000 0.000000 0.000000
vn -0.100000 0.000000 0.000000
vn -0.100000 0.000000 0.000000
vn -0.100000 0.000000 0.000000
vn -0.100000 0.000000 0.000000
vn -0.100000 0.000000 0.000000
vn -0.100000 0.000000 0.000000
vn -0.100000 0.000000 0.000000
vn -0.100000 0.000000 0.000000
vn -0.100000 0.000000 0.000000
vn -0.100000 0.000000 0.000000
vn -0.100000 0.000000 0.000000
vn -0.100000 0.000000 0.000000
vn -0.100000 0.000000 0.000000
vn -0.100000 0.000000 0.000000
vn -0.100000 0.000000 0.000000
vn -0.100000 0.000000 0.000000
vn -0.100000 0.000000 0.000000
vn -0.100000 0.000000 0.000000
vn -0.100000 0.000000 0.000000
vn -0.100000 0.000000 0.000000
vn -0.100000 0.000000 0.000000
vn -0.100000 0.000000 0.000000
vn -0.100000 0.000000 0.000000
vn -0.100000 0.000000 0.000000
vn -0.100000 0.000000 0.000000
vn -0.100000 0.000000 0.000000
vn -0.100000 0.000000 0.000000
vn -0.100000 0.000000 0.000000
vn -0.100000 0.000000 0.000000
vn -0.100000 0.000000 0.000000
vn -0.100000 0.000000 0.000000
vn -0.100000 0.000000 0.000000
vn -0.100000 0.000000 0.000000
vn -0.100000 0.000000 0.000000
vn -0.100000 0.000000 0.000000
vn -0.100000 0.000000 0.000000
vn -0.100000 0.000000 0.000000
vn -0.100000 0.000000 0.000000
vn -0.100000 0.000000 0.000000
vn -0.100000 0.000000 0.000000
vn -0.100000 0.000000 0.000000
vn -0.100000 0.000000 0.000000
vn -0.100000 0.000000 0.000000
vn -0.100000 0.000000 0.000000
vn -0.100000 0.000000 0.000000
vn -0.100000 0.000000 0.000000
vn -0.100000 0.000000 0.000000
vn -0.100000 0.000000 0.000000
vn -0.100000 0.000000 0.000000
vn -0.100000 0.000000 0.000000
vn -0.100000 0.000000 0.000000
vn -0.100000 0.000000 0.000000
vn -0.100000 0.000000 0.000000
vn -0.100000 0.000000 0.000000
vn -0.100000 0.000000 0.000000
vn -0.100000 0.000000 0.000000
vn -0.100000 0.000000 0.000000
vn -0.100000 0.000000 0.000000
vn -0.100000 0.000000 0.000000
vn -0.100000 0.000000 0.000000
vn -0.100000 0.000000 0.000000
vn -0.100000 0.000000 0.000000
vn -0.100000 0.000000 0.000000
vn -0.100000 0.000000 0.000000
vn -0.100000 0.000000 0.000000
vn -0.100000 0.000000 0.000000
vn -0.100000 0.000000 0.000000
vn -0.100000 0.000000 0.000000
vn -0.100000 0.000000 0.000000
vn -0.100000 0.000000 0.000000
vn -0.100000 0.000000 0.000000
vn -0.100000 0.000000 0.000000
vn -0.100000 0.000000 0.000000
vn -0.100000 0.000000 0.000000
vn -0.100000 0.000000 0.000000
vn -0.100000 0.000000 0.000000
vn -0.100000 0.000000 0.000000
vn -0.100000 0.000000 0.000000
vn -0.100000 0.000000 0.000000
vn -0.100000 0.000000 0.000000
vn -0.100000 0.000000 0.000000
vn -0.100000 0.000000 0.000000
vn -0.100000 0.000000 0.000000
vn -0.100000 0.000000 0.000000
vn -0.100000 0.000000 0.000000
vn -0.100000 0.000000 0.000000
vn -0.100000 0.000000 0.000000
vn -0.100000 0.000000 0.000000
vn -0.100000 0.000000 0.000000
vn -0.100000 0.000000 0.000000
vn -0.100000 0.000000 0.000000
vn -0.100000 0.000000 0.000000
vn -0.100000 0.000000 0.000000
vn -0.100000 0.000000 0.000000
vn -0.100000 0.000000 0.000000
vn -0.100000 0.000000 0.000000
vn -0.100000 0.000000 0.000000
vn -0.100000 0.000000 0.000000
vn -0.100000 0.000000 0.000000
vn -0.100000 0.000000 0.000000
vn -0.100000 0.000000 0.000000
vn -0.100000 0.000000 0.000000
vn -0.100000 0.000000 0.000000
vn -0.100000 0.000000 0.000000
vn -0.100000 0.000000 0.000000
vn -0.100000 0.000000 0.000000
vn -0.100000 0.000000 0.000000
vn -0.100000 0.000000 0.000000
vn 0.000000 0.000000 0.100000
vn 0.000000 0.000000 0.100000
vn 0.000000 0.000000 0.100000
vn 0.000000 0.000000 0.100000
usemtl 13,157,13
f 2/8/8 580/1/1 3/7/7
f 3/7/7 580/1/1 581/2/2
f 3/7/7 581/2/2 4/6/6
f 4/6/6 581/2/2 582/3/3
f 4/6/6 582/3/3 5/5/5
f 5/5/5 582/3/3 583/4/4
f 841/10/10 840/11/11 843/9/9
f 843/9/9 840/11/11 838/271/271
f 843/9/9 838/271/271 842/273/273
f 842/273/273 838/271/271 837/272/272
f 840/11/11 839/12/12 838/271/271
f 838/271/271 839/12/12 836/270/270
f 836/270/270 839/12/12 835/269/269
f 835/269/269 839/12/12 834/268/268
f 834/268/268 839/12/12 807/267/267
f 807/267/267 839/12/12 746/24/24
f 807/267/267 746/24/24 766/25/25
f 746/24/24 839/12/12 735/23/23
f 735/23/23 839/12/12 583/13/13
f 735/23/23 583/13/13 594/22/22
f 594/22/22 583/13/13 587/21/21
f 587/21/21 583/13/13 586/20/20
f 586/20/20 583/13/13 585/19/19
f 585/19/19 583/13/13 582/14/14
f 585/19/19 582/14/14 580/16/16
f 580/16/16 582/14/14 581/15/15
f 580/16/16 579/17/17 585/19/19
f 585/19/19 579/17/17 584/18/18
f 766/25/25 778/26/26 807/267/267
f 807/267/267 778/26/26 796/27/27
f 807/267/267 796/27/27 806/262/262
f 806/262/262 796/27/27 795/28/28
f 806/262/262 795/28/28 797/261/261
f 797/261/261 795/28/28 777/29/29
f 797/261/261 777/29/29 768/260/260
f 768/260/260 777/29/29 765/30/30
f 768/260/260 765/30/30 747/259/259
f 747/259/259 765/30/30 745/31/31
f 747/259/259 745/31/31 733/258/258
f 733/258/258 745/31/31 734/32/32
f 733/258/258 734/32/32 711/257/257
f 711/257/257 734/32/32 712/33/33
f 711/257/257 712/33/33 689/256/256
f 689/256/256 712/33/33 677/34/34
f 689/256/256 677/34/34 669/255/255
f 669/255/255 677/34/34 647/35/35
f 669/255/255 647/35/35 657/254/254
f 657/254/254 647/35/35 626/36/36
f 657/254/254 626/36/36 638/253/253
f 638/253/253 626/36/36 637/252/252
f 637/252/252 626/36/36 625/42/42
f 637/252/252 625/42/42 656/251/251
f 656/251/251 625/42/42 646/43/43
f 656/251/251 646/43/43 668/250/250
f 668/250/250 646/43/43 676/44/44
f 668/250/250 676/44/44 688/249/249
f 688/249/249 676/44/44 709/45/45
f 688/249/249 709/45/45 710/248/248
f 710/248/248 709/45/45 732/247/247
f 732/247/247 709/45/45 731/46/46
f 732/247/247 731/46/46 744/47/47
f 626/36/36 615/37/37 625/42/42
f 625/42/42 615/37/37 614/41/41
f 614/41/41 615/37/37 605/38/38
f 614/41/41 605/38/38 604/40/40
f 604/40/40 605/38/38 593/39/39
f 732/247/247 744/47/47 755/246/246
f 755/246/246 744/47/47 764/48/48
f 755/246/246 764/48/48 786/245/245
f 786/245/245 764/48/48 776/49/49
f 786/245/245 776/49/49 805/244/244
f 805/244/244 776/49/49 794/50/50
f 805/244/244 794/50/50 793/51/51
f 805/244/244 793/51/51 804/238/238
f 804/238/238 793/51/51 775/52/52
f 804/238/238 775/52/52 785/237/237
f 785/237/237 775/52/52 763/53/53
f 785/237/237 763/53/53 754/236/236
f 754/236/236 763/53/53 743/54/54
f 754/236/236 743/54/54 729/235/235
f 729/235/235 743/54/54 730/55/55
f 729/235/235 730/55/55 707/234/234
f 707/234/234 730/55/55 708/56/56
f 707/234/234 708/56/56 687/233/233
f 687/233/233 708/56/56 675/57/57
f 687/233/233 675/57/57 667/232/232
f 667/232/232 675/57/57 645/58/58
f 667/232/232 645/58/58 655/231/231
f 655/231/231 645/58/58 624/59/59
f 655/231/231 624/59/59 636/230/230
f 636/230/230 624/59/59 635/229/229
f 635/229/229 624/59/59 623/65/65
f 635/229/229 623/65/65 654/228/228
f 654/228/228 623/65/65 644/66/66
f 654/228/228 644/66/66 666/227/227
f 666/227/227 644/66/66 674/67/67
f 666/227/227 674/67/67 686/226/226
f 686/226/226 674/67/67 705/68/68
f 686/226/226 705/68/68 706/225/225
f 706/225/225 705/68/68 728/224/224
f 728/224/224 705/68/68 727/69/69
f 728/224/224 727/69/69 742/70/70
f 624/59/59 613/60/60 623/65/65
f 623/65/65 613/60/60 612/64/64
f 612/64/64 613/60/60 603/61/61
f 612/64/64 603/61/61 602/63/63
f 602/63/63 603/61/61 592/62/62
f 728/224/224 742/70/70 753/223/223
f 753/223/223 742/70/70 762/71/71
f 753/223/223 762/71/71 784/222/222
f 784/222/222 762/71/71 774/72/72
f 784/222/222 774/72/72 803/221/221
f 803/221/221 774/72/72 792/73/73
f 803/221/221 792/73/73 791/74/74
f 803/221/221 791/74/74 802/215/215
f 802/215/215 791/74/74 773/75/75
f 802/215/215 773/75/75 783/214/214
f 783/214/214 773/75/75 761/76/76
f 783/214/214 761/76/76 752/213/213
f 752/213/213 761/76/76 741/77/77
f 752/213/213 741/77/77 725/212/212
f 725/212/212 741/77/77 726/78/78
f 725/212/212 726/78/78 703/211/211
f 703/211/211 726/78/78 704/79/79
f 703/211/211 704/79/79 685/210/210
f 685/210/210 704/79/79 673/80/80
f 685/210/210 673/80/80 665/209/209
f 665/209/209 673/80/80 643/81/81
f 665/209/209 643/81/81 653/208/208
f 653/208/208 643/81/81 622/82/82
f 653/208/208 622/82/82 634/207/207
f 634/207/207 622/82/82 633/206/206
f 633/206/206 622/82/82 621/88/88
f 633/206/206 621/88/88 652/205/205
f 652/205/205 621/88/88 642/89/89
f 652/205/205 642/89/89 664/204/204
f 664/204/204 642/89/89 672/90/90
f 664/204/204 672/90/90 684/203/203
f 684/203/203 672/90/90 701/91/91
f 684/203/203 701/91/91 702/202/202
f 702/202/202 701/91/91 724/201/201
f 724/201/201 701/91/91 723/92/92
f 724/201/201 723/92/92 740/93/93
f 622/82/82 611/83/83 621/88/88
f 621/88/88 611/83/83 610/87/87
f 610/87/87 611/83/83 601/84/84
f 610/87/87 601/84/84 600/86/86
f 600/86/86 601/84/84 591/85/85
f 724/201/201 740/93/93 751/200/200
f 751/200/200 740/93/93 760/94/94
f 751/200/200 760/94/94 782/199/199
f 782/199/199 760/94/94 772/95/95
f 782/199/199 772/95/95 801/198/198
f 801/198/198 772/95/95 790/96/96
f 801/198/198 790/96/96 789/97/97
f 801/198/198 789/97/97 800/192/192
f 800/192/192 789/97/97 771/98/98
f 800/192/192 771/98/98 781/191/191
f 781/191/191 771/98/98 759/99/99
f 781/191/191 759/99/99 750/190/190
f 750/190/190 759/99/99 739/100/100
f 750/190/190 739/100/100 721/189/189
f 721/189/189 739/100/100 722/101/101
f 721/189/189 722/101/101 699/188/188
f 699/188/188 722/101/101 700/102/102
f 699/188/188 700/102/102 683/187/187
f 683/187/187 700/102/102 671/103/103
f 683/187/187 671/103/103 663/186/186
f 663/186/186 671/103/103 641/104/104
f 663/186/186 641/104/104 651/185/185
f 651/185/185 641/104/104 620/105/105
f 651/185/185 620/105/105 632/184/184
f 632/184/184 620/105/105 619/111/111
f 632/184/184 619/111/111 631/183/183
f 631/183/183 619/111/111 650/182/182
f 650/182/182 619/111/111 640/112/112
f 650/182/182 640/112/112 662/181/181
f 662/181/181 640/112/112 670/113/113
f 662/181/181 670/113/113 682/180/180
f 682/180/180 670/113/113 697/114/114
f 682/180/180 697/114/114 698/179/179
f 698/179/179 697/114/114 720/178/178
f 720/178/178 697/114/114 719/115/115
f 720/178/178 719/115/115 738/116/116
f 619/111/111 620/105/105 608/110/110
f 608/110/110 620/105/105 609/106/106
f 608/110/110 609/106/106 598/109/109
f 598/109/109 609/106/106 599/107/107
f 598/109/109 599/107/107 590/108/108
f 720/178/178 738/116/116 749/177/177
f 749/177/177 738/116/116 758/117/117
f 749/177/177 758/117/117 780/176/176
f 780/176/176 758/117/117 770/118/118
f 780/176/176 770/118/118 799/175/175
f 799/175/175 770/118/118 788/119/119
f 799/175/175 788/119/119 787/120/120
f 799/175/175 787/120/120 798/169/169
f 798/169/169 787/120/120 769/121/121
f 798/169/169 769/121/121 779/168/168
f 779/168/168 769/121/121 757/122/122
f 779/168/168 757/122/122 748/167/167
f 748/167/167 757/122/122 737/123/123
f 748/167/167 737/123/123 717/166/166
f 717/166/166 737/123/123 718/124/124
f 717/166/166 718/124/124 695/165/165
f 695/165/165 718/124/124 696/125/125
f 695/165/165 696/125/125 679/126/126
f 695/165/165 679/126/126 681/164/164
f 681/164/164 679/126/126 659/127/127
f 681/164/164 659/127/127 661/163/163
f 661/163/163 659/127/127 639/128/128
f 661/163/163 639/128/128 649/162/162
f 649/162/162 639/128/128 630/161/161
f 630/161/161 639/128/128 627/129/129
f 630/161/161 627/129/129 617/130/130
f 607/131/131 616/136/136 617/130/130
f 617/130/130 616/136/136 618/137/137
f 617/130/130 618/137/137 629/160/160
f 629/160/160 618/137/137 628/138/138
f 629/160/160 628/138/138 648/159/159
f 648/159/159 628/138/138 658/139/139
f 648/159/159 658/139/139 660/158/158
f 660/158/158 658/139/139 678/140/140
f 660/158/158 678/140/140 680/157/157
f 680/157/157 678/140/140 692/141/141
f 680/157/157 692/141/141 694/156/156
f 694/156/156 692/141/141 693/142/142
f 694/156/156 693/142/142 713/155/155
f 713/155/155 693/142/142 690/144/144
f 713/155/155 690/144/144 714/154/154
f 714/154/154 690/144/144 767/149/149
f 714/154/154 767/149/149 715/153/153
f 715/153/153 767/149/149 716/152/152
f 716/152/152 767/149/149 736/151/151
f 736/151/151 767/149/149 756/150/150
f 616/136/136 607/131/131 606/135/135
f 606/135/135 607/131/131 597/132/132
f 606/135/135 597/132/132 596/134/134
f 596/134/134 597/132/132 595/133/133
f 693/142/142 691/143/143 690/144/144
f 589/145/145 588/146/146 690/144/144
f 690/144/144 588/146/146 828/147/147
f 690/144/144 828/147/147 767/149/149
f 767/149/149 828/147/147 829/148/148
f 629/160/160 630/161/161 617/130/130
f 799/175/175 798/169/169 809/174/174
f 809/174/174 798/169/169 808/170/170
f 809/174/174 808/170/170 819/173/173
f 819/173/173 808/170/170 818/171/171
f 819/173/173 818/171/171 830/172/172
f 801/198/198 800/192/192 811/197/197
f 811/197/197 800/192/192 810/193/193
f 811/197/197 810/193/193 821/196/196
f 821/196/196 810/193/193 820/194/194
f 821/196/196 820/194/194 831/195/195
f 803/221/221 802/215/215 813/220/220
f 813/220/220 802/215/215 812/216/216
f 813/220/220 812/216/216 823/219/219
f 823/219/219 812/216/216 822/217/217
f 823/219/219 822/217/217 832/218/218
f 805/244/244 804/238/238 815/243/243
f 815/243/243 804/238/238 814/239/239
f 815/243/243 814/239/239 825/242/242
f 825/242/242 814/239/239 824/240/240
f 825/242/242 824/240/240 833/241/241
f 806/262/262 816/263/263 807/267/267
f 807/267/267 816/263/263 817/266/266
f 817/266/266 816/263/263 826/264/264
f 817/266/266 826/264/264 827/265/265
f 1/274/274 6/275/275 579/277/277
f 579/277/277 6/275/275 584/276/276
f 258/285/285 839/278/278 259/284/284
f 259/284/284 839/278/278 840/279/279
f 259/284/284 840/279/279 260/283/283
f 260/283/283 840/279/279 841/280/280
f 260/283/283 841/280/280 262/282/282
f 262/282/282 841/280/280 843/281/281
f 325/287/287 6/313/313 326/286/286
f 326/286/286 6/313/313 327/295/295
f 326/286/286 327/295/295 532/289/289
f 532/289/289 327/295/295 533/296/296
f 532/289/289 533/296/296 584/312/312
f 584/312/312 533/296/296 585/311/311
f 585/311/311 533/296/296 534/297/297
f 585/311/311 534/297/297 535/308/308
f 535/308/308 534/297/297 329/307/307
f 329/307/307 534/297/297 328/294/294
f 329/307/307 328/294/294 7/310/310
f 7/310/310 328/294/294 327/295/295
f 7/310/310 327/295/295 6/313/313
f 531/288/288 530/301/301 325/287/287
f 325/287/287 530/301/301 324/298/298
f 325/287/287 324/298/298 6/313/313
f 6/313/313 324/298/298 323/299/299
f 6/313/313 323/299/299 322/290/290
f 322/290/290 323/299/299 528/293/293
f 528/293/293 323/299/299 529/300/300
f 528/293/293 529/300/300 584/312/312
f 584/312/312 529/300/300 530/301/301
f 584/312/312 530/301/301 531/288/288
f 531/288/288 532/289/289 584/312/312
f 322/290/290 321/291/291 6/313/313
f 6/313/313 321/291/291 320/302/302
f 6/313/313 320/302/302 319/303/303
f 320/302/302 321/291/291 526/305/305
f 526/305/305 321/291/291 527/292/292
f 526/305/305 527/292/292 584/312/312
f 584/312/312 527/292/292 528/293/293
f 319/303/303 525/304/304 6/313/313
f 6/313/313 525/304/304 584/312/312
f 584/312/312 525/304/304 526/305/305
f 536/309/309 330/306/306 7/310/310
f 7/310/310 330/306/306 329/307/307
f 535/308/308 536/309/309 585/311/311
f 585/311/311 536/309/309 7/310/310
f 548/314/314 554/315/315 547/320/320
f 547/320/320 554/315/315 560/316/316
f 547/320/320 560/316/316 578/318/318
f 578/318/318 560/316/316 566/317/317
f 578/318/318 577/319/319 547/320/320
f 372/321/321 578/322/322 360/330/330
f 360/330/330 578/322/322 566/323/323
f 360/330/330 566/323/323 354/329/329
f 354/329/329 566/323/323 560/324/324
f 354/329/329 560/324/324 348/328/328
f 348/328/328 560/324/324 554/325/325
f 348/328/328 554/325/325 342/327/327
f 342/327/327 554/325/325 548/326/326
f 547/332/332 577/333/333 341/331/331
f 341/331/331 577/333/333 371/334/334
f 360/336/336 354/337/337 372/335/335
f 372/335/335 354/337/337 341/340/340
f 372/335/335 341/340/340 371/341/341
f 354/337/337 348/338/338 341/340/340
f 341/340/340 348/338/338 342/339/339
f 538/342/342 549/343/343 537/348/348
f 537/348/348 549/343/343 555/344/344
f 537/348/348 555/344/344 568/346/346
f 568/346/346 555/344/344 561/345/345
f 568/346/346 567/347/347 537/348/348
f 362/349/349 568/350/350 355/358/358
f 355/358/358 568/350/350 561/351/351
f 355/358/358 561/351/351 349/357/357
f 349/357/357 561/351/351 555/352/352
f 349/357/357 555/352/352 343/356/356
f 343/356/356 555/352/352 549/353/353
f 343/356/356 549/353/353 332/355/355
f 332/355/355 549/353/353 538/354/354
f 537/360/360 567/361/361 331/359/359
f 331/359/359 567/361/361 361/362/362
f 355/364/364 349/365/365 362/363/363
f 362/363/363 349/365/365 331/368/368
f 362/363/363 331/368/368 361/369/369
f 349/365/365 343/366/366 331/368/368
f 331/368/368 343/366/366 332/367/367
f 542/370/370 551/371/371 541/376/376
f 541/376/376 551/371/371 557/372/372
f 541/376/376 557/372/372 572/374/374
f 572/374/374 557/372/372 563/373/373
f 572/374/374 571/375/375 541/376/376
f 366/377/377 572/378/378 357/386/386
f 357/386/386 572/378/378 563/379/379
f 357/386/386 563/379/379 351/385/385
f 351/385/385 563/379/379 557/380/380
f 351/385/385 557/380/380 345/384/384
f 345/384/384 557/380/380 551/381/381
f 345/384/384 551/381/381 336/383/383
f 336/383/383 551/381/381 542/382/382
f 541/388/388 571/389/389 335/387/387
f 335/387/387 571/389/389 365/390/390
f 357/392/392 351/393/393 366/391/391
f 366/391/391 351/393/393 335/396/396
f 366/391/391 335/396/396 365/397/397
f 351/393/393 345/394/394 335/396/396
f 335/396/396 345/394/394 336/395/395
f 546/398/398 553/399/399 545/404/404
f 545/404/404 553/399/399 559/400/400
f 545/404/404 559/400/400 576/402/402
f 576/402/402 559/400/400 565/401/401
f 576/402/402 575/403/403 545/404/404
f 370/405/405 576/406/406 359/414/414
f 359/414/414 576/406/406 565/407/407
f 359/414/414 565/407/407 353/413/413
f 353/413/413 565/407/407 559/408/408
f 353/413/413 559/408/408 347/412/412
f 347/412/412 559/408/408 553/409/409
f 347/412/412 553/409/409 340/411/411
f 340/411/411 553/409/409 546/410/410
f 545/416/416 575/417/417 339/415/415
f 339/415/415 575/417/417 369/418/418
f 735/438/438 151/419/419 746/437/437
f 746/437/437 151/419/419 161/420/420
f 746/437/437 161/420/420 766/436/436
f 766/436/436 161/420/420 183/421/421
f 766/436/436 183/421/421 778/435/435
f 778/435/435 183/421/421 195/422/422
f 778/435/435 195/422/422 796/434/434
f 796/434/434 195/422/422 213/423/423
f 796/434/434 213/423/423 795/433/433
f 795/433/433 213/423/423 212/424/424
f 795/433/433 212/424/424 777/432/432
f 777/432/432 212/424/424 194/425/425
f 777/432/432 194/425/425 765/431/431
f 765/431/431 194/425/425 182/426/426
f 765/431/431 182/426/426 745/430/430
f 745/430/430 182/426/426 160/427/427
f 745/430/430 160/427/427 734/429/429
f 734/429/429 160/427/427 150/428/428
f 150/439/439 127/440/440 734/442/442
f 734/442/442 127/440/440 712/441/441
f 712/468/468 127/443/443 677/467/467
f 677/467/467 127/443/443 95/444/444
f 677/467/467 95/444/444 647/466/466
f 647/466/466 95/444/444 66/445/445
f 647/466/466 66/445/445 626/465/465
f 626/465/465 66/445/445 47/446/446
f 626/465/465 47/446/446 615/464/464
f 615/464/464 47/446/446 38/447/447
f 615/464/464 38/447/447 605/463/463
f 605/463/463 38/447/447 28/448/448
f 605/463/463 28/448/448 593/462/462
f 593/462/462 28/448/448 17/449/449
f 593/462/462 17/449/449 604/461/461
f 604/461/461 17/449/449 27/450/450
f 604/461/461 27/450/450 614/460/460
f 614/460/460 27/450/450 37/451/451
f 614/460/460 37/451/451 625/459/459
f 625/459/459 37/451/451 46/452/452
f 625/459/459 46/452/452 646/458/458
f 646/458/458 46/452/452 65/453/453
f 646/458/458 65/453/453 676/457/457
f 676/457/457 65/453/453 94/454/454
f 676/457/457 94/454/454 709/456/456
f 709/456/456 94/454/454 124/455/455
f 359/470/470 353/471/471 370/469/469
f 370/469/469 353/471/471 339/474/474
f 370/469/469 339/474/474 369/475/475
f 353/471/471 347/472/472 339/474/474
f 339/474/474 347/472/472 340/473/473
f 540/476/476 550/477/477 539/482/482
f 539/482/482 550/477/477 556/478/478
f 539/482/482 556/478/478 570/480/480
f 570/480/480 556/478/478 562/479/479
f 570/480/480 569/481/481 539/482/482
f 364/483/483 570/484/484 356/492/492
f 356/492/492 570/484/484 562/485/485
f 356/492/492 562/485/485 350/491/491
f 350/491/491 562/485/485 556/486/486
f 350/491/491 556/486/486 344/490/490
f 344/490/490 556/486/486 550/487/487
f 344/490/490 550/487/487 334/489/489
f 334/489/489 550/487/487 540/488/488
f 539/494/494 569/495/495 333/493/493
f 333/493/493 569/495/495 363/496/496
f 356/498/498 350/499/499 364/497/497
f 364/497/497 350/499/499 333/502/502
f 364/497/497 333/502/502 363/503/503
f 350/499/499 344/500/500 333/502/502
f 333/502/502 344/500/500 334/501/501
f 544/504/504 552/505/505 543/510/510
f 543/510/510 552/505/505 558/506/506
f 543/510/510 558/506/506 574/508/508
f 574/508/508 558/506/506 564/507/507
f 574/508/508 573/509/509 543/510/510
f 368/511/511 574/512/512 358/520/520
f 358/520/520 574/512/512 564/513/513
f 358/520/520 564/513/513 352/519/519
f 352/519/519 564/513/513 558/514/514
f 352/519/519 558/514/514 346/518/518
f 346/518/518 558/514/514 552/515/515
f 346/518/518 552/515/515 338/517/517
f 338/517/517 552/515/515 544/516/516
f 124/521/521 147/522/522 709/524/524
f 709/524/524 147/522/522 731/523/523
f 543/526/526 573/527/527 337/525/525
f 337/525/525 573/527/527 367/528/528
f 358/530/530 352/531/531 368/529/529
f 368/529/529 352/531/531 337/534/534
f 368/529/529 337/534/534 367/535/535
f 352/531/531 346/532/532 337/534/534
f 337/534/534 346/532/532 338/533/533
f 493/536/536 494/537/537 491/539/539
f 491/539/539 494/537/537 492/538/538
f 432/540/540 433/541/541 473/543/543
f 473/543/543 433/541/541 474/542/542
f 412/544/544 411/545/545 410/547/547
f 410/547/547 411/545/545 409/546/546
f 493/548/548 411/549/549 485/557/557
f 485/557/557 411/549/549 415/550/550
f 485/557/557 415/550/550 419/551/551
f 485/557/557 419/551/551 481/556/556
f 481/556/556 419/551/551 428/552/552
f 481/556/556 428/552/552 477/555/555
f 477/555/555 428/552/552 473/554/554
f 473/554/554 428/552/552 432/553/553
f 473/558/558 474/559/559 477/567/567
f 477/567/567 474/559/559 478/560/560
f 477/567/567 478/560/560 482/561/561
f 477/567/567 482/561/561 481/566/566
f 481/566/566 482/561/561 486/562/562
f 481/566/566 486/562/562 485/565/565
f 485/565/565 486/562/562 493/564/564
f 493/564/564 486/562/562 494/563/563
f 474/568/568 433/569/569 478/577/577
f 478/577/577 433/569/569 429/570/570
f 478/577/577 429/570/570 420/571/571
f 478/577/577 420/571/571 482/576/576
f 482/576/576 420/571/571 416/572/572
f 482/576/576 416/572/572 486/575/575
f 486/575/575 416/572/572 494/574/574
f 494/574/574 416/572/572 412/573/573
f 433/578/578 432/579/579 429/587/587
f 429/587/587 432/579/579 428/580/580
f 429/587/587 428/580/580 419/581/581
f 429/587/587 419/581/581 420/586/586
f 420/586/586 419/581/581 415/582/582
f 420/586/586 415/582/582 416/585/585
f 416/585/585 415/582/582 412/584/584
f 412/584/584 415/582/582 411/583/583
f 445/589/589 381/591/591 444/588/588
f 444/588/588 381/591/591 373/592/592
f 444/588/588 373/592/592 440/602/602
f 440/602/602 373/592/592 436/601/601
f 436/601/601 373/592/592 421/600/600
f 421/600/600 373/592/592 285/593/593
f 421/600/600 285/593/593 280/594/594
f 445/589/589 382/590/590 381/591/591
f 421/600/600 280/594/594 9/599/599
f 9/599/599 280/594/594 276/595/595
f 9/599/599 276/595/595 272/596/596
f 272/596/596 267/597/597 9/599/599
f 9/599/599 267/597/597 10/598/598
f 453/603/603 451/604/604 444/612/612
f 444/612/612 451/604/604 449/605/605
f 444/612/612 449/605/605 447/606/606
f 447/606/606 446/607/607 444/612/612
f 444/612/612 446/607/607 445/611/611
f 445/611/611 446/607/607 448/608/608
f 445/611/611 448/608/608 450/609/609
f 450/609/609 452/610/610 445/611/611
f 423/613/613 434/614/614 422/622/622
f 422/622/622 434/614/614 421/621/621
f 421/621/621 434/614/614 436/620/620
f 436/620/620 434/614/614 438/615/615
f 436/620/620 438/615/615 440/619/619
f 440/619/619 438/615/615 442/616/616
f 440/619/619 442/616/616 444/618/618
f 444/618/618 442/616/616 453/617/617
f 107/623/623 422/624/624 9/626/626
f 9/626/626 422/624/624 421/625/625
f 109/632/632 87/627/627 263/631/631
f 263/631/631 87/627/627 265/628/628
f 263/631/631 265/628/628 264/630/630
f 264/630/630 265/628/628 268/629/629
f 452/633/633 388/634/634 445/636/636
f 445/636/636 388/634/634 382/635/635
f 462/646/646 463/637/637 460/645/645
f 460/645/645 463/637/637 461/638/638
f 460/645/645 461/638/638 458/644/644
f 458/644/644 461/638/638 459/639/639
f 458/644/644 459/639/639 456/643/643
f 456/643/643 459/639/639 457/640/640
f 456/643/643 457/640/640 454/642/642
f 454/642/642 457/640/640 455/641/641
f 268/647/647 108/648/648 264/651/651
f 264/651/651 108/648/648 263/650/650
f 263/650/650 108/648/648 109/649/649
f 397/652/652 463/653/653 396/658/658
f 396/658/658 463/653/653 462/654/654
f 396/658/658 462/654/654 380/657/657
f 380/657/657 462/654/654 379/656/656
f 379/656/656 462/654/654 374/655/655
f 386/659/659 377/660/660 381/667/667
f 381/667/667 377/660/660 373/666/666
f 373/666/666 377/660/660 288/661/661
f 373/666/666 288/661/661 285/665/665
f 285/665/665 288/661/661 284/662/662
f 285/665/665 284/662/662 280/664/664
f 280/664/664 284/662/662 281/663/663
f 374/668/668 378/669/669 379/673/673
f 379/673/673 378/669/669 380/672/672
f 380/672/672 378/669/669 394/670/670
f 380/672/672 394/670/670 396/671/671
f 388/674/674 387/675/675 382/681/681
f 382/681/681 387/675/675 385/676/676
f 382/681/681 385/676/676 383/677/677
f 382/681/681 383/677/677 381/680/680
f 381/680/680 383/677/677 384/678/678
f 381/680/680 384/678/678 386/679/679
f 392/683/683 393/687/687 394/682/682
f 394/682/682 393/687/687 395/688/688
f 394/682/682 395/688/688 396/690/690
f 396/690/690 395/688/688 397/689/689
f 393/687/687 392/683/683 391/686/686
f 391/686/686 392/683/683 390/684/684
f 391/686/686 390/684/684 389/685/685
f 277/691/691 275/692/692 276/699/699
f 276/699/699 275/692/692 272/698/698
f 272/698/698 275/692/692 271/693/693
f 272/698/698 271/693/693 267/697/697
f 267/697/697 271/693/693 266/694/694
f 267/697/697 266/694/694 10/696/696
f 10/696/696 266/694/694 30/695/695
f 281/700/700 277/701/701 280/703/703
f 280/703/703 277/701/701 276/702/702
f 399/705/705 398/706/706 465/704/704
f 465/704/704 398/706/706 464/715/715
f 464/715/715 398/706/706 375/707/707
f 464/715/715 375/707/707 286/708/708
f 286/708/708 282/709/709 464/715/715
f 464/715/715 282/709/709 131/714/714
f 131/714/714 282/709/709 278/710/710
f 131/714/714 278/710/710 273/711/711
f 273/711/711 269/712/712 131/714/714
f 131/714/714 269/712/712 132/713/713
f 404/730/730 470/716/716 403/729/729
f 403/729/729 470/716/716 469/717/717
f 403/729/729 469/717/717 376/728/728
f 376/728/728 469/717/717 441/718/718
f 376/728/728 441/718/718 437/719/719
f 437/719/719 425/720/720 376/728/728
f 376/728/728 425/720/720 287/727/727
f 287/727/727 425/720/720 283/726/726
f 283/726/726 425/720/720 252/721/721
f 283/726/726 252/721/721 279/725/725
f 279/725/725 252/721/721 274/724/724
f 274/724/724 252/721/721 270/723/723
f 270/723/723 252/721/721 253/722/722
f 470/737/737 468/731/731 469/736/736
f 469/736/736 468/731/731 467/732/732
f 469/736/736 467/732/732 464/735/735
f 464/735/735 467/732/732 466/733/733
f 464/735/735 466/733/733 465/734/734
f 253/745/745 132/738/738 270/744/744
f 270/744/744 132/738/738 269/739/739
f 270/744/744 269/739/739 274/743/743
f 274/743/743 269/739/739 273/740/740
f 274/743/743 273/740/740 279/742/742
f 279/742/742 273/740/740 278/741/741
f 278/746/746 282/747/747 279/749/749
f 279/749/749 282/747/747 283/748/748
f 283/757/757 282/750/750 287/756/756
f 287/756/756 282/750/750 286/751/751
f 287/756/756 286/751/751 376/755/755
f 376/755/755 286/751/751 375/752/752
f 376/755/755 375/752/752 403/754/754
f 403/754/754 375/752/752 398/753/753
f 424/758/758 162/759/759 425/761/761
f 425/761/761 162/759/759 252/760/760
f 464/762/762 443/763/763 469/770/770
f 469/770/770 443/763/763 441/769/769
f 441/769/769 443/763/763 439/764/764
f 441/769/769 439/764/764 437/768/768
f 437/768/768 439/764/764 435/765/765
f 437/768/768 435/765/765 425/767/767
f 425/767/767 435/765/765 424/766/766
f 402/771/771 468/772/772 404/774/774
f 404/774/774 468/772/772 470/773/773
f 399/775/775 400/776/776 398/781/781
f 398/781/781 400/776/776 401/777/777
f 398/781/781 401/777/777 403/780/780
f 403/780/780 401/777/777 402/778/778
f 403/780/780 402/778/778 404/779/779
f 731/801/801 147/782/782 744/800/800
f 744/800/800 147/782/782 159/783/783
f 744/800/800 159/783/783 764/799/799
f 764/799/799 159/783/783 181/784/784
f 764/799/799 181/784/784 776/798/798
f 776/798/798 181/784/784 193/785/785
f 776/798/798 193/785/785 794/797/797
f 794/797/797 193/785/785 211/786/786
f 794/797/797 211/786/786 793/796/796
f 793/796/796 211/786/786 210/787/787
f 793/796/796 210/787/787 775/795/795
f 775/795/795 210/787/787 192/788/788
f 775/795/795 192/788/788 763/794/794
f 763/794/794 192/788/788 180/789/789
f 763/794/794 180/789/789 743/793/793
f 743/793/793 180/789/789 158/790/790
f 743/793/793 158/790/790 730/792/792
f 730/792/792 158/790/790 146/791/791
f 487/803/803 483/804/804 405/802/802
f 405/802/802 483/804/804 413/811/811
f 413/811/811 483/804/804 479/805/805
f 413/811/811 479/805/805 417/810/810
f 417/810/810 479/805/805 475/806/806
f 417/810/810 475/806/806 426/809/809
f 426/809/809 475/806/806 471/807/807
f 426/809/809 471/807/807 430/808/808
f 471/813/813 475/814/814 472/812/812
f 472/812/812 475/814/814 476/821/821
f 476/821/821 475/814/814 479/815/815
f 476/821/821 479/815/815 480/820/820
f 480/820/820 479/815/815 483/816/816
f 480/820/820 483/816/816 484/819/819
f 484/819/819 483/816/816 487/817/817
f 484/819/819 487/817/817 488/818/818
f 431/822/822 472/823/823 427/831/831
f 427/831/831 472/823/823 476/824/824
f 427/831/831 476/824/824 418/830/830
f 418/830/830 476/824/824 480/825/825
f 418/830/830 480/825/825 414/829/829
f 414/829/829 480/825/825 484/826/826
f 414/829/829 484/826/826 406/828/828
f 406/828/828 484/826/826 488/827/827
f 430/832/832 431/833/833 426/841/841
f 426/841/841 431/833/833 427/834/834
f 426/841/841 427/834/834 417/840/840
f 417/840/840 427/834/834 418/835/835
f 417/840/840 418/835/835 413/839/839
f 413/839/839 418/835/835 414/836/836
f 413/839/839 414/836/836 405/838/838
f 405/838/838 414/836/836 406/837/837
f 146/842/842 123/843/843 730/845/845
f 730/845/845 123/843/843 708/844/844
f 488/846/846 487/847/847 490/849/849
f 490/849/849 487/847/847 489/848/848
f 431/850/850 430/851/851 472/853/853
f 472/853/853 430/851/851 471/852/852
f 405/854/854 406/855/855 407/857/857
f 407/857/857 406/855/855 408/856/856
f 708/883/883 123/858/858 675/882/882
f 675/882/882 123/858/858 93/859/859
f 675/882/882 93/859/859 645/881/881
f 645/881/881 93/859/859 64/860/860
f 645/881/881 64/860/860 624/880/880
f 624/880/880 64/860/860 45/861/861
f 624/880/880 45/861/861 613/879/879
f 613/879/879 45/861/861 36/862/862
f 613/879/879 36/862/862 603/878/878
f 603/878/878 36/862/862 26/863/863
f 603/878/878 26/863/863 592/877/877
f 592/877/877 26/863/863 16/864/864
f 592/877/877 16/864/864 602/876/876
f 602/876/876 16/864/864 25/865/865
f 602/876/876 25/865/865 612/875/875
f 612/875/875 25/865/865 35/866/866
f 612/875/875 35/866/866 623/874/874
f 623/874/874 35/866/866 44/867/867
f 623/874/874 44/867/867 644/873/873
f 644/873/873 44/867/867 63/868/868
f 644/873/873 63/868/868 674/872/872
f 674/872/872 63/868/868 92/869/869
f 674/872/872 92/869/869 705/871/871
f 705/871/871 92/869/869 120/870/870
f 120/884/884 143/885/885 705/887/887
f 705/887/887 143/885/885 727/886/886
f 512/889/889 518/890/890 506/888/888
f 506/888/888 518/890/890 535/893/893
f 506/888/888 535/893/893 505/894/894
f 518/890/890 524/891/891 535/893/893
f 535/893/893 524/891/891 536/892/892
f 506/895/895 300/896/896 512/904/904
f 512/904/904 300/896/896 306/897/897
f 512/904/904 306/897/897 518/903/903
f 518/903/903 306/897/897 312/898/898
f 518/903/903 312/898/898 524/902/902
f 524/902/902 312/898/898 318/899/899
f 524/902/902 318/899/899 536/901/901
f 536/901/901 318/899/899 330/900/900
f 329/906/906 299/907/907 535/905/905
f 535/905/905 299/907/907 505/908/908
f 330/909/909 318/910/910 329/915/915
f 329/915/915 318/910/910 312/911/911
f 329/915/915 312/911/911 300/913/913
f 300/913/913 312/911/911 306/912/912
f 300/913/913 299/914/914 329/915/915
f 507/917/917 513/918/918 496/916/916
f 496/916/916 513/918/918 525/921/921
f 496/916/916 525/921/921 495/922/922
f 513/918/918 519/919/919 525/921/921
f 525/921/921 519/919/919 526/920/920
f 496/923/923 290/924/924 507/932/932
f 507/932/932 290/924/924 301/925/925
f 507/932/932 301/925/925 513/931/931
f 513/931/931 301/925/925 307/926/926
f 513/931/931 307/926/926 519/930/930
f 519/930/930 307/926/926 313/927/927
f 519/930/930 313/927/927 526/929/929
f 526/929/929 313/927/927 320/928/928
f 319/934/934 289/935/935 525/933/933
f 525/933/933 289/935/935 495/936/936
f 320/937/937 313/938/938 319/943/943
f 319/943/943 313/938/938 307/939/939
f 319/943/943 307/939/939 290/941/941
f 290/941/941 307/939/939 301/940/940
f 290/941/941 289/942/942 319/943/943
f 509/945/945 515/946/946 500/944/944
f 500/944/944 515/946/946 529/949/949
f 500/944/944 529/949/949 499/950/950
f 515/946/946 521/947/947 529/949/949
f 529/949/949 521/947/947 530/948/948
f 500/951/951 294/952/952 509/960/960
f 509/960/960 294/952/952 303/953/953
f 509/960/960 303/953/953 515/959/959
f 515/959/959 303/953/953 309/954/954
f 515/959/959 309/954/954 521/958/958
f 521/958/958 309/954/954 315/955/955
f 521/958/958 315/955/955 530/957/957
f 530/957/957 315/955/955 324/956/956
f 323/962/962 293/963/963 529/961/961
f 529/961/961 293/963/963 499/964/964
f 324/965/965 315/966/966 323/971/971
f 323/971/971 315/966/966 309/967/967
f 323/971/971 309/967/967 294/969/969
f 294/969/969 309/967/967 303/968/968
f 294/969/969 293/970/970 323/971/971
f 511/973/973 517/974/974 504/972/972
f 504/972/972 517/974/974 533/977/977
f 504/972/972 533/977/977 503/978/978
f 517/974/974 523/975/975 533/977/977
f 533/977/977 523/975/975 534/976/976
f 504/979/979 298/980/980 511/988/988
f 511/988/988 298/980/980 305/981/981
f 511/988/988 305/981/981 517/987/987
f 517/987/987 305/981/981 311/982/982
f 517/987/987 311/982/982 523/986/986
f 523/986/986 311/982/982 317/983/983
f 523/986/986 317/983/983 534/985/985
f 534/985/985 317/983/983 328/984/984
f 327/990/990 297/991/991 533/989/989
f 533/989/989 297/991/991 503/992/992
f 328/993/993 317/994/994 327/999/999
f 327/999/999 317/994/994 311/995/995
f 327/999/999 311/995/995 298/997/997
f 298/997/997 311/995/995 305/996/996
f 298/997/997 297/998/998 327/999/999
f 508/1001/1001 514/1002/1002 498/1000/1000
f 498/1000/1000 514/1002/1002 527/1005/1005
f 498/1000/1000 527/1005/1005 497/1006/1006
f 514/1002/1002 520/1003/1003 527/1005/1005
f 527/1005/1005 520/1003/1003 528/1004/1004
f 498/1007/1007 292/1008/1008 508/1016/1016
f 508/1016/1016 292/1008/1008 302/1009/1009
f 508/1016/1016 302/1009/1009 514/1015/1015
f 514/1015/1015 302/1009/1009 308/1010/1010
f 514/1015/1015 308/1010/1010 520/1014/1014
f 520/1014/1014 308/1010/1010 314/1011/1011
f 520/1014/1014 314/1011/1011 528/1013/1013
f 528/1013/1013 314/1011/1011 322/1012/1012
f 321/1018/1018 291/1019/1019 527/1017/1017
f 527/1017/1017 291/1019/1019 497/1020/1020
f 322/1021/1021 314/1022/1022 321/1027/1027
f 321/1027/1027 314/1022/1022 308/1023/1023
f 321/1027/1027 308/1023/1023 292/1025/1025
f 292/1025/1025 308/1023/1023 302/1024/1024
f 292/1025/1025 291/1026/1026 321/1027/1027
f 510/1029/1029 516/1030/1030 502/1028/1028
f 502/1028/1028 516/1030/1030 531/1033/1033
f 502/1028/1028 531/1033/1033 501/1034/1034
f 516/1030/1030 522/1031/1031 531/1033/1033
f 531/1033/1033 522/1031/1031 532/1032/1032
f 502/1035/1035 296/1036/1036 510/1044/1044
f 510/1044/1044 296/1036/1036 304/1037/1037
f 510/1044/1044 304/1037/1037 516/1043/1043
f 516/1043/1043 304/1037/1037 310/1038/1038
f 516/1043/1043 310/1038/1038 522/1042/1042
f 522/1042/1042 310/1038/1038 316/1039/1039
f 522/1042/1042 316/1039/1039 532/1041/1041
f 532/1041/1041 316/1039/1039 326/1040/1040
f 325/1046/1046 295/1047/1047 531/1045/1045
f 531/1045/1045 295/1047/1047 501/1048/1048
f 326/1049/1049 316/1050/1050 325/1055/1055
f 325/1055/1055 316/1050/1050 310/1051/1051
f 325/1055/1055 310/1051/1051 296/1053/1053
f 296/1053/1053 310/1051/1051 304/1052/1052
f 296/1053/1053 295/1054/1054 325/1055/1055
f 834/1063/1063 251/1056/1056 835/1062/1062
f 835/1062/1062 251/1056/1056 254/1057/1057
f 835/1062/1062 254/1057/1057 836/1061/1061
f 836/1061/1061 254/1057/1057 255/1058/1058
f 836/1061/1061 255/1058/1058 838/1060/1060
f 838/1060/1060 255/1058/1058 257/1059/1059
f 727/1083/1083 143/1064/1064 742/1082/1082
f 742/1082/1082 143/1064/1064 157/1065/1065
f 742/1082/1082 157/1065/1065 762/1081/1081
f 762/1081/1081 157/1065/1065 179/1066/1066
f 762/1081/1081 179/1066/1066 774/1080/1080
f 774/1080/1080 179/1066/1066 191/1067/1067
f 774/1080/1080 191/1067/1067 792/1079/1079
f 792/1079/1079 191/1067/1067 209/1068/1068
f 792/1079/1079 209/1068/1068 791/1078/1078
f 791/1078/1078 209/1068/1068 208/1069/1069
f 791/1078/1078 208/1069/1069 773/1077/1077
f 773/1077/1077 208/1069/1069 190/1070/1070
f 773/1077/1077 190/1070/1070 761/1076/1076
f 761/1076/1076 190/1070/1070 178/1071/1071
f 761/1076/1076 178/1071/1071 741/1075/1075
f 741/1075/1075 178/1071/1071 156/1072/1072
f 741/1075/1075 156/1072/1072 726/1074/1074
f 726/1074/1074 156/1072/1072 142/1073/1073
f 585/1091/1091 7/1084/1084 586/1090/1090
f 586/1090/1090 7/1084/1084 8/1085/1085
f 586/1090/1090 8/1085/1085 587/1089/1089
f 587/1089/1089 8/1085/1085 11/1086/1086
f 587/1089/1089 11/1086/1086 594/1088/1088
f 594/1088/1088 11/1086/1086 18/1087/1087
f 142/1092/1092 119/1093/1093 726/1095/1095
f 726/1095/1095 119/1093/1093 704/1094/1094
f 704/1121/1121 119/1096/1096 673/1120/1120
f 673/1120/1120 119/1096/1096 91/1097/1097
f 673/1120/1120 91/1097/1097 643/1119/1119
f 643/1119/1119 91/1097/1097 62/1098/1098
f 643/1119/1119 62/1098/1098 622/1118/1118
f 622/1118/1118 62/1098/1098 43/1099/1099
f 622/1118/1118 43/1099/1099 611/1117/1117
f 611/1117/1117 43/1099/1099 34/1100/1100
f 611/1117/1117 34/1100/1100 601/1116/1116
f 601/1116/1116 34/1100/1100 24/1101/1101
f 601/1116/1116 24/1101/1101 591/1115/1115
f 591/1115/1115 24/1101/1101 15/1102/1102
f 591/1115/1115 15/1102/1102 600/1114/1114
f 600/1114/1114 15/1102/1102 23/1103/1103
f 600/1114/1114 23/1103/1103 610/1113/1113
f 610/1113/1113 23/1103/1103 33/1104/1104
f 610/1113/1113 33/1104/1104 621/1112/1112
f 621/1112/1112 33/1104/1104 42/1105/1105
f 621/1112/1112 42/1105/1105 642/1111/1111
f 642/1111/1111 42/1105/1105 61/1106/1106
f 642/1111/1111 61/1106/1106 672/1110/1110
f 672/1110/1110 61/1106/1106 90/1107/1107
f 672/1110/1110 90/1107/1107 701/1109/1109
f 701/1109/1109 90/1107/1107 116/1108/1108
f 116/1122/1122 139/1123/1123 701/1125/1125
f 701/1125/1125 139/1123/1123 723/1124/1124
f 723/1145/1145 139/1126/1126 740/1144/1144
f 740/1144/1144 139/1126/1126 155/1127/1127
f 740/1144/1144 155/1127/1127 760/1143/1143
f 760/1143/1143 155/1127/1127 177/1128/1128
f 760/1143/1143 177/1128/1128 772/1142/1142
f 772/1142/1142 177/1128/1128 189/1129/1129
f 772/1142/1142 189/1129/1129 790/1141/1141
f 790/1141/1141 189/1129/1129 207/1130/1130
f 790/1141/1141 207/1130/1130 789/1140/1140
f 789/1140/1140 207/1130/1130 206/1131/1131
f 789/1140/1140 206/1131/1131 771/1139/1139
f 771/1139/1139 206/1131/1131 188/1132/1132
f 771/1139/1139 188/1132/1132 759/1138/1138
f 759/1138/1138 188/1132/1132 176/1133/1133
f 759/1138/1138 176/1133/1133 739/1137/1137
f 739/1137/1137 176/1133/1133 154/1134/1134
f 739/1137/1137 154/1134/1134 722/1136/1136
f 722/1136/1136 154/1134/1134 138/1135/1135
f 138/1146/1146 115/1147/1147 722/1149/1149
f 722/1149/1149 115/1147/1147 700/1148/1148
f 700/1175/1175 115/1150/1150 671/1174/1174
f 671/1174/1174 115/1150/1150 89/1151/1151
f 671/1174/1174 89/1151/1151 641/1173/1173
f 641/1173/1173 89/1151/1151 60/1152/1152
f 641/1173/1173 60/1152/1152 620/1172/1172
f 620/1172/1172 60/1152/1152 41/1153/1153
f 620/1172/1172 41/1153/1153 609/1171/1171
f 609/1171/1171 41/1153/1153 32/1154/1154
f 609/1171/1171 32/1154/1154 599/1170/1170
f 599/1170/1170 32/1154/1154 22/1155/1155
f 599/1170/1170 22/1155/1155 590/1169/1169
f 590/1169/1169 22/1155/1155 14/1156/1156
f 590/1169/1169 14/1156/1156 598/1168/1168
f 598/1168/1168 14/1156/1156 21/1157/1157
f 598/1168/1168 21/1157/1157 608/1167/1167
f 608/1167/1167 21/1157/1157 31/1158/1158
f 608/1167/1167 31/1158/1158 619/1166/1166
f 619/1166/1166 31/1158/1158 40/1159/1159
f 619/1166/1166 40/1159/1159 640/1165/1165
f 640/1165/1165 40/1159/1159 59/1160/1160
f 640/1165/1165 59/1160/1160 670/1164/1164
f 670/1164/1164 59/1160/1160 88/1161/1161
f 670/1164/1164 88/1161/1161 697/1163/1163
f 697/1163/1163 88/1161/1161 112/1162/1162
f 112/1176/1176 135/1177/1177 697/1179/1179
f 697/1179/1179 135/1177/1177 719/1178/1178
f 719/1199/1199 135/1180/1180 738/1198/1198
f 738/1198/1198 135/1180/1180 153/1181/1181
f 738/1198/1198 153/1181/1181 758/1197/1197
f 758/1197/1197 153/1181/1181 175/1182/1182
f 758/1197/1197 175/1182/1182 770/1196/1196
f 770/1196/1196 175/1182/1182 187/1183/1183
f 770/1196/1196 187/1183/1183 788/1195/1195
f 788/1195/1195 187/1183/1183 205/1184/1184
f 788/1195/1195 205/1184/1184 787/1194/1194
f 787/1194/1194 205/1184/1184 204/1185/1185
f 787/1194/1194 204/1185/1185 769/1193/1193
f 769/1193/1193 204/1185/1185 186/1186/1186
f 769/1193/1193 186/1186/1186 757/1192/1192
f 757/1192/1192 186/1186/1186 174/1187/1187
f 757/1192/1192 174/1187/1187 737/1191/1191
f 737/1191/1191 174/1187/1187 152/1188/1188
f 737/1191/1191 152/1188/1188 718/1190/1190
f 718/1190/1190 152/1188/1188 134/1189/1189
f 134/1200/1200 111/1201/1201 718/1203/1203
f 718/1203/1203 111/1201/1201 696/1202/1202
f 442/1205/1205 628/1213/1213 453/1204/1204
f 453/1204/1204 628/1213/1213 618/1214/1214
f 453/1204/1204 618/1214/1214 451/1256/1256
f 451/1256/1256 618/1214/1214 616/1215/1215
f 451/1256/1256 616/1215/1215 449/1255/1255
f 449/1255/1255 616/1215/1215 606/1216/1216
f 449/1255/1255 606/1216/1216 447/1254/1254
f 447/1254/1254 606/1216/1216 596/1217/1217
f 447/1254/1254 596/1217/1217 446/1253/1253
f 446/1253/1253 596/1217/1217 595/1218/1218
f 446/1253/1253 595/1218/1218 597/1219/1219
f 628/1213/1213 442/1205/1205 658/1212/1212
f 658/1212/1212 442/1205/1205 438/1206/1206
f 658/1212/1212 438/1206/1206 678/1211/1211
f 678/1211/1211 438/1206/1206 434/1207/1207
f 678/1211/1211 434/1207/1207 692/1210/1210
f 692/1210/1210 434/1207/1207 423/1208/1208
f 692/1210/1210 423/1208/1208 693/1209/1209
f 446/1253/1253 597/1219/1219 448/1252/1252
f 448/1252/1252 597/1219/1219 607/1220/1220
f 448/1252/1252 607/1220/1220 450/1251/1251
f 450/1251/1251 607/1220/1220 617/1221/1221
f 450/1251/1251 617/1221/1221 452/1250/1250
f 452/1250/1250 617/1221/1221 627/1222/1222
f 452/1250/1250 627/1222/1222 388/1249/1249
f 388/1249/1249 627/1222/1222 48/1230/1230
f 388/1249/1249 48/1230/1230 39/1231/1231
f 627/1222/1222 639/1223/1223 48/1230/1230
f 48/1230/1230 639/1223/1223 68/1229/1229
f 68/1229/1229 639/1223/1223 659/1224/1224
f 68/1229/1229 659/1224/1224 96/1228/1228
f 96/1228/1228 659/1224/1224 679/1225/1225
f 96/1228/1228 679/1225/1225 111/1227/1227
f 111/1227/1227 679/1225/1225 696/1226/1226
f 388/1249/1249 39/1231/1231 387/1248/1248
f 387/1248/1248 39/1231/1231 29/1232/1232
f 387/1248/1248 29/1232/1232 385/1247/1247
f 385/1247/1247 29/1232/1232 19/1233/1233
f 385/1247/1247 19/1233/1233 383/1246/1246
f 383/1246/1246 19/1233/1233 20/1234/1234
f 383/1246/1246 20/1234/1234 384/1245/1245
f 384/1245/1245 20/1234/1234 30/1235/1235
f 384/1245/1245 30/1235/1235 386/1244/1244
f 386/1244/1244 30/1235/1235 266/1236/1236
f 386/1244/1244 266/1236/1236 377/1243/1243
f 377/1243/1243 266/1236/1236 288/1242/1242
f 288/1242/1242 266/1236/1236 271/1237/1237
f 288/1242/1242 271/1237/1237 284/1241/1241
f 284/1241/1241 271/1237/1237 275/1238/1238
f 284/1241/1241 275/1238/1238 281/1240/1240
f 281/1240/1240 275/1238/1238 277/1239/1239
f 107/1257/1257 106/1258/1258 422/1261/1261
f 422/1261/1261 106/1258/1258 690/1259/1259
f 422/1261/1261 690/1259/1259 691/1260/1260
f 488/1263/1263 490/1264/1264 406/1262/1262
f 406/1262/1262 490/1264/1264 408/1269/1269
f 408/1269/1269 490/1264/1264 106/1267/1267
f 408/1269/1269 106/1267/1267 13/1268/1268
f 589/1265/1265 690/1266/1266 490/1264/1264
f 490/1264/1264 690/1266/1266 106/1267/1267
f 491/1270/1270 492/1271/1271 828/1273/1273
f 828/1273/1273 492/1271/1271 829/1272/1272
f 246/1274/1274 184/1275/1275 410/1281/1281
f 410/1281/1281 184/1275/1275 492/1278/1278
f 410/1281/1281 492/1278/1278 494/1279/1279
f 184/1275/1275 767/1276/1276 492/1278/1278
f 492/1278/1278 767/1276/1276 829/1277/1277
f 494/1279/1279 412/1280/1280 410/1281/1281
f 108/1283/1283 268/1284/1284 128/1282/1282
f 128/1282/1282 268/1284/1284 374/1285/1285
f 128/1282/1282 374/1285/1285 462/1286/1286
f 694/1287/1287 713/1288/1288 462/1286/1286
f 462/1286/1286 713/1288/1288 128/1282/1282
f 133/1290/1290 399/1291/1291 110/1289/1289
f 110/1289/1289 399/1291/1291 397/1296/1296
f 397/1296/1296 399/1291/1291 463/1295/1295
f 463/1295/1295 399/1291/1291 465/1292/1292
f 463/1295/1295 465/1292/1292 695/1294/1294
f 695/1294/1294 465/1292/1292 717/1293/1293
f 468/1330/1330 402/1297/1297 196/1303/1303
f 196/1303/1303 402/1297/1297 401/1298/1298
f 196/1303/1303 401/1298/1298 164/1302/1302
f 164/1302/1302 401/1298/1298 400/1299/1299
f 164/1302/1302 400/1299/1299 133/1301/1301
f 133/1301/1301 400/1299/1299 399/1300/1300
f 215/1304/1304 798/1323/1323 196/1303/1303
f 196/1303/1303 798/1323/1323 779/1324/1324
f 196/1303/1303 779/1324/1324 468/1330/1330
f 468/1330/1330 779/1324/1324 467/1329/1329
f 467/1329/1329 779/1324/1324 748/1325/1325
f 467/1329/1329 748/1325/1325 466/1328/1328
f 466/1328/1328 748/1325/1325 717/1326/1326
f 466/1328/1328 717/1326/1326 465/1327/1327
f 798/1323/1323 215/1304/1304 808/1322/1322
f 808/1322/1322 215/1304/1304 225/1305/1305
f 808/1322/1322 225/1305/1305 818/1321/1321
f 818/1321/1321 225/1305/1305 235/1306/1306
f 818/1321/1321 235/1306/1306 830/1320/1320
f 830/1320/1320 235/1306/1306 247/1307/1307
f 830/1320/1320 247/1307/1307 819/1319/1319
f 819/1319/1319 247/1307/1307 236/1308/1308
f 819/1319/1319 236/1308/1308 809/1318/1318
f 809/1318/1318 236/1308/1308 226/1309/1309
f 809/1318/1318 226/1309/1309 799/1317/1317
f 799/1317/1317 226/1309/1309 216/1310/1310
f 799/1317/1317 216/1310/1310 780/1316/1316
f 780/1316/1316 216/1310/1310 197/1311/1311
f 780/1316/1316 197/1311/1311 749/1315/1315
f 749/1315/1315 197/1311/1311 165/1312/1312
f 749/1315/1315 165/1312/1312 720/1314/1314
f 720/1314/1314 165/1312/1312 136/1313/1313
f 136/1331/1331 113/1332/1332 720/1334/1334
f 720/1334/1334 113/1332/1332 698/1333/1333
f 698/1354/1354 113/1335/1335 682/1353/1353
f 682/1353/1353 113/1335/1335 98/1336/1336
f 682/1353/1353 98/1336/1336 662/1352/1352
f 662/1352/1352 98/1336/1336 79/1337/1337
f 662/1352/1352 79/1337/1337 650/1351/1351
f 650/1351/1351 79/1337/1337 69/1338/1338
f 650/1351/1351 69/1338/1338 631/1350/1350
f 631/1350/1350 69/1338/1338 50/1339/1339
f 631/1350/1350 50/1339/1339 632/1349/1349
f 632/1349/1349 50/1339/1339 51/1340/1340
f 632/1349/1349 51/1340/1340 651/1348/1348
f 651/1348/1348 51/1340/1340 70/1341/1341
f 651/1348/1348 70/1341/1341 663/1347/1347
f 663/1347/1347 70/1341/1341 80/1342/1342
f 663/1347/1347 80/1342/1342 683/1346/1346
f 683/1346/1346 80/1342/1342 99/1343/1343
f 683/1346/1346 99/1343/1343 699/1345/1345
f 699/1345/1345 99/1343/1343 114/1344/1344
f 114/1355/1355 137/1356/1356 699/1358/1358
f 699/1358/1358 137/1356/1356 721/1357/1357
f 721/1384/1384 137/1359/1359 750/1383/1383
f 750/1383/1383 137/1359/1359 166/1360/1360
f 750/1383/1383 166/1360/1360 781/1382/1382
f 781/1382/1382 166/1360/1360 198/1361/1361
f 781/1382/1382 198/1361/1361 800/1381/1381
f 800/1381/1381 198/1361/1361 217/1362/1362
f 800/1381/1381 217/1362/1362 810/1380/1380
f 810/1380/1380 217/1362/1362 227/1363/1363
f 810/1380/1380 227/1363/1363 820/1379/1379
f 820/1379/1379 227/1363/1363 237/1364/1364
f 820/1379/1379 237/1364/1364 831/1378/1378
f 831/1378/1378 237/1364/1364 248/1365/1365
f 831/1378/1378 248/1365/1365 821/1377/1377
f 821/1377/1377 248/1365/1365 238/1366/1366
f 821/1377/1377 238/1366/1366 811/1376/1376
f 811/1376/1376 238/1366/1366 228/1367/1367
f 811/1376/1376 228/1367/1367 801/1375/1375
f 801/1375/1375 228/1367/1367 218/1368/1368
f 801/1375/1375 218/1368/1368 782/1374/1374
f 782/1374/1374 218/1368/1368 199/1369/1369
f 782/1374/1374 199/1369/1369 751/1373/1373
f 751/1373/1373 199/1369/1369 167/1370/1370
f 751/1373/1373 167/1370/1370 724/1372/1372
f 724/1372/1372 167/1370/1370 140/1371/1371
f 140/1385/1385 117/1386/1386 724/1388/1388
f 724/1388/1388 117/1386/1386 702/1387/1387
f 702/1408/1408 117/1389/1389 684/1407/1407
f 684/1407/1407 117/1389/1389 100/1390/1390
f 684/1407/1407 100/1390/1390 664/1406/1406
f 664/1406/1406 100/1390/1390 81/1391/1391
f 664/1406/1406 81/1391/1391 652/1405/1405
f 652/1405/1405 81/1391/1391 71/1392/1392
f 652/1405/1405 71/1392/1392 633/1404/1404
f 633/1404/1404 71/1392/1392 52/1393/1393
f 633/1404/1404 52/1393/1393 634/1403/1403
f 634/1403/1403 52/1393/1393 53/1394/1394
f 634/1403/1403 53/1394/1394 653/1402/1402
f 653/1402/1402 53/1394/1394 72/1395/1395
f 653/1402/1402 72/1395/1395 665/1401/1401
f 665/1401/1401 72/1395/1395 82/1396/1396
f 665/1401/1401 82/1396/1396 685/1400/1400
f 685/1400/1400 82/1396/1396 101/1397/1397
f 685/1400/1400 101/1397/1397 703/1399/1399
f 703/1399/1399 101/1397/1397 118/1398/1398
f 118/1409/1409 141/1410/1410 703/1412/1412
f 703/1412/1412 141/1410/1410 725/1411/1411
f 725/1438/1438 141/1413/1413 752/1437/1437
f 752/1437/1437 141/1413/1413 168/1414/1414
f 752/1437/1437 168/1414/1414 783/1436/1436
f 783/1436/1436 168/1414/1414 200/1415/1415
f 783/1436/1436 200/1415/1415 802/1435/1435
f 802/1435/1435 200/1415/1415 219/1416/1416
f 802/1435/1435 219/1416/1416 812/1434/1434
f 812/1434/1434 219/1416/1416 229/1417/1417
f 812/1434/1434 229/1417/1417 822/1433/1433
f 822/1433/1433 229/1417/1417 239/1418/1418
f 822/1433/1433 239/1418/1418 832/1432/1432
f 832/1432/1432 239/1418/1418 249/1419/1419
f 832/1432/1432 249/1419/1419 823/1431/1431
f 823/1431/1431 249/1419/1419 240/1420/1420
f 823/1431/1431 240/1420/1420 813/1430/1430
f 813/1430/1430 240/1420/1420 230/1421/1421
f 813/1430/1430 230/1421/1421 803/1429/1429
f 803/1429/1429 230/1421/1421 220/1422/1422
f 803/1429/1429 220/1422/1422 784/1428/1428
f 784/1428/1428 220/1422/1422 201/1423/1423
f 784/1428/1428 201/1423/1423 753/1427/1427
f 753/1427/1427 201/1423/1423 169/1424/1424
f 753/1427/1427 169/1424/1424 728/1426/1426
f 728/1426/1426 169/1424/1424 144/1425/1425
f 144/1439/1439 121/1440/1440 728/1442/1442
f 728/1442/1442 121/1440/1440 706/1441/1441
f 706/1462/1462 121/1443/1443 686/1461/1461
f 686/1461/1461 121/1443/1443 102/1444/1444
f 686/1461/1461 102/1444/1444 666/1460/1460
f 666/1460/1460 102/1444/1444 83/1445/1445
f 666/1460/1460 83/1445/1445 654/1459/1459
f 654/1459/1459 83/1445/1445 73/1446/1446
f 654/1459/1459 73/1446/1446 635/1458/1458
f 635/1458/1458 73/1446/1446 54/1447/1447
f 635/1458/1458 54/1447/1447 636/1457/1457
f 636/1457/1457 54/1447/1447 55/1448/1448
f 636/1457/1457 55/1448/1448 655/1456/1456
f 655/1456/1456 55/1448/1448 74/1449/1449
f 655/1456/1456 74/1449/1449 667/1455/1455
f 667/1455/1455 74/1449/1449 84/1450/1450
f 667/1455/1455 84/1450/1450 687/1454/1454
f 687/1454/1454 84/1450/1450 103/1451/1451
f 687/1454/1454 103/1451/1451 707/1453/1453
f 707/1453/1453 103/1451/1451 122/1452/1452
f 122/1463/1463 145/1464/1464 707/1466/1466
f 707/1466/1466 145/1464/1464 729/1465/1465
f 729/1492/1492 145/1467/1467 754/1491/1491
f 754/1491/1491 145/1467/1467 170/1468/1468
f 754/1491/1491 170/1468/1468 785/1490/1490
f 785/1490/1490 170/1468/1468 202/1469/1469
f 785/1490/1490 202/1469/1469 804/1489/1489
f 804/1489/1489 202/1469/1469 221/1470/1470
f 804/1489/1489 221/1470/1470 814/1488/1488
f 814/1488/1488 221/1470/1470 231/1471/1471
f 814/1488/1488 231/1471/1471 824/1487/1487
f 824/1487/1487 231/1471/1471 241/1472/1472
f 824/1487/1487 241/1472/1472 833/1486/1486
f 833/1486/1486 241/1472/1472 250/1473/1473
f 833/1486/1486 250/1473/1473 825/1485/1485
f 825/1485/1485 250/1473/1473 242/1474/1474
f 825/1485/1485 242/1474/1474 815/1484/1484
f 815/1484/1484 242/1474/1474 232/1475/1475
f 815/1484/1484 232/1475/1475 805/1483/1483
f 805/1483/1483 232/1475/1475 222/1476/1476
f 805/1483/1483 222/1476/1476 786/1482/1482
f 786/1482/1482 222/1476/1476 203/1477/1477
f 786/1482/1482 203/1477/1477 755/1481/1481
f 755/1481/1481 203/1477/1477 171/1478/1478
f 755/1481/1481 171/1478/1478 732/1480/1480
f 732/1480/1480 171/1478/1478 148/1479/1479
f 148/1493/1493 125/1494/1494 732/1496/1496
f 732/1496/1496 125/1494/1494 710/1495/1495
f 710/1516/1516 125/1497/1497 688/1515/1515
f 688/1515/1515 125/1497/1497 104/1498/1498
f 688/1515/1515 104/1498/1498 668/1514/1514
f 668/1514/1514 104/1498/1498 85/1499/1499
f 668/1514/1514 85/1499/1499 656/1513/1513
f 656/1513/1513 85/1499/1499 75/1500/1500
f 656/1513/1513 75/1500/1500 637/1512/1512
f 637/1512/1512 75/1500/1500 56/1501/1501
f 637/1512/1512 56/1501/1501 638/1511/1511
f 638/1511/1511 56/1501/1501 57/1502/1502
f 638/1511/1511 57/1502/1502 657/1510/1510
f 657/1510/1510 57/1502/1502 76/1503/1503
f 657/1510/1510 76/1503/1503 669/1509/1509
f 669/1509/1509 76/1503/1503 86/1504/1504
f 669/1509/1509 86/1504/1504 689/1508/1508
f 689/1508/1508 86/1504/1504 105/1505/1505
f 689/1508/1508 105/1505/1505 711/1507/1507
f 711/1507/1507 105/1505/1505 126/1506/1506
f 126/1517/1517 149/1518/1518 711/1520/1520
f 711/1520/1520 149/1518/1518 733/1519/1519
f 733/1540/1540 149/1521/1521 747/1539/1539
f 747/1539/1539 149/1521/1521 163/1522/1522
f 747/1539/1539 163/1522/1522 768/1538/1538
f 768/1538/1538 163/1522/1522 185/1523/1523
f 768/1538/1538 185/1523/1523 797/1537/1537
f 797/1537/1537 185/1523/1523 214/1524/1524
f 797/1537/1537 214/1524/1524 806/1536/1536
f 806/1536/1536 214/1524/1524 223/1525/1525
f 806/1536/1536 223/1525/1525 816/1535/1535
f 816/1535/1535 223/1525/1525 233/1526/1526
f 816/1535/1535 233/1526/1526 826/1534/1534
f 826/1534/1534 233/1526/1526 243/1527/1527
f 826/1534/1534 243/1527/1527 827/1533/1533
f 827/1533/1533 243/1527/1527 244/1528/1528
f 827/1533/1533 244/1528/1528 817/1532/1532
f 817/1532/1532 244/1528/1528 234/1529/1529
f 817/1532/1532 234/1529/1529 807/1531/1531
f 807/1531/1531 234/1529/1529 224/1530/1530
f 834/1542/1542 807/1543/1543 251/1541/1541
f 251/1541/1541 807/1543/1543 224/1544/1544
f 256/1545/1545 261/1546/1546 837/1548/1548
f 837/1548/1548 261/1546/1546 842/1547/1547
f 843/1550/1550 578/1576/1576 262/1549/1549
f 262/1549/1549 578/1576/1576 372/1573/1573
f 262/1549/1549 372/1573/1573 371/1574/1574
f 842/1551/1551 575/1563/1563 843/1550/1550
f 843/1550/1550 575/1563/1563 576/1564/1564
f 843/1550/1550 576/1564/1564 577/1575/1575
f 577/1575/1575 576/1564/1564 371/1574/1574
f 371/1574/1574 576/1564/1564 370/1561/1561
f 371/1574/1574 370/1561/1561 262/1549/1549
f 262/1549/1549 370/1561/1561 369/1562/1562
f 262/1549/1549 369/1562/1562 261/1552/1552
f 261/1552/1552 369/1562/1562 368/1553/1553
f 261/1552/1552 368/1553/1553 367/1554/1554
f 261/1552/1552 567/1571/1571 842/1551/1551
f 842/1551/1551 567/1571/1571 568/1572/1572
f 842/1551/1551 568/1572/1572 569/1559/1559
f 569/1559/1559 568/1572/1572 363/1558/1558
f 363/1558/1558 568/1572/1572 362/1569/1569
f 363/1558/1558 362/1569/1569 261/1552/1552
f 261/1552/1552 362/1569/1569 361/1570/1570
f 261/1552/1552 361/1570/1570 567/1571/1571
f 573/1555/1555 572/1568/1568 367/1554/1554
f 367/1554/1554 572/1568/1568 366/1565/1565
f 367/1554/1554 366/1565/1565 261/1552/1552
f 261/1552/1552 366/1565/1565 365/1566/1566
f 261/1552/1552 365/1566/1566 364/1557/1557
f 364/1557/1557 365/1566/1566 570/1560/1560
f 570/1560/1560 365/1566/1566 571/1567/1567
f 570/1560/1560 571/1567/1567 842/1551/1551
f 842/1551/1551 571/1567/1567 572/1568/1568
f 842/1551/1551 572/1568/1568 573/1555/1555
f 573/1555/1555 574/1556/1556 842/1551/1551
f 842/1551/1551 574/1556/1556 575/1563/1563
f 575/1563/1563 574/1556/1556 369/1562/1562
f 369/1562/1562 574/1556/1556 368/1553/1553
f 364/1557/1557 363/1558/1558 261/1552/1552
f 569/1559/1559 570/1560/1560 842/1551/1551
f 577/1575/1575 578/1576/1576 843/1550/1550
f 338/1578/1578 256/1603/1603 337/1577/1577
f 337/1577/1577 256/1603/1603 336/1590/1590
f 337/1577/1577 336/1590/1590 543/1580/1580
f 543/1580/1580 336/1590/1590 542/1591/1591
f 543/1580/1580 542/1591/1591 837/1604/1604
f 837/1604/1604 542/1591/1591 541/1592/1592
f 837/1604/1604 541/1592/1592 540/1583/1583
f 540/1583/1583 541/1592/1592 334/1582/1582
f 334/1582/1582 541/1592/1592 335/1589/1589
f 334/1582/1582 335/1589/1589 256/1603/1603
f 256/1603/1603 335/1589/1589 336/1590/1590
f 544/1579/1579 545/1588/1588 338/1578/1578
f 338/1578/1578 545/1588/1588 339/1585/1585
f 338/1578/1578 339/1585/1585 256/1603/1603
f 256/1603/1603 339/1585/1585 257/1602/1602
f 257/1602/1602 339/1585/1585 340/1586/1586
f 257/1602/1602 340/1586/1586 341/1597/1597
f 341/1597/1597 340/1586/1586 547/1600/1600
f 547/1600/1600 340/1586/1586 546/1587/1587
f 547/1600/1600 546/1587/1587 838/1601/1601
f 838/1601/1601 546/1587/1587 545/1588/1588
f 838/1601/1601 545/1588/1588 837/1604/1604
f 837/1604/1604 545/1588/1588 544/1579/1579
f 837/1604/1604 544/1579/1579 543/1580/1580
f 334/1582/1582 256/1603/1603 333/1581/1581
f 333/1581/1581 256/1603/1603 332/1594/1594
f 333/1581/1581 332/1594/1594 539/1584/1584
f 539/1584/1584 332/1594/1594 538/1595/1595
f 539/1584/1584 538/1595/1595 837/1604/1604
f 837/1604/1604 538/1595/1595 537/1596/1596
f 837/1604/1604 537/1596/1596 256/1603/1603
f 256/1603/1603 537/1596/1596 331/1593/1593
f 256/1603/1603 331/1593/1593 332/1594/1594
f 540/1583/1583 539/1584/1584 837/1604/1604
f 341/1597/1597 342/1598/1598 257/1602/1602
f 257/1602/1602 342/1598/1598 548/1599/1599
f 257/1602/1602 548/1599/1599 838/1601/1601
f 838/1601/1601 548/1599/1599 547/1600/1600
f 18/1606/1606 151/1607/1607 594/1605/1605
f 594/1605/1605 151/1607/1607 735/1608/1608
f 489/1610/1610 588/1611/1611 490/1609/1609
f 490/1609/1609 588/1611/1611 589/1612/1612
f 407/1613/1613 408/1614/1614 12/1616/1616
f 12/1616/1616 408/1614/1614 13/1615/1615
f 405/1618/1618 407/1619/1619 487/1617/1617
f 487/1617/1617 407/1619/1619 489/1628/1628
f 489/1628/1628 407/1619/1619 409/1622/1622
f 489/1628/1628 409/1622/1622 491/1625/1625
f 491/1625/1625 409/1622/1622 411/1623/1623
f 491/1625/1625 411/1623/1623 493/1624/1624
f 407/1619/1619 12/1620/1620 409/1622/1622
f 409/1622/1622 12/1620/1620 245/1621/1621
f 828/1626/1626 588/1627/1627 491/1625/1625
f 491/1625/1625 588/1627/1627 489/1628/1628
f 162/1629/1629 424/1630/1630 172/1648/1648
f 172/1648/1648 424/1630/1630 756/1644/1644
f 172/1648/1648 756/1644/1644 173/1647/1647
f 173/1647/1647 756/1644/1644 767/1645/1645
f 173/1647/1647 767/1645/1645 184/1646/1646
f 756/1644/1644 424/1630/1630 736/1643/1643
f 736/1643/1643 424/1630/1630 435/1631/1631
f 736/1643/1643 435/1631/1631 439/1632/1632
f 439/1632/1632 443/1633/1633 736/1643/1643
f 736/1643/1643 443/1633/1633 716/1642/1642
f 716/1642/1642 443/1633/1633 464/1634/1634
f 716/1642/1642 464/1634/1634 131/1635/1635
f 131/1635/1635 130/1636/1636 716/1642/1642
f 716/1642/1642 130/1636/1636 715/1641/1641
f 715/1641/1641 130/1636/1636 129/1637/1637
f 715/1641/1641 129/1637/1637 714/1640/1640
f 714/1640/1640 129/1637/1637 128/1638/1638
f 714/1640/1640 128/1638/1638 713/1639/1639
f 409/1650/1650 245/1651/1651 410/1649/1649
f 410/1649/1649 245/1651/1651 246/1652/1652
f 374/1672/1672 268/1653/1653 378/1671/1671
f 378/1671/1671 268/1653/1653 265/1654/1654
f 378/1671/1671 265/1654/1654 87/1655/1655
f 77/1656/1656 392/1669/1669 87/1655/1655
f 87/1655/1655 392/1669/1669 394/1670/1670
f 87/1655/1655 394/1670/1670 378/1671/1671
f 392/1669/1669 77/1656/1656 390/1668/1668
f 390/1668/1668 77/1656/1656 58/1657/1657
f 390/1668/1668 58/1657/1657 389/1667/1667
f 389/1667/1667 58/1657/1657 49/1658/1658
f 389/1667/1667 49/1658/1658 391/1666/1666
f 391/1666/1666 49/1658/1658 67/1659/1659
f 391/1666/1666 67/1659/1659 393/1665/1665
f 393/1665/1665 67/1659/1659 78/1660/1660
f 393/1665/1665 78/1660/1660 395/1664/1664
f 395/1664/1664 78/1660/1660 97/1661/1661
f 395/1664/1664 97/1661/1661 397/1663/1663
f 397/1663/1663 97/1661/1661 110/1662/1662
f 462/1673/1673 460/1674/1674 694/1692/1692
f 694/1692/1692 460/1674/1674 680/1691/1691
f 680/1691/1691 460/1674/1674 458/1675/1675
f 680/1691/1691 458/1675/1675 660/1690/1690
f 660/1690/1690 458/1675/1675 456/1676/1676
f 660/1690/1690 456/1676/1676 648/1689/1689
f 648/1689/1689 456/1676/1676 454/1677/1677
f 648/1689/1689 454/1677/1677 629/1688/1688
f 629/1688/1688 454/1677/1677 455/1678/1678
f 629/1688/1688 455/1678/1678 630/1687/1687
f 630/1687/1687 455/1678/1678 457/1679/1679
f 630/1687/1687 457/1679/1679 649/1686/1686
f 649/1686/1686 457/1679/1679 459/1680/1680
f 649/1686/1686 459/1680/1680 661/1685/1685
f 661/1685/1685 459/1680/1680 461/1681/1681
f 661/1685/1685 461/1681/1681 681/1684/1684
f 681/1684/1684 461/1681/1681 463/1682/1682
f 681/1684/1684 463/1682/1682 695/1683/1683
f 423/1693/1693 422/1694/1694 693/1696/1696
f 693/1696/1696 422/1694/1694 691/1695/1695
f 2/1698/1698 506/1703/1703 580/1697/1697
f 580/1697/1697 506/1703/1703 505/1704/1704
f 580/1697/1697 505/1704/1704 504/1715/1715
f 504/1715/1715 505/1704/1704 298/1714/1714
f 298/1714/1714 505/1704/1704 299/1701/1701
f 298/1714/1714 299/1701/1701 2/1698/1698
f 2/1698/1698 299/1701/1701 300/1702/1702
f 2/1698/1698 300/1702/1702 506/1703/1703
f 298/1714/1714 2/1698/1698 297/1713/1713
f 297/1713/1713 2/1698/1698 1/1699/1699
f 297/1713/1713 1/1699/1699 296/1722/1722
f 296/1722/1722 1/1699/1699 295/1721/1721
f 295/1721/1721 1/1699/1699 294/1710/1710
f 295/1721/1721 294/1710/1710 501/1724/1724
f 501/1724/1724 294/1710/1710 500/1711/1711
f 501/1724/1724 500/1711/1711 579/1700/1700
f 579/1700/1700 500/1711/1711 499/1712/1712
f 579/1700/1700 499/1712/1712 498/1719/1719
f 498/1719/1719 499/1712/1712 292/1718/1718
f 292/1718/1718 499/1712/1712 293/1709/1709
f 292/1718/1718 293/1709/1709 1/1699/1699
f 1/1699/1699 293/1709/1709 294/1710/1710
f 579/1700/1700 495/1708/1708 1/1699/1699
f 1/1699/1699 495/1708/1708 289/1705/1705
f 1/1699/1699 289/1705/1705 290/1706/1706
f 580/1697/1697 503/1716/1716 579/1700/1700
f 579/1700/1700 503/1716/1716 502/1723/1723
f 579/1700/1700 502/1723/1723 501/1724/1724
f 496/1707/1707 497/1720/1720 290/1706/1706
f 290/1706/1706 497/1720/1720 291/1717/1717
f 290/1706/1706 291/1717/1717 1/1699/1699
f 1/1699/1699 291/1717/1717 292/1718/1718
f 497/1720/1720 496/1707/1707 579/1700/1700
f 579/1700/1700 496/1707/1707 495/1708/1708
f 504/1715/1715 503/1716/1716 580/1697/1697
f 502/1723/1723 503/1716/1716 296/1722/1722
f 296/1722/1722 503/1716/1716 297/1713/1713
f 498/1719/1719 497/1720/1720 579/1700/1700
f 259/1726/1726 257/1731/1731 258/1725/1725
f 258/1725/1725 257/1731/1731 255/1732/1732
f 258/1725/1725 255/1732/1732 254/1733/1733
f 260/1727/1727 262/1728/1728 259/1726/1726
f 259/1726/1726 262/1728/1728 257/1731/1731
f 262/1728/1728 261/1729/1729 257/1731/1731
f 257/1731/1731 261/1729/1729 256/1730/1730
f 254/1733/1733 251/1734/1734 258/1725/1725
f 258/1725/1725 251/1734/1734 224/1735/1735
f 258/1725/1725 224/1735/1735 161/1975/1975
f 161/1975/1975 224/1735/1735 183/1974/1974
f 183/1974/1974 224/1735/1735 195/1973/1973
f 195/1973/1973 224/1735/1735 213/1972/1972
f 213/1972/1972 224/1735/1735 223/1740/1740
f 213/1972/1972 223/1740/1740 212/1971/1971
f 212/1971/1971 223/1740/1740 214/1741/1741
f 212/1971/1971 214/1741/1741 194/1970/1970
f 194/1970/1970 214/1741/1741 185/1742/1742
f 194/1970/1970 185/1742/1742 182/1969/1969
f 182/1969/1969 185/1742/1742 163/1743/1743
f 182/1969/1969 163/1743/1743 160/1968/1968
f 160/1968/1968 163/1743/1743 149/1744/1744
f 160/1968/1968 149/1744/1744 150/1967/1967
f 150/1967/1967 149/1744/1744 127/1966/1966
f 127/1966/1966 149/1744/1744 126/1745/1745
f 127/1966/1966 126/1745/1745 105/1746/1746
f 223/1740/1740 224/1735/1735 233/1739/1739
f 233/1739/1739 224/1735/1735 234/1736/1736
f 233/1739/1739 234/1736/1736 243/1738/1738
f 243/1738/1738 234/1736/1736 244/1737/1737
f 127/1966/1966 105/1746/1746 95/1965/1965
f 95/1965/1965 105/1746/1746 86/1747/1747
f 95/1965/1965 86/1747/1747 66/1964/1964
f 66/1964/1964 86/1747/1747 76/1748/1748
f 66/1964/1964 76/1748/1748 47/1963/1963
f 47/1963/1963 76/1748/1748 57/1749/1749
f 47/1963/1963 57/1749/1749 56/1750/1750
f 47/1963/1963 56/1750/1750 46/1957/1957
f 46/1957/1957 56/1750/1750 75/1751/1751
f 46/1957/1957 75/1751/1751 65/1956/1956
f 65/1956/1956 75/1751/1751 85/1752/1752
f 65/1956/1956 85/1752/1752 94/1955/1955
f 94/1955/1955 85/1752/1752 104/1753/1753
f 94/1955/1955 104/1753/1753 124/1954/1954
f 124/1954/1954 104/1753/1753 125/1754/1754
f 124/1954/1954 125/1754/1754 147/1953/1953
f 147/1953/1953 125/1754/1754 148/1755/1755
f 147/1953/1953 148/1755/1755 159/1952/1952
f 159/1952/1952 148/1755/1755 171/1756/1756
f 159/1952/1952 171/1756/1756 181/1951/1951
f 181/1951/1951 171/1756/1756 203/1757/1757
f 181/1951/1951 203/1757/1757 193/1950/1950
f 193/1950/1950 203/1757/1757 222/1758/1758
f 193/1950/1950 222/1758/1758 211/1949/1949
f 211/1949/1949 222/1758/1758 221/1764/1764
f 211/1949/1949 221/1764/1764 210/1948/1948
f 210/1948/1948 221/1764/1764 192/1947/1947
f 192/1947/1947 221/1764/1764 202/1765/1765
f 192/1947/1947 202/1765/1765 180/1946/1946
f 180/1946/1946 202/1765/1765 170/1766/1766
f 180/1946/1946 170/1766/1766 158/1945/1945
f 158/1945/1945 170/1766/1766 145/1767/1767
f 158/1945/1945 145/1767/1767 146/1944/1944
f 146/1944/1944 145/1767/1767 123/1943/1943
f 123/1943/1943 145/1767/1767 122/1768/1768
f 123/1943/1943 122/1768/1768 103/1769/1769
f 221/1764/1764 222/1758/1758 231/1763/1763
f 231/1763/1763 222/1758/1758 232/1759/1759
f 231/1763/1763 232/1759/1759 241/1762/1762
f 241/1762/1762 232/1759/1759 242/1760/1760
f 241/1762/1762 242/1760/1760 250/1761/1761
f 123/1943/1943 103/1769/1769 93/1942/1942
f 93/1942/1942 103/1769/1769 84/1770/1770
f 93/1942/1942 84/1770/1770 64/1941/1941
f 64/1941/1941 84/1770/1770 74/1771/1771
f 64/1941/1941 74/1771/1771 45/1940/1940
f 45/1940/1940 74/1771/1771 55/1772/1772
f 45/1940/1940 55/1772/1772 54/1773/1773
f 45/1940/1940 54/1773/1773 44/1934/1934
f 44/1934/1934 54/1773/1773 73/1774/1774
f 44/1934/1934 73/1774/1774 63/1933/1933
f 63/1933/1933 73/1774/1774 83/1775/1775
f 63/1933/1933 83/1775/1775 92/1932/1932
f 92/1932/1932 83/1775/1775 102/1776/1776
f 92/1932/1932 102/1776/1776 120/1931/1931
f 120/1931/1931 102/1776/1776 121/1777/1777
f 120/1931/1931 121/1777/1777 143/1930/1930
f 143/1930/1930 121/1777/1777 144/1778/1778
f 143/1930/1930 144/1778/1778 157/1929/1929
f 157/1929/1929 144/1778/1778 169/1779/1779
f 157/1929/1929 169/1779/1779 179/1928/1928
f 179/1928/1928 169/1779/1779 201/1780/1780
f 179/1928/1928 201/1780/1780 191/1927/1927
f 191/1927/1927 201/1780/1780 220/1781/1781
f 191/1927/1927 220/1781/1781 209/1926/1926
f 209/1926/1926 220/1781/1781 219/1787/1787
f 209/1926/1926 219/1787/1787 208/1925/1925
f 208/1925/1925 219/1787/1787 190/1924/1924
f 190/1924/1924 219/1787/1787 200/1788/1788
f 190/1924/1924 200/1788/1788 178/1923/1923
f 178/1923/1923 200/1788/1788 168/1789/1789
f 178/1923/1923 168/1789/1789 156/1922/1922
f 156/1922/1922 168/1789/1789 141/1790/1790
f 156/1922/1922 141/1790/1790 142/1921/1921
f 142/1921/1921 141/1790/1790 119/1920/1920
f 119/1920/1920 141/1790/1790 118/1791/1791
f 119/1920/1920 118/1791/1791 101/1792/1792
f 219/1787/1787 220/1781/1781 229/1786/1786
f 229/1786/1786 220/1781/1781 230/1782/1782
f 229/1786/1786 230/1782/1782 239/1785/1785
f 239/1785/1785 230/1782/1782 240/1783/1783
f 239/1785/1785 240/1783/1783 249/1784/1784
f 119/1920/1920 101/1792/1792 91/1919/1919
f 91/1919/1919 101/1792/1792 82/1793/1793
f 91/1919/1919 82/1793/1793 62/1918/1918
f 62/1918/1918 82/1793/1793 72/1794/1794
f 62/1918/1918 72/1794/1794 43/1917/1917
f 43/1917/1917 72/1794/1794 53/1795/1795
f 43/1917/1917 53/1795/1795 52/1796/1796
f 43/1917/1917 52/1796/1796 42/1911/1911
f 42/1911/1911 52/1796/1796 71/1797/1797
f 42/1911/1911 71/1797/1797 61/1910/1910
f 61/1910/1910 71/1797/1797 81/1798/1798
f 61/1910/1910 81/1798/1798 90/1909/1909
f 90/1909/1909 81/1798/1798 100/1799/1799
f 90/1909/1909 100/1799/1799 116/1908/1908
f 116/1908/1908 100/1799/1799 117/1800/1800
f 116/1908/1908 117/1800/1800 139/1907/1907
f 139/1907/1907 117/1800/1800 140/1801/1801
f 139/1907/1907 140/1801/1801 155/1906/1906
f 155/1906/1906 140/1801/1801 167/1802/1802
f 155/1906/1906 167/1802/1802 177/1905/1905
f 177/1905/1905 167/1802/1802 199/1803/1803
f 177/1905/1905 199/1803/1803 189/1904/1904
f 189/1904/1904 199/1803/1803 218/1804/1804
f 189/1904/1904 218/1804/1804 207/1903/1903
f 207/1903/1903 218/1804/1804 217/1810/1810
f 207/1903/1903 217/1810/1810 206/1902/1902
f 206/1902/1902 217/1810/1810 188/1901/1901
f 188/1901/1901 217/1810/1810 198/1811/1811
f 188/1901/1901 198/1811/1811 176/1900/1900
f 176/1900/1900 198/1811/1811 166/1812/1812
f 176/1900/1900 166/1812/1812 154/1899/1899
f 154/1899/1899 166/1812/1812 137/1813/1813
f 154/1899/1899 137/1813/1813 138/1898/1898
f 138/1898/1898 137/1813/1813 115/1897/1897
f 115/1897/1897 137/1813/1813 114/1814/1814
f 115/1897/1897 114/1814/1814 99/1815/1815
f 217/1810/1810 218/1804/1804 227/1809/1809
f 227/1809/1809 218/1804/1804 228/1805/1805
f 227/1809/1809 228/1805/1805 237/1808/1808
f 237/1808/1808 228/1805/1805 238/1806/1806
f 237/1808/1808 238/1806/1806 248/1807/1807
f 115/1897/1897 99/1815/1815 89/1896/1896
f 89/1896/1896 99/1815/1815 80/1816/1816
f 89/1896/1896 80/1816/1816 60/1895/1895
f 60/1895/1895 80/1816/1816 70/1817/1817
f 60/1895/1895 70/1817/1817 41/1894/1894
f 41/1894/1894 70/1817/1817 51/1818/1818
f 41/1894/1894 51/1818/1818 50/1819/1819
f 41/1894/1894 50/1819/1819 40/1888/1888
f 40/1888/1888 50/1819/1819 69/1820/1820
f 40/1888/1888 69/1820/1820 59/1887/1887
f 59/1887/1887 69/1820/1820 79/1821/1821
f 59/1887/1887 79/1821/1821 88/1886/1886
f 88/1886/1886 79/1821/1821 98/1822/1822
f 88/1886/1886 98/1822/1822 112/1885/1885
f 112/1885/1885 98/1822/1822 113/1823/1823
f 112/1885/1885 113/1823/1823 135/1884/1884
f 135/1884/1884 113/1823/1823 136/1824/1824
f 135/1884/1884 136/1824/1824 153/1883/1883
f 153/1883/1883 136/1824/1824 165/1825/1825
f 153/1883/1883 165/1825/1825 175/1882/1882
f 175/1882/1882 165/1825/1825 197/1826/1826
f 175/1882/1882 197/1826/1826 187/1881/1881
f 187/1881/1881 197/1826/1826 216/1827/1827
f 187/1881/1881 216/1827/1827 205/1880/1880
f 205/1880/1880 216/1827/1827 215/1833/1833
f 205/1880/1880 215/1833/1833 204/1879/1879
f 204/1879/1879 215/1833/1833 186/1878/1878
f 186/1878/1878 215/1833/1833 196/1834/1834
f 186/1878/1878 196/1834/1834 174/1877/1877
f 174/1877/1877 196/1834/1834 164/1835/1835
f 174/1877/1877 164/1835/1835 152/1876/1876
f 152/1876/1876 164/1835/1835 133/1836/1836
f 152/1876/1876 133/1836/1836 134/1875/1875
f 134/1875/1875 133/1836/1836 111/1874/1874
f 111/1874/1874 133/1836/1836 110/1837/1837
f 111/1874/1874 110/1837/1837 97/1838/1838
f 215/1833/1833 216/1827/1827 225/1832/1832
f 225/1832/1832 216/1827/1827 226/1828/1828
f 225/1832/1832 226/1828/1828 235/1831/1831
f 235/1831/1831 226/1828/1828 236/1829/1829
f 235/1831/1831 236/1829/1829 247/1830/1830
f 111/1874/1874 97/1838/1838 96/1873/1873
f 96/1873/1873 97/1838/1838 78/1839/1839
f 96/1873/1873 78/1839/1839 68/1872/1872
f 68/1872/1872 78/1839/1839 67/1840/1840
f 68/1872/1872 67/1840/1840 48/1871/1871
f 48/1871/1871 67/1840/1840 49/1841/1841
f 48/1871/1871 49/1841/1841 39/1870/1870
f 39/1870/1870 49/1841/1841 30/1866/1866
f 39/1870/1870 30/1866/1866 29/1869/1869
f 29/1869/1869 30/1866/1866 20/1867/1867
f 29/1869/1869 20/1867/1867 19/1868/1868
f 49/1841/1841 58/1842/1842 30/1866/1866
f 30/1866/1866 58/1842/1842 77/1843/1843
f 30/1866/1866 77/1843/1843 9/1864/1864
f 9/1864/1864 77/1843/1843 87/1844/1844
f 9/1864/1864 87/1844/1844 107/1863/1863
f 107/1863/1863 87/1844/1844 108/1846/1846
f 107/1863/1863 108/1846/1846 106/1862/1862
f 106/1862/1862 108/1846/1846 128/1847/1847
f 106/1862/1862 128/1847/1847 129/1848/1848
f 87/1844/1844 109/1845/1845 108/1846/1846
f 106/1862/1862 129/1848/1848 184/1857/1857
f 184/1857/1857 129/1848/1848 130/1849/1849
f 184/1857/1857 130/1849/1849 131/1850/1850
f 184/1857/1857 131/1850/1850 162/1854/1854
f 162/1854/1854 131/1850/1850 132/1851/1851
f 162/1854/1854 132/1851/1851 253/1852/1852
f 253/1852/1852 252/1853/1853 162/1854/1854
f 162/1854/1854 172/1855/1855 184/1857/1857
f 184/1857/1857 172/1855/1855 173/1856/1856
f 246/1858/1858 245/1859/1859 184/1857/1857
f 184/1857/1857 245/1859/1859 106/1862/1862
f 245/1859/1859 12/1860/1860 106/1862/1862
f 106/1862/1862 12/1860/1860 13/1861/1861
f 9/1864/1864 10/1865/1865 30/1866/1866
f 41/1894/1894 40/1888/1888 32/1893/1893
f 32/1893/1893 40/1888/1888 31/1889/1889
f 32/1893/1893 31/1889/1889 22/1892/1892
f 22/1892/1892 31/1889/1889 21/1890/1890
f 22/1892/1892 21/1890/1890 14/1891/1891
f 43/1917/1917 42/1911/1911 34/1916/1916
f 34/1916/1916 42/1911/1911 33/1912/1912
f 34/1916/1916 33/1912/1912 24/1915/1915
f 24/1915/1915 33/1912/1912 23/1913/1913
f 24/1915/1915 23/1913/1913 15/1914/1914
f 45/1940/1940 44/1934/1934 36/1939/1939
f 36/1939/1939 44/1934/1934 35/1935/1935
f 36/1939/1939 35/1935/1935 26/1938/1938
f 26/1938/1938 35/1935/1935 25/1936/1936
f 26/1938/1938 25/1936/1936 16/1937/1937
f 47/1963/1963 46/1957/1957 38/1962/1962
f 38/1962/1962 46/1957/1957 37/1958/1958
f 38/1962/1962 37/1958/1958 28/1961/1961
f 28/1961/1961 37/1958/1958 27/1959/1959
f 28/1961/1961 27/1959/1959 17/1960/1960
f 161/1975/1975 151/1976/1976 258/1725/1725
f 258/1725/1725 151/1976/1976 5/1986/1986
f 5/1986/1986 151/1976/1976 18/1977/1977
f 5/1986/1986 18/1977/1977 11/1978/1978
f 11/1978/1978 8/1979/1979 5/1986/1986
f 5/1986/1986 8/1979/1979 7/1980/1980
f 5/1986/1986 7/1980/1980 4/1985/1985
f 4/1985/1985 7/1980/1980 2/1983/1983
f 4/1985/1985 2/1983/1983 3/1984/1984
f 6/1981/1981 1/1982/1982 7/1980/1980
f 7/1980/1980 1/1982/1982 2/1983/1983
f 258/1988/1988 5/1989/1989 839/1987/1987
f 839/1987/1987 5/1989/1989 583/1990/1990
# 843 vertices
# 1990 texture params
# 1990 normals
# 1734 facets

# 1 groups
